Asset_ID,Asset_Name,Asset_Type,Hazard_Type,AI_Risk_Score,Hazard_Severity,Dependency_Count,Avg_Dependency_Strength,Avg_Distance_km,Risk_Level
HOS_1,Apex Kidney Care Pvt. Ltd.,Hospital,Flood,74.16247797412278,100.0,0.0,0.0,0.0,High
HOS_1,Apex Kidney Care Pvt. Ltd.,Hospital,Geomagnetic,74.16247797412278,100.0,0.0,0.0,0.0,High
HOS_1,Apex Kidney Care Pvt. Ltd.,Hospital,Heat,74.16247797412278,100.0,0.0,0.0,0.0,High
HOS_10,Dr Telangs Dhanvantari Hospital,Hospital,Flood,74.16247797412278,100.0,0.0,0.0,0.0,High
HOS_10,Dr Telangs Dhanvantari Hospital,Hospital,Geomagnetic,74.16247797412278,100.0,0.0,0.0,0.0,High
HOS_10,Dr Telangs Dhanvantari Hospital,Hospital,Heat,74.16247797412278,100.0,0.0,0.0,0.0,High
HOS_100,Swastik Nursing Home,Hospital,Flood,70.6059008521143,100.0,0.0,0.0,0.0,High
HOS_100,Swastik Nursing Home,Hospital,Geomagnetic,70.6059008521143,100.0,0.0,0.0,0.0,High
HOS_100,Swastik Nursing Home,Hospital,Heat,70.6059008521143,100.0,0.0,0.0,0.0,High
HOS_1000,H. J. Doshi Ghatkopar Hindu Sabha Hospital,Hospital,Flood,70.27751494593949,100.0,0.0,0.0,0.0,High
HOS_1000,H. J. Doshi Ghatkopar Hindu Sabha Hospital,Hospital,Geomagnetic,70.27751494593949,100.0,0.0,0.0,0.0,High
HOS_1000,H. J. Doshi Ghatkopar Hindu Sabha Hospital,Hospital,Heat,70.27751494593949,100.0,0.0,0.0,0.0,High
HOS_1001,Harilal Jechand Doshi Ghotkopar Hindu Sabha Hospit,Hospital,Flood,70.55711964407584,100.0,0.0,0.0,0.0,High
HOS_1001,Harilal Jechand Doshi Ghotkopar Hindu Sabha Hospit,Hospital,Geomagnetic,70.55711964407584,100.0,0.0,0.0,0.0,High
HOS_1001,Harilal Jechand Doshi Ghotkopar Hindu Sabha Hospit,Hospital,Heat,70.55711964407584,100.0,0.0,0.0,0.0,High
HOS_1002,Jeevan Jyot Hospital,Hospital,Flood,74.56083977080468,100.0,0.0,0.0,0.0,High
HOS_1002,Jeevan Jyot Hospital,Hospital,Geomagnetic,74.56083977080468,100.0,0.0,0.0,0.0,High
HOS_1002,Jeevan Jyot Hospital,Hospital,Heat,74.56083977080468,100.0,0.0,0.0,0.0,High
HOS_1003,Jeevandeep Children Hospital,Hospital,Flood,70.46276976913077,100.0,0.0,0.0,0.0,High
HOS_1003,Jeevandeep Children Hospital,Hospital,Geomagnetic,70.46276976913077,100.0,0.0,0.0,0.0,High
HOS_1003,Jeevandeep Children Hospital,Hospital,Heat,70.46276976913077,100.0,0.0,0.0,0.0,High
HOS_1004,Jivdaya Hospital,Hospital,Flood,70.78888406092612,100.0,0.0,0.0,0.0,High
HOS_1004,Jivdaya Hospital,Hospital,Geomagnetic,70.78888406092612,100.0,0.0,0.0,0.0,High
HOS_1004,Jivdaya Hospital,Hospital,Heat,70.78888406092612,100.0,0.0,0.0,0.0,High
HOS_1005,Kedia Nursing Home,Hospital,Flood,70.4919983227194,100.0,0.0,0.0,0.0,High
HOS_1005,Kedia Nursing Home,Hospital,Geomagnetic,70.4919983227194,100.0,0.0,0.0,0.0,High
HOS_1005,Kedia Nursing Home,Hospital,Heat,70.4919983227194,100.0,0.0,0.0,0.0,High
HOS_1006,Matangi Nursing Home,Hospital,Flood,70.43260993833641,100.0,0.0,0.0,0.0,High
HOS_1006,Matangi Nursing Home,Hospital,Geomagnetic,70.43260993833641,100.0,0.0,0.0,0.0,High
HOS_1006,Matangi Nursing Home,Hospital,Heat,70.43260993833641,100.0,0.0,0.0,0.0,High
HOS_1007,Medico Surgical Clinic And Hospital,Hospital,Flood,70.37783454749147,100.0,0.0,0.0,0.0,High
HOS_1007,Medico Surgical Clinic And Hospital,Hospital,Geomagnetic,70.37783454749147,100.0,0.0,0.0,0.0,High
HOS_1007,Medico Surgical Clinic And Hospital,Hospital,Heat,70.37783454749147,100.0,0.0,0.0,0.0,High
HOS_1008,Navnirman Maternity And Surgical Hospital,Hospital,Flood,70.46276976913077,100.0,0.0,0.0,0.0,High
HOS_1008,Navnirman Maternity And Surgical Hospital,Hospital,Geomagnetic,70.46276976913077,100.0,0.0,0.0,0.0,High
HOS_1008,Navnirman Maternity And Surgical Hospital,Hospital,Heat,70.46276976913077,100.0,0.0,0.0,0.0,High
HOS_1009,Noble Hospital,Hospital,Flood,70.4919983227194,100.0,0.0,0.0,0.0,High
HOS_1009,Noble Hospital,Hospital,Geomagnetic,70.4919983227194,100.0,0.0,0.0,0.0,High
HOS_1009,Noble Hospital,Hospital,Heat,70.4919983227194,100.0,0.0,0.0,0.0,High
HOS_101,M.H. Saboo Siddique Maternity and General Hospital - Masjid,Hospital,Flood,77.23459562987956,100.0,0.0,0.0,0.0,Critical
HOS_101,M.H. Saboo Siddique Maternity and General Hospital - Masjid,Hospital,Geomagnetic,77.23459562987956,100.0,0.0,0.0,0.0,Critical
HOS_101,M.H. Saboo Siddique Maternity and General Hospital - Masjid,Hospital,Heat,77.23459562987956,100.0,0.0,0.0,0.0,Critical
HOS_1010,Nulife Hospital,Hospital,Flood,70.4919983227194,100.0,0.0,0.0,0.0,High
HOS_1010,Nulife Hospital,Hospital,Geomagnetic,70.4919983227194,100.0,0.0,0.0,0.0,High
HOS_1010,Nulife Hospital,Hospital,Heat,70.4919983227194,100.0,0.0,0.0,0.0,High
HOS_1011,Psychiatric Clinic and Rehabiliation Centre,Hospital,Flood,70.4919983227194,100.0,0.0,0.0,0.0,High
HOS_1011,Psychiatric Clinic and Rehabiliation Centre,Hospital,Geomagnetic,70.4919983227194,100.0,0.0,0.0,0.0,High
HOS_1011,Psychiatric Clinic and Rehabiliation Centre,Hospital,Heat,70.4919983227194,100.0,0.0,0.0,0.0,High
HOS_1012,Pushpak Maternity and Nursing Home,Hospital,Flood,71.14687856662724,100.0,0.0,0.0,0.0,High
HOS_1012,Pushpak Maternity and Nursing Home,Hospital,Geomagnetic,71.14687856662724,100.0,0.0,0.0,0.0,High
HOS_1012,Pushpak Maternity and Nursing Home,Hospital,Heat,71.14687856662724,100.0,0.0,0.0,0.0,High
HOS_1013,Sanghavi Eye Clinic,Hospital,Flood,70.43952999565201,100.0,0.0,0.0,0.0,High
HOS_1013,Sanghavi Eye Clinic,Hospital,Geomagnetic,70.43952999565201,100.0,0.0,0.0,0.0,High
HOS_1013,Sanghavi Eye Clinic,Hospital,Heat,70.43952999565201,100.0,0.0,0.0,0.0,High
HOS_1014,Sanjeevani Nursing Home,Hospital,Flood,70.46952418413986,100.0,0.0,0.0,0.0,High
HOS_1014,Sanjeevani Nursing Home,Hospital,Geomagnetic,70.46952418413986,100.0,0.0,0.0,0.0,High
HOS_1014,Sanjeevani Nursing Home,Hospital,Heat,70.46952418413986,100.0,0.0,0.0,0.0,High
HOS_1015,Sapna Health Care Centre Pvt Ltd,Hospital,Flood,70.4919983227194,100.0,0.0,0.0,0.0,High
HOS_1015,Sapna Health Care Centre Pvt Ltd,Hospital,Geomagnetic,70.4919983227194,100.0,0.0,0.0,0.0,High
HOS_1015,Sapna Health Care Centre Pvt Ltd,Hospital,Heat,70.4919983227194,100.0,0.0,0.0,0.0,High
HOS_1016,Sarita Eye Clinic,Hospital,Flood,70.37783454749147,100.0,0.0,0.0,0.0,High
HOS_1016,Sarita Eye Clinic,Hospital,Geomagnetic,70.37783454749147,100.0,0.0,0.0,0.0,High
HOS_1016,Sarita Eye Clinic,Hospital,Heat,70.37783454749147,100.0,0.0,0.0,0.0,High
HOS_1017,Shakunntala Maternity and Surgical Home,Hospital,Flood,70.4919983227194,100.0,0.0,0.0,0.0,High
HOS_1017,Shakunntala Maternity and Surgical Home,Hospital,Geomagnetic,70.4919983227194,100.0,0.0,0.0,0.0,High
HOS_1017,Shakunntala Maternity and Surgical Home,Hospital,Heat,70.4919983227194,100.0,0.0,0.0,0.0,High
HOS_1018,Shankutala Maternity and Surgical Home,Hospital,Flood,70.4919983227194,100.0,0.0,0.0,0.0,High
HOS_1018,Shankutala Maternity and Surgical Home,Hospital,Geomagnetic,70.4919983227194,100.0,0.0,0.0,0.0,High
HOS_1018,Shankutala Maternity and Surgical Home,Hospital,Heat,70.4919983227194,100.0,0.0,0.0,0.0,High
HOS_1019,Shanti Nursing Home,Hospital,Flood,70.46276976913077,100.0,0.0,0.0,0.0,High
HOS_1019,Shanti Nursing Home,Hospital,Geomagnetic,70.46276976913077,100.0,0.0,0.0,0.0,High
HOS_1019,Shanti Nursing Home,Hospital,Heat,70.46276976913077,100.0,0.0,0.0,0.0,High
HOS_102,Gokul Hospital,Hospital,Flood,69.72262511072523,100.0,0.0,0.0,0.0,High
HOS_102,Gokul Hospital,Hospital,Geomagnetic,69.72262511072523,100.0,0.0,0.0,0.0,High
HOS_102,Gokul Hospital,Hospital,Heat,69.72262511072523,100.0,0.0,0.0,0.0,High
HOS_1020,Shradha Heart Hospital,Hospital,Flood,71.19805529504629,100.0,0.0,0.0,0.0,High
HOS_1020,Shradha Heart Hospital,Hospital,Geomagnetic,71.19805529504629,100.0,0.0,0.0,0.0,High
HOS_1020,Shradha Heart Hospital,Hospital,Heat,71.19805529504629,100.0,0.0,0.0,0.0,High
HOS_1021,Shree Nagher Samaj Sanchalit Hospital,Hospital,Flood,70.46276976913077,100.0,0.0,0.0,0.0,High
HOS_1021,Shree Nagher Samaj Sanchalit Hospital,Hospital,Geomagnetic,70.46276976913077,100.0,0.0,0.0,0.0,High
HOS_1021,Shree Nagher Samaj Sanchalit Hospital,Hospital,Heat,70.46276976913077,100.0,0.0,0.0,0.0,High
HOS_1022,Shree Sukh Shanti Hospital,Hospital,Flood,74.16247797412278,100.0,0.0,0.0,0.0,High
HOS_1022,Shree Sukh Shanti Hospital,Hospital,Geomagnetic,74.16247797412278,100.0,0.0,0.0,0.0,High
HOS_1022,Shree Sukh Shanti Hospital,Hospital,Heat,74.16247797412278,100.0,0.0,0.0,0.0,High
HOS_1023,Suyog Urology Centre,Hospital,Flood,70.46276976913077,100.0,0.0,0.0,0.0,High
HOS_1023,Suyog Urology Centre,Hospital,Geomagnetic,70.46276976913077,100.0,0.0,0.0,0.0,High
HOS_1023,Suyog Urology Centre,Hospital,Heat,70.46276976913077,100.0,0.0,0.0,0.0,High
HOS_1024,Thakur Eye Clinic - Ghatkopar,Hospital,Flood,70.4919983227194,100.0,0.0,0.0,0.0,High
HOS_1024,Thakur Eye Clinic - Ghatkopar,Hospital,Geomagnetic,70.4919983227194,100.0,0.0,0.0,0.0,High
HOS_1024,Thakur Eye Clinic - Ghatkopar,Hospital,Heat,70.4919983227194,100.0,0.0,0.0,0.0,High
HOS_1025,Vaibhav Polyclinic and Siddharth Nursing Home,Hospital,Flood,70.27675741896459,100.0,0.0,0.0,0.0,High
HOS_1025,Vaibhav Polyclinic and Siddharth Nursing Home,Hospital,Geomagnetic,70.27675741896459,100.0,0.0,0.0,0.0,High
HOS_1025,Vaibhav Polyclinic and Siddharth Nursing Home,Hospital,Heat,70.27675741896459,100.0,0.0,0.0,0.0,High
HOS_1026,Vatsalya Maternity and Surgical Nursing Home,Hospital,Flood,72.22936902974956,100.0,0.0,0.0,0.0,High
HOS_1026,Vatsalya Maternity and Surgical Nursing Home,Hospital,Geomagnetic,72.22936902974956,100.0,0.0,0.0,0.0,High
HOS_1026,Vatsalya Maternity and Surgical Nursing Home,Hospital,Heat,72.22936902974956,100.0,0.0,0.0,0.0,High
HOS_1027,Zynova Heartcare Pvt. Ltd. / The Metropolitan Heart Institute And Research Centre,Hospital,Flood,70.46276976913077,100.0,0.0,0.0,0.0,High
HOS_1027,Zynova Heartcare Pvt. Ltd. / The Metropolitan Heart Institute And Research Centre,Hospital,Geomagnetic,70.46276976913077,100.0,0.0,0.0,0.0,High
HOS_1027,Zynova Heartcare Pvt. Ltd. / The Metropolitan Heart Institute And Research Centre,Hospital,Heat,70.46276976913077,100.0,0.0,0.0,0.0,High
HOS_1028,Kallash Jeevan Hospital,Hospital,Flood,73.92319073884079,100.0,0.0,0.0,0.0,High
HOS_1028,Kallash Jeevan Hospital,Hospital,Geomagnetic,73.92319073884079,100.0,0.0,0.0,0.0,High
HOS_1028,Kallash Jeevan Hospital,Hospital,Heat,73.92319073884079,100.0,0.0,0.0,0.0,High
HOS_1029,Nova Medical Centres Private Limited,Hospital,Flood,72.69628073127905,100.0,0.0,0.0,0.0,High
HOS_1029,Nova Medical Centres Private Limited,Hospital,Geomagnetic,72.69628073127905,100.0,0.0,0.0,0.0,High
HOS_1029,Nova Medical Centres Private Limited,Hospital,Heat,72.69628073127905,100.0,0.0,0.0,0.0,High
HOS_103,Prince Aly Khan Hospital,Hospital,Flood,75.81963588827666,100.0,0.0,0.0,0.0,Critical
HOS_103,Prince Aly Khan Hospital,Hospital,Geomagnetic,75.81963588827666,100.0,0.0,0.0,0.0,Critical
HOS_103,Prince Aly Khan Hospital,Hospital,Heat,75.81963588827666,100.0,0.0,0.0,0.0,Critical
HOS_1030,Platinum Hospital,Hospital,Flood,74.16247797412278,100.0,0.0,0.0,0.0,High
HOS_1030,Platinum Hospital,Hospital,Geomagnetic,74.16247797412278,100.0,0.0,0.0,0.0,High
HOS_1030,Platinum Hospital,Hospital,Heat,74.16247797412278,100.0,0.0,0.0,0.0,High
HOS_1031,Shraddha Hospital,Hospital,Flood,77.11452374177226,100.0,0.0,0.0,0.0,Critical
HOS_1031,Shraddha Hospital,Hospital,Geomagnetic,77.11452374177226,100.0,0.0,0.0,0.0,Critical
HOS_1031,Shraddha Hospital,Hospital,Heat,77.11452374177226,100.0,0.0,0.0,0.0,Critical
HOS_1032,The Bhatti Eye Clinic,Hospital,Flood,74.16247797412278,100.0,0.0,0.0,0.0,High
HOS_1032,The Bhatti Eye Clinic,Hospital,Geomagnetic,74.16247797412278,100.0,0.0,0.0,0.0,High
HOS_1032,The Bhatti Eye Clinic,Hospital,Heat,74.16247797412278,100.0,0.0,0.0,0.0,High
HOS_1033,Disha Psychiatric Clinic,Hospital,Flood,72.69628073127905,100.0,0.0,0.0,0.0,High
HOS_1033,Disha Psychiatric Clinic,Hospital,Geomagnetic,72.69628073127905,100.0,0.0,0.0,0.0,High
HOS_1033,Disha Psychiatric Clinic,Hospital,Heat,72.69628073127905,100.0,0.0,0.0,0.0,High
HOS_1034,Dr Chauhans Sanjeevani Hospital,Hospital,Flood,74.16247797412278,100.0,0.0,0.0,0.0,High
HOS_1034,Dr Chauhans Sanjeevani Hospital,Hospital,Geomagnetic,74.16247797412278,100.0,0.0,0.0,0.0,High
HOS_1034,Dr Chauhans Sanjeevani Hospital,Hospital,Heat,74.16247797412278,100.0,0.0,0.0,0.0,High
HOS_1035,Dr Indumati Gopinathan Computerised Laboratory,Hospital,Flood,72.69628073127905,100.0,0.0,0.0,0.0,High
HOS_1035,Dr Indumati Gopinathan Computerised Laboratory,Hospital,Geomagnetic,72.69628073127905,100.0,0.0,0.0,0.0,High
HOS_1035,Dr Indumati Gopinathan Computerised Laboratory,Hospital,Heat,72.69628073127905,100.0,0.0,0.0,0.0,High
HOS_1036,Kapoor Eye Center,Hospital,Flood,68.20199255607885,100.0,0.0,0.0,0.0,High
HOS_1036,Kapoor Eye Center,Hospital,Geomagnetic,68.20199255607885,100.0,0.0,0.0,0.0,High
HOS_1036,Kapoor Eye Center,Hospital,Heat,68.20199255607885,100.0,0.0,0.0,0.0,High
HOS_1037,Priya Maternity Home,Hospital,Flood,74.02072645682425,100.0,0.0,0.0,0.0,High
HOS_1037,Priya Maternity Home,Hospital,Geomagnetic,74.02072645682425,100.0,0.0,0.0,0.0,High
HOS_1037,Priya Maternity Home,Hospital,Heat,74.02072645682425,100.0,0.0,0.0,0.0,High
HOS_1038,Rane Hospital,Hospital,Flood,72.69628073127905,100.0,0.0,0.0,0.0,High
HOS_1038,Rane Hospital,Hospital,Geomagnetic,72.69628073127905,100.0,0.0,0.0,0.0,High
HOS_1038,Rane Hospital,Hospital,Heat,72.69628073127905,100.0,0.0,0.0,0.0,High
HOS_1039,Rushi Nursing Home,Hospital,Flood,72.69628073127905,100.0,0.0,0.0,0.0,High
HOS_1039,Rushi Nursing Home,Hospital,Geomagnetic,72.69628073127905,100.0,0.0,0.0,0.0,High
HOS_1039,Rushi Nursing Home,Hospital,Heat,72.69628073127905,100.0,0.0,0.0,0.0,High
HOS_104,Sai Raj Hospital,Hospital,Flood,74.16247797412278,100.0,0.0,0.0,0.0,High
HOS_104,Sai Raj Hospital,Hospital,Geomagnetic,74.16247797412278,100.0,0.0,0.0,0.0,High
HOS_104,Sai Raj Hospital,Hospital,Heat,74.16247797412278,100.0,0.0,0.0,0.0,High
HOS_1040,Shramik Nursing Home,Hospital,Flood,71.69526909946593,100.0,0.0,0.0,0.0,High
HOS_1040,Shramik Nursing Home,Hospital,Geomagnetic,71.69526909946593,100.0,0.0,0.0,0.0,High
HOS_1040,Shramik Nursing Home,Hospital,Heat,71.69526909946593,100.0,0.0,0.0,0.0,High
HOS_1041,Bhargav Medical Centre,Hospital,Flood,74.95869804164849,100.0,0.0,0.0,0.0,High
HOS_1041,Bhargav Medical Centre,Hospital,Geomagnetic,74.95869804164849,100.0,0.0,0.0,0.0,High
HOS_1041,Bhargav Medical Centre,Hospital,Heat,74.95869804164849,100.0,0.0,0.0,0.0,High
HOS_1042,Dr. Abhijit Mahadeo Valanju,Hospital,Flood,76.73601039832134,100.0,0.0,0.0,0.0,Critical
HOS_1042,Dr. Abhijit Mahadeo Valanju,Hospital,Geomagnetic,76.73601039832134,100.0,0.0,0.0,0.0,Critical
HOS_1042,Dr. Abhijit Mahadeo Valanju,Hospital,Heat,76.73601039832134,100.0,0.0,0.0,0.0,Critical
HOS_1043,Gourai Maternity and Nursing Home,Hospital,Flood,74.16247797412278,100.0,0.0,0.0,0.0,High
HOS_1043,Gourai Maternity and Nursing Home,Hospital,Geomagnetic,74.16247797412278,100.0,0.0,0.0,0.0,High
HOS_1043,Gourai Maternity and Nursing Home,Hospital,Heat,74.16247797412278,100.0,0.0,0.0,0.0,High
HOS_1044,Mangal Murti Hospital and Polyclinic - Mumbai,Hospital,Flood,74.16247797412278,100.0,0.0,0.0,0.0,High
HOS_1044,Mangal Murti Hospital and Polyclinic - Mumbai,Hospital,Geomagnetic,74.16247797412278,100.0,0.0,0.0,0.0,High
HOS_1044,Mangal Murti Hospital and Polyclinic - Mumbai,Hospital,Heat,74.16247797412278,100.0,0.0,0.0,0.0,High
HOS_1045,Rajendra Maternity and Surgical Nursing Home,Hospital,Flood,76.25670971866232,100.0,0.0,0.0,0.0,Critical
HOS_1045,Rajendra Maternity and Surgical Nursing Home,Hospital,Geomagnetic,76.25670971866232,100.0,0.0,0.0,0.0,Critical
HOS_1045,Rajendra Maternity and Surgical Nursing Home,Hospital,Heat,76.25670971866232,100.0,0.0,0.0,0.0,Critical
HOS_1046,Sailee Hospital and Diagnostic Center,Hospital,Flood,74.16247797412278,100.0,0.0,0.0,0.0,High
HOS_1046,Sailee Hospital and Diagnostic Center,Hospital,Geomagnetic,74.16247797412278,100.0,0.0,0.0,0.0,High
HOS_1046,Sailee Hospital and Diagnostic Center,Hospital,Heat,74.16247797412278,100.0,0.0,0.0,0.0,High
HOS_1047,Aastha Eye Clinic,Hospital,Flood,75.4317243367449,100.0,0.0,0.0,0.0,Critical
HOS_1047,Aastha Eye Clinic,Hospital,Geomagnetic,75.4317243367449,100.0,0.0,0.0,0.0,Critical
HOS_1047,Aastha Eye Clinic,Hospital,Heat,75.4317243367449,100.0,0.0,0.0,0.0,Critical
HOS_1048,Ameya Maternity And Surgical Nursing Home - Borivali,Hospital,Flood,74.16247797412278,100.0,0.0,0.0,0.0,High
HOS_1048,Ameya Maternity And Surgical Nursing Home - Borivali,Hospital,Geomagnetic,74.16247797412278,100.0,0.0,0.0,0.0,High
HOS_1048,Ameya Maternity And Surgical Nursing Home - Borivali,Hospital,Heat,74.16247797412278,100.0,0.0,0.0,0.0,High
HOS_1049,Anand Medical Centre,Hospital,Flood,74.42175766093676,100.0,0.0,0.0,0.0,High
HOS_1049,Anand Medical Centre,Hospital,Geomagnetic,74.42175766093676,100.0,0.0,0.0,0.0,High
HOS_1049,Anand Medical Centre,Hospital,Heat,74.42175766093676,100.0,0.0,0.0,0.0,High
HOS_105,Nirmala Maternity And Surgical Hospitalwith Polyclinic,Hospital,Flood,74.16247797412278,100.0,0.0,0.0,0.0,High
HOS_105,Nirmala Maternity And Surgical Hospitalwith Polyclinic,Hospital,Geomagnetic,74.16247797412278,100.0,0.0,0.0,0.0,High
HOS_105,Nirmala Maternity And Surgical Hospitalwith Polyclinic,Hospital,Heat,74.16247797412278,100.0,0.0,0.0,0.0,High
HOS_1050,Apex Hospital,Hospital,Flood,74.16247797412278,100.0,0.0,0.0,0.0,High
HOS_1050,Apex Hospital,Hospital,Geomagnetic,74.16247797412278,100.0,0.0,0.0,0.0,High
HOS_1050,Apex Hospital,Hospital,Heat,74.16247797412278,100.0,0.0,0.0,0.0,High
HOS_1051,Arihant Eye Care Centre,Hospital,Flood,74.16247797412278,100.0,0.0,0.0,0.0,High
HOS_1051,Arihant Eye Care Centre,Hospital,Geomagnetic,74.16247797412278,100.0,0.0,0.0,0.0,High
HOS_1051,Arihant Eye Care Centre,Hospital,Heat,74.16247797412278,100.0,0.0,0.0,0.0,High
HOS_1052,Ashirwad Orthopaedic and Surgical Nursing Home,Hospital,Flood,74.16247797412278,100.0,0.0,0.0,0.0,High
HOS_1052,Ashirwad Orthopaedic and Surgical Nursing Home,Hospital,Geomagnetic,74.16247797412278,100.0,0.0,0.0,0.0,High
HOS_1052,Ashirwad Orthopaedic and Surgical Nursing Home,Hospital,Heat,74.16247797412278,100.0,0.0,0.0,0.0,High
HOS_1053,Ashish Nursing Home..,Hospital,Flood,74.16247797412278,100.0,0.0,0.0,0.0,High
HOS_1053,Ashish Nursing Home..,Hospital,Geomagnetic,74.16247797412278,100.0,0.0,0.0,0.0,High
HOS_1053,Ashish Nursing Home..,Hospital,Heat,74.16247797412278,100.0,0.0,0.0,0.0,High
HOS_1054,Bala Hanuman Hospital,Hospital,Flood,74.16247797412278,100.0,0.0,0.0,0.0,High
HOS_1054,Bala Hanuman Hospital,Hospital,Geomagnetic,74.16247797412278,100.0,0.0,0.0,0.0,High
HOS_1054,Bala Hanuman Hospital,Hospital,Heat,74.16247797412278,100.0,0.0,0.0,0.0,High
HOS_1055,Bathia Hospital And Eye Clinic,Hospital,Flood,74.16247797412278,100.0,0.0,0.0,0.0,High
HOS_1055,Bathia Hospital And Eye Clinic,Hospital,Geomagnetic,74.16247797412278,100.0,0.0,0.0,0.0,High
HOS_1055,Bathia Hospital And Eye Clinic,Hospital,Heat,74.16247797412278,100.0,0.0,0.0,0.0,High
HOS_1056,Belle-Vue General Nursing Home,Hospital,Flood,70.02531537739024,100.0,0.0,0.0,0.0,High
HOS_1056,Belle-Vue General Nursing Home,Hospital,Geomagnetic,70.02531537739024,100.0,0.0,0.0,0.0,High
HOS_1056,Belle-Vue General Nursing Home,Hospital,Heat,70.02531537739024,100.0,0.0,0.0,0.0,High
HOS_1057,Bhagat Nursing Home,Hospital,Flood,75.54232032201486,100.0,0.0,0.0,0.0,Critical
HOS_1057,Bhagat Nursing Home,Hospital,Geomagnetic,75.54232032201486,100.0,0.0,0.0,0.0,Critical
HOS_1057,Bhagat Nursing Home,Hospital,Heat,75.54232032201486,100.0,0.0,0.0,0.0,Critical
HOS_1058,Bhatia Hospital and Eye Clinic,Hospital,Flood,74.16247797412278,100.0,0.0,0.0,0.0,High
HOS_1058,Bhatia Hospital and Eye Clinic,Hospital,Geomagnetic,74.16247797412278,100.0,0.0,0.0,0.0,High
HOS_1058,Bhatia Hospital and Eye Clinic,Hospital,Heat,74.16247797412278,100.0,0.0,0.0,0.0,High
HOS_1059,Borivli Orthopaedic Clinic - Borivli (W),Hospital,Flood,74.16247797412278,100.0,0.0,0.0,0.0,High
HOS_1059,Borivli Orthopaedic Clinic - Borivli (W),Hospital,Geomagnetic,74.16247797412278,100.0,0.0,0.0,0.0,High
HOS_1059,Borivli Orthopaedic Clinic - Borivli (W),Hospital,Heat,74.16247797412278,100.0,0.0,0.0,0.0,High
HOS_106,Sankalp Eye Care Centre,Hospital,Flood,74.1338757464699,100.0,0.0,0.0,0.0,High
HOS_106,Sankalp Eye Care Centre,Hospital,Geomagnetic,74.1338757464699,100.0,0.0,0.0,0.0,High
HOS_106,Sankalp Eye Care Centre,Hospital,Heat,74.1338757464699,100.0,0.0,0.0,0.0,High
HOS_1060,Dhanashri Nursing Home and Iccu,Hospital,Flood,68.20199255607885,100.0,0.0,0.0,0.0,High
HOS_1060,Dhanashri Nursing Home and Iccu,Hospital,Geomagnetic,68.20199255607885,100.0,0.0,0.0,0.0,High
HOS_1060,Dhanashri Nursing Home and Iccu,Hospital,Heat,68.20199255607885,100.0,0.0,0.0,0.0,High
HOS_1061,Divyadrashti Eye Care Centre,Hospital,Flood,74.16247797412278,100.0,0.0,0.0,0.0,High
HOS_1061,Divyadrashti Eye Care Centre,Hospital,Geomagnetic,74.16247797412278,100.0,0.0,0.0,0.0,High
HOS_1061,Divyadrashti Eye Care Centre,Hospital,Heat,74.16247797412278,100.0,0.0,0.0,0.0,High
HOS_1062,Dr. Alok Shahs Iccu and Nursing Home,Hospital,Flood,75.70592163455052,100.0,0.0,0.0,0.0,Critical
HOS_1062,Dr. Alok Shahs Iccu and Nursing Home,Hospital,Geomagnetic,75.70592163455052,100.0,0.0,0.0,0.0,Critical
HOS_1062,Dr. Alok Shahs Iccu and Nursing Home,Hospital,Heat,75.70592163455052,100.0,0.0,0.0,0.0,Critical
HOS_1063,Dr. Khatavs Mother and Child Hospital - Borivali (Mumbai),Hospital,Flood,74.16247797412278,100.0,0.0,0.0,0.0,High
HOS_1063,Dr. Khatavs Mother and Child Hospital - Borivali (Mumbai),Hospital,Geomagnetic,74.16247797412278,100.0,0.0,0.0,0.0,High
HOS_1063,Dr. Khatavs Mother and Child Hospital - Borivali (Mumbai),Hospital,Heat,74.16247797412278,100.0,0.0,0.0,0.0,High
HOS_1064,Eye Care Center,Hospital,Flood,74.16247797412278,100.0,0.0,0.0,0.0,High
HOS_1064,Eye Care Center,Hospital,Geomagnetic,74.16247797412278,100.0,0.0,0.0,0.0,High
HOS_1064,Eye Care Center,Hospital,Heat,74.16247797412278,100.0,0.0,0.0,0.0,High
HOS_1065,Fracture Care Hospital And Diagnostic Centre,Hospital,Flood,74.16247797412278,100.0,0.0,0.0,0.0,High
HOS_1065,Fracture Care Hospital And Diagnostic Centre,Hospital,Geomagnetic,74.16247797412278,100.0,0.0,0.0,0.0,High
HOS_1065,Fracture Care Hospital And Diagnostic Centre,Hospital,Heat,74.16247797412278,100.0,0.0,0.0,0.0,High
HOS_1066,Gandhi Nursing Home-Borivali-Mumbai,Hospital,Flood,74.16247797412278,100.0,0.0,0.0,0.0,High
HOS_1066,Gandhi Nursing Home-Borivali-Mumbai,Hospital,Geomagnetic,74.16247797412278,100.0,0.0,0.0,0.0,High
HOS_1066,Gandhi Nursing Home-Borivali-Mumbai,Hospital,Heat,74.16247797412278,100.0,0.0,0.0,0.0,High
HOS_1067,"Kaustubh Icu, Maternity Nursing Home",Hospital,Flood,76.63164452392346,100.0,0.0,0.0,0.0,Critical
HOS_1067,"Kaustubh Icu, Maternity Nursing Home",Hospital,Geomagnetic,76.63164452392346,100.0,0.0,0.0,0.0,Critical
HOS_1067,"Kaustubh Icu, Maternity Nursing Home",Hospital,Heat,76.63164452392346,100.0,0.0,0.0,0.0,Critical
HOS_1068,L H Fortis,Hospital,Flood,68.20199255607885,100.0,0.0,0.0,0.0,High
HOS_1068,L H Fortis,Hospital,Geomagnetic,68.20199255607885,100.0,0.0,0.0,0.0,High
HOS_1068,L H Fortis,Hospital,Heat,68.20199255607885,100.0,0.0,0.0,0.0,High
HOS_1069,Lancelot Dialysis Unit,Hospital,Flood,74.35184688619819,100.0,0.0,0.0,0.0,High
HOS_1069,Lancelot Dialysis Unit,Hospital,Geomagnetic,74.35184688619819,100.0,0.0,0.0,0.0,High
HOS_1069,Lancelot Dialysis Unit,Hospital,Heat,74.35184688619819,100.0,0.0,0.0,0.0,High
HOS_107,Vatsalya Nursing Home,Hospital,Flood,74.16247797412278,100.0,0.0,0.0,0.0,High
HOS_107,Vatsalya Nursing Home,Hospital,Geomagnetic,74.16247797412278,100.0,0.0,0.0,0.0,High
HOS_107,Vatsalya Nursing Home,Hospital,Heat,74.16247797412278,100.0,0.0,0.0,0.0,High
HOS_1070,Mandapeshwar Hospital and Clinics,Hospital,Flood,74.16247797412278,100.0,0.0,0.0,0.0,High
HOS_1070,Mandapeshwar Hospital and Clinics,Hospital,Geomagnetic,74.16247797412278,100.0,0.0,0.0,0.0,High
HOS_1070,Mandapeshwar Hospital and Clinics,Hospital,Heat,74.16247797412278,100.0,0.0,0.0,0.0,High
HOS_1071,Nanda Nursing Home-Borivli,Hospital,Flood,75.70592163455052,100.0,0.0,0.0,0.0,Critical
HOS_1071,Nanda Nursing Home-Borivli,Hospital,Geomagnetic,75.70592163455052,100.0,0.0,0.0,0.0,Critical
HOS_1071,Nanda Nursing Home-Borivli,Hospital,Heat,75.70592163455052,100.0,0.0,0.0,0.0,Critical
HOS_1072,Neoplus Criticare Private Ltd.,Hospital,Flood,68.20199255607885,100.0,0.0,0.0,0.0,High
HOS_1072,Neoplus Criticare Private Ltd.,Hospital,Geomagnetic,68.20199255607885,100.0,0.0,0.0,0.0,High
HOS_1072,Neoplus Criticare Private Ltd.,Hospital,Heat,68.20199255607885,100.0,0.0,0.0,0.0,High
HOS_1073,Netrajyoti Eye Care Centre,Hospital,Flood,74.16247797412278,100.0,0.0,0.0,0.0,High
HOS_1073,Netrajyoti Eye Care Centre,Hospital,Geomagnetic,74.16247797412278,100.0,0.0,0.0,0.0,High
HOS_1073,Netrajyoti Eye Care Centre,Hospital,Heat,74.16247797412278,100.0,0.0,0.0,0.0,High
HOS_1074,Niramay Mother-Care Centre (Maternity and Surgical),Hospital,Flood,74.74933491372386,100.0,0.0,0.0,0.0,High
HOS_1074,Niramay Mother-Care Centre (Maternity and Surgical),Hospital,Geomagnetic,74.74933491372386,100.0,0.0,0.0,0.0,High
HOS_1074,Niramay Mother-Care Centre (Maternity and Surgical),Hospital,Heat,74.74933491372386,100.0,0.0,0.0,0.0,High
HOS_1075,Om Sai Super Speciality Hospital Pvt Ltd,Hospital,Flood,74.16247797412278,100.0,0.0,0.0,0.0,High
HOS_1075,Om Sai Super Speciality Hospital Pvt Ltd,Hospital,Geomagnetic,74.16247797412278,100.0,0.0,0.0,0.0,High
HOS_1075,Om Sai Super Speciality Hospital Pvt Ltd,Hospital,Heat,74.16247797412278,100.0,0.0,0.0,0.0,High
HOS_1076,Palkar Polyclinic and Hospital,Hospital,Flood,74.16247797412278,100.0,0.0,0.0,0.0,High
HOS_1076,Palkar Polyclinic and Hospital,Hospital,Geomagnetic,74.16247797412278,100.0,0.0,0.0,0.0,High
HOS_1076,Palkar Polyclinic and Hospital,Hospital,Heat,74.16247797412278,100.0,0.0,0.0,0.0,High
HOS_1077,Pandya Surgical and Maternity Hospital,Hospital,Flood,68.20199255607885,100.0,0.0,0.0,0.0,High
HOS_1077,Pandya Surgical and Maternity Hospital,Hospital,Geomagnetic,68.20199255607885,100.0,0.0,0.0,0.0,High
HOS_1077,Pandya Surgical and Maternity Hospital,Hospital,Heat,68.20199255607885,100.0,0.0,0.0,0.0,High
HOS_1078,Patel Nursing Home,Hospital,Flood,74.55336173904573,100.0,0.0,0.0,0.0,High
HOS_1078,Patel Nursing Home,Hospital,Geomagnetic,74.55336173904573,100.0,0.0,0.0,0.0,High
HOS_1078,Patel Nursing Home,Hospital,Heat,74.55336173904573,100.0,0.0,0.0,0.0,High
HOS_1079,Purohit Hospital - Borivali,Hospital,Flood,74.16247797412278,100.0,0.0,0.0,0.0,High
HOS_1079,Purohit Hospital - Borivali,Hospital,Geomagnetic,74.16247797412278,100.0,0.0,0.0,0.0,High
HOS_1079,Purohit Hospital - Borivali,Hospital,Heat,74.16247797412278,100.0,0.0,0.0,0.0,High
HOS_108,Dr Chetan Shetty Clinic,Hospital,Flood,71.01813486387144,100.0,0.0,0.0,0.0,High
HOS_108,Dr Chetan Shetty Clinic,Hospital,Geomagnetic,71.01813486387144,100.0,0.0,0.0,0.0,High
HOS_108,Dr Chetan Shetty Clinic,Hospital,Heat,71.01813486387144,100.0,0.0,0.0,0.0,High
HOS_1080,Raj Jyoti Hospital,Hospital,Flood,75.26675382455679,100.0,0.0,0.0,0.0,Critical
HOS_1080,Raj Jyoti Hospital,Hospital,Geomagnetic,75.26675382455679,100.0,0.0,0.0,0.0,Critical
HOS_1080,Raj Jyoti Hospital,Hospital,Heat,75.26675382455679,100.0,0.0,0.0,0.0,Critical
HOS_1081,Ranes Anand Medical Centre,Hospital,Flood,74.16247797412278,100.0,0.0,0.0,0.0,High
HOS_1081,Ranes Anand Medical Centre,Hospital,Geomagnetic,74.16247797412278,100.0,0.0,0.0,0.0,High
HOS_1081,Ranes Anand Medical Centre,Hospital,Heat,74.16247797412278,100.0,0.0,0.0,0.0,High
HOS_1082,Renuka Children Clinic and Medicare Centre,Hospital,Flood,76.8182725044154,100.0,0.0,0.0,0.0,Critical
HOS_1082,Renuka Children Clinic and Medicare Centre,Hospital,Geomagnetic,76.8182725044154,100.0,0.0,0.0,0.0,Critical
HOS_1082,Renuka Children Clinic and Medicare Centre,Hospital,Heat,76.8182725044154,100.0,0.0,0.0,0.0,Critical
HOS_1083,Rhushabh Nursing Home,Hospital,Flood,68.20199255607885,100.0,0.0,0.0,0.0,High
HOS_1083,Rhushabh Nursing Home,Hospital,Geomagnetic,68.20199255607885,100.0,0.0,0.0,0.0,High
HOS_1083,Rhushabh Nursing Home,Hospital,Heat,68.20199255607885,100.0,0.0,0.0,0.0,High
HOS_1084,Rose Petal Nursing Home,Hospital,Flood,74.673230425941,100.0,0.0,0.0,0.0,High
HOS_1084,Rose Petal Nursing Home,Hospital,Geomagnetic,74.673230425941,100.0,0.0,0.0,0.0,High
HOS_1084,Rose Petal Nursing Home,Hospital,Heat,74.673230425941,100.0,0.0,0.0,0.0,High
HOS_1085,Sai Krupa E.N.T. Nursing Home,Hospital,Flood,74.16247797412278,100.0,0.0,0.0,0.0,High
HOS_1085,Sai Krupa E.N.T. Nursing Home,Hospital,Geomagnetic,74.16247797412278,100.0,0.0,0.0,0.0,High
HOS_1085,Sai Krupa E.N.T. Nursing Home,Hospital,Heat,74.16247797412278,100.0,0.0,0.0,0.0,High
HOS_1086,Sai Sparsh Maternity And Nursing Home,Hospital,Flood,74.16247797412278,100.0,0.0,0.0,0.0,High
HOS_1086,Sai Sparsh Maternity And Nursing Home,Hospital,Geomagnetic,74.16247797412278,100.0,0.0,0.0,0.0,High
HOS_1086,Sai Sparsh Maternity And Nursing Home,Hospital,Heat,74.16247797412278,100.0,0.0,0.0,0.0,High
HOS_1087,Sanghvi Maternity and Surgical Hospital,Hospital,Flood,74.4779729346846,100.0,0.0,0.0,0.0,High
HOS_1087,Sanghvi Maternity and Surgical Hospital,Hospital,Geomagnetic,74.4779729346846,100.0,0.0,0.0,0.0,High
HOS_1087,Sanghvi Maternity and Surgical Hospital,Hospital,Heat,74.4779729346846,100.0,0.0,0.0,0.0,High
HOS_1088,Seth Ent and Eye Clinic,Hospital,Flood,76.67131158865647,100.0,0.0,0.0,0.0,Critical
HOS_1088,Seth Ent and Eye Clinic,Hospital,Geomagnetic,76.67131158865647,100.0,0.0,0.0,0.0,Critical
HOS_1088,Seth Ent and Eye Clinic,Hospital,Heat,76.67131158865647,100.0,0.0,0.0,0.0,Critical
HOS_1089,Shah Surgical And Maternity Nursing Home,Hospital,Flood,74.33769620014989,100.0,0.0,0.0,0.0,High
HOS_1089,Shah Surgical And Maternity Nursing Home,Hospital,Geomagnetic,74.33769620014989,100.0,0.0,0.0,0.0,High
HOS_1089,Shah Surgical And Maternity Nursing Home,Hospital,Heat,74.33769620014989,100.0,0.0,0.0,0.0,High
HOS_109,Dr G M Bhargava Clinic,Hospital,Flood,73.26874435886197,100.0,0.0,0.0,0.0,High
HOS_109,Dr G M Bhargava Clinic,Hospital,Geomagnetic,73.26874435886197,100.0,0.0,0.0,0.0,High
HOS_109,Dr G M Bhargava Clinic,Hospital,Heat,73.26874435886197,100.0,0.0,0.0,0.0,High
HOS_1090,Shivani Medical Centre,Hospital,Flood,74.66307020990797,100.0,0.0,0.0,0.0,High
HOS_1090,Shivani Medical Centre,Hospital,Geomagnetic,74.66307020990797,100.0,0.0,0.0,0.0,High
HOS_1090,Shivani Medical Centre,Hospital,Heat,74.66307020990797,100.0,0.0,0.0,0.0,High
HOS_1091,Shree Borivli Gujarati Seva Mandal,Hospital,Flood,74.57354253673896,100.0,0.0,0.0,0.0,High
HOS_1091,Shree Borivli Gujarati Seva Mandal,Hospital,Geomagnetic,74.57354253673896,100.0,0.0,0.0,0.0,High
HOS_1091,Shree Borivli Gujarati Seva Mandal,Hospital,Heat,74.57354253673896,100.0,0.0,0.0,0.0,High
HOS_1092,Shreeji Kripa Surgical Center Icu and Nursing Home,Hospital,Flood,74.16247797412278,100.0,0.0,0.0,0.0,High
HOS_1092,Shreeji Kripa Surgical Center Icu and Nursing Home,Hospital,Geomagnetic,74.16247797412278,100.0,0.0,0.0,0.0,High
HOS_1092,Shreeji Kripa Surgical Center Icu and Nursing Home,Hospital,Heat,74.16247797412278,100.0,0.0,0.0,0.0,High
HOS_1093,Shri Bala Hanuman Maternity And Surgical Hospital,Hospital,Flood,74.16247797412278,100.0,0.0,0.0,0.0,High
HOS_1093,Shri Bala Hanuman Maternity And Surgical Hospital,Hospital,Geomagnetic,74.16247797412278,100.0,0.0,0.0,0.0,High
HOS_1093,Shri Bala Hanuman Maternity And Surgical Hospital,Hospital,Heat,74.16247797412278,100.0,0.0,0.0,0.0,High
HOS_1094,Snehal E N T Clinic,Hospital,Flood,74.16247797412278,100.0,0.0,0.0,0.0,High
HOS_1094,Snehal E N T Clinic,Hospital,Geomagnetic,74.16247797412278,100.0,0.0,0.0,0.0,High
HOS_1094,Snehal E N T Clinic,Hospital,Heat,74.16247797412278,100.0,0.0,0.0,0.0,High
HOS_1095,Sumati Maternity Home and Chhaya Surgical Home - Borivali,Hospital,Flood,74.16247797412278,100.0,0.0,0.0,0.0,High
HOS_1095,Sumati Maternity Home and Chhaya Surgical Home - Borivali,Hospital,Geomagnetic,74.16247797412278,100.0,0.0,0.0,0.0,High
HOS_1095,Sumati Maternity Home and Chhaya Surgical Home - Borivali,Hospital,Heat,74.16247797412278,100.0,0.0,0.0,0.0,High
HOS_1096,Vaibhav Eye Clinic and Contact Lens Centre-Borivli,Hospital,Flood,68.20199255607885,100.0,0.0,0.0,0.0,High
HOS_1096,Vaibhav Eye Clinic and Contact Lens Centre-Borivli,Hospital,Geomagnetic,68.20199255607885,100.0,0.0,0.0,0.0,High
HOS_1096,Vaibhav Eye Clinic and Contact Lens Centre-Borivli,Hospital,Heat,68.20199255607885,100.0,0.0,0.0,0.0,High
HOS_1097,Varsha Nursing Home(Netra Mandir),Hospital,Flood,74.16247797412278,100.0,0.0,0.0,0.0,High
HOS_1097,Varsha Nursing Home(Netra Mandir),Hospital,Geomagnetic,74.16247797412278,100.0,0.0,0.0,0.0,High
HOS_1097,Varsha Nursing Home(Netra Mandir),Hospital,Heat,74.16247797412278,100.0,0.0,0.0,0.0,High
HOS_1098,Vasudhan Cosmetic Plastic Surgery Centre,Hospital,Flood,74.35184688619819,100.0,0.0,0.0,0.0,High
HOS_1098,Vasudhan Cosmetic Plastic Surgery Centre,Hospital,Geomagnetic,74.35184688619819,100.0,0.0,0.0,0.0,High
HOS_1098,Vasudhan Cosmetic Plastic Surgery Centre,Hospital,Heat,74.35184688619819,100.0,0.0,0.0,0.0,High
HOS_1099,Vibha Care Home,Hospital,Flood,74.16247797412278,100.0,0.0,0.0,0.0,High
HOS_1099,Vibha Care Home,Hospital,Geomagnetic,74.16247797412278,100.0,0.0,0.0,0.0,High
HOS_1099,Vibha Care Home,Hospital,Heat,74.16247797412278,100.0,0.0,0.0,0.0,High
HOS_11,Dr. Ramesh Chaudhari,Hospital,Flood,68.20199255607885,100.0,0.0,0.0,0.0,High
HOS_11,Dr. Ramesh Chaudhari,Hospital,Geomagnetic,68.20199255607885,100.0,0.0,0.0,0.0,High
HOS_11,Dr. Ramesh Chaudhari,Hospital,Heat,68.20199255607885,100.0,0.0,0.0,0.0,High
HOS_110,Dr.Zankars Diagnostic Centre,Hospital,Flood,73.54997807109662,100.0,0.0,0.0,0.0,High
HOS_110,Dr.Zankars Diagnostic Centre,Hospital,Geomagnetic,73.54997807109662,100.0,0.0,0.0,0.0,High
HOS_110,Dr.Zankars Diagnostic Centre,Hospital,Heat,73.54997807109662,100.0,0.0,0.0,0.0,High
HOS_1100,Vinit Eye Clinic Retina And Laser Centre,Hospital,Flood,75.04688186109725,100.0,0.0,0.0,0.0,Critical
HOS_1100,Vinit Eye Clinic Retina And Laser Centre,Hospital,Geomagnetic,75.04688186109725,100.0,0.0,0.0,0.0,Critical
HOS_1100,Vinit Eye Clinic Retina And Laser Centre,Hospital,Heat,75.04688186109725,100.0,0.0,0.0,0.0,Critical
HOS_1101,Aditya Nursing Home,Hospital,Flood,70.7568204223736,100.0,0.0,0.0,0.0,High
HOS_1101,Aditya Nursing Home,Hospital,Geomagnetic,70.7568204223736,100.0,0.0,0.0,0.0,High
HOS_1101,Aditya Nursing Home,Hospital,Heat,70.7568204223736,100.0,0.0,0.0,0.0,High
HOS_1102,Dr Phadkes Maternity and Surgical Hospital,Hospital,Flood,74.16247797412278,100.0,0.0,0.0,0.0,High
HOS_1102,Dr Phadkes Maternity and Surgical Hospital,Hospital,Geomagnetic,74.16247797412278,100.0,0.0,0.0,0.0,High
HOS_1102,Dr Phadkes Maternity and Surgical Hospital,Hospital,Heat,74.16247797412278,100.0,0.0,0.0,0.0,High
HOS_1103,Dr Rays Clinic,Hospital,Flood,69.3783995151335,100.0,0.0,0.0,0.0,High
HOS_1103,Dr Rays Clinic,Hospital,Geomagnetic,69.3783995151335,100.0,0.0,0.0,0.0,High
HOS_1103,Dr Rays Clinic,Hospital,Heat,69.3783995151335,100.0,0.0,0.0,0.0,High
HOS_1104,Dr.Sakhalkars Maternity and Nursing Home - Andheri,Hospital,Flood,68.55443524886283,100.0,0.0,0.0,0.0,High
HOS_1104,Dr.Sakhalkars Maternity and Nursing Home - Andheri,Hospital,Geomagnetic,68.55443524886283,100.0,0.0,0.0,0.0,High
HOS_1104,Dr.Sakhalkars Maternity and Nursing Home - Andheri,Hospital,Heat,68.55443524886283,100.0,0.0,0.0,0.0,High
HOS_1105,Holy Spirit Hospital - Mumbai,Hospital,Flood,68.55443524886283,100.0,0.0,0.0,0.0,High
HOS_1105,Holy Spirit Hospital - Mumbai,Hospital,Geomagnetic,68.55443524886283,100.0,0.0,0.0,0.0,High
HOS_1105,Holy Spirit Hospital - Mumbai,Hospital,Heat,68.55443524886283,100.0,0.0,0.0,0.0,High
HOS_1106,Indu Maternity and Surgical Nursing Home - Andheri,Hospital,Flood,68.83207612136437,100.0,0.0,0.0,0.0,High
HOS_1106,Indu Maternity and Surgical Nursing Home - Andheri,Hospital,Geomagnetic,68.83207612136437,100.0,0.0,0.0,0.0,High
HOS_1106,Indu Maternity and Surgical Nursing Home - Andheri,Hospital,Heat,68.83207612136437,100.0,0.0,0.0,0.0,High
HOS_1107,Speciality Ranbaxy Ltd,Hospital,Flood,68.5477770218829,100.0,0.0,0.0,0.0,High
HOS_1107,Speciality Ranbaxy Ltd,Hospital,Geomagnetic,68.5477770218829,100.0,0.0,0.0,0.0,High
HOS_1107,Speciality Ranbaxy Ltd,Hospital,Heat,68.5477770218829,100.0,0.0,0.0,0.0,High
HOS_1108,Sunita Hospital,Hospital,Flood,68.46748011945414,100.0,0.0,0.0,0.0,High
HOS_1108,Sunita Hospital,Hospital,Geomagnetic,68.46748011945414,100.0,0.0,0.0,0.0,High
HOS_1108,Sunita Hospital,Hospital,Heat,68.46748011945414,100.0,0.0,0.0,0.0,High
HOS_1109,Uma Maternity Nursing Home,Hospital,Flood,68.55443524886283,100.0,0.0,0.0,0.0,High
HOS_1109,Uma Maternity Nursing Home,Hospital,Geomagnetic,68.55443524886283,100.0,0.0,0.0,0.0,High
HOS_1109,Uma Maternity Nursing Home,Hospital,Heat,68.55443524886283,100.0,0.0,0.0,0.0,High
HOS_111,"Global Hospital-Super Speciality And Transplant Centre ( A Unit Of Centre For Digestive and Kidney Diseases (India) Pvt. Ltd.,",Hospital,Flood,74.16247797412278,100.0,0.0,0.0,0.0,High
HOS_111,"Global Hospital-Super Speciality And Transplant Centre ( A Unit Of Centre For Digestive and Kidney Diseases (India) Pvt. Ltd.,",Hospital,Geomagnetic,74.16247797412278,100.0,0.0,0.0,0.0,High
HOS_111,"Global Hospital-Super Speciality And Transplant Centre ( A Unit Of Centre For Digestive and Kidney Diseases (India) Pvt. Ltd.,",Hospital,Heat,74.16247797412278,100.0,0.0,0.0,0.0,High
HOS_1110,Dr. Bahls Surgical Maternity and Polyclinic Nursing,Hospital,Flood,76.95754820156623,100.0,0.0,0.0,0.0,Critical
HOS_1110,Dr. Bahls Surgical Maternity and Polyclinic Nursing,Hospital,Geomagnetic,76.95754820156623,100.0,0.0,0.0,0.0,Critical
HOS_1110,Dr. Bahls Surgical Maternity and Polyclinic Nursing,Hospital,Heat,76.95754820156623,100.0,0.0,0.0,0.0,Critical
HOS_1111,Shree Ramnath Eye Care,Hospital,Flood,67.75351651384906,100.0,0.0,0.0,0.0,High
HOS_1111,Shree Ramnath Eye Care,Hospital,Geomagnetic,67.75351651384906,100.0,0.0,0.0,0.0,High
HOS_1111,Shree Ramnath Eye Care,Hospital,Heat,67.75351651384906,100.0,0.0,0.0,0.0,High
HOS_1112,Aditi Hospital,Hospital,Flood,74.16247797412278,100.0,0.0,0.0,0.0,High
HOS_1112,Aditi Hospital,Hospital,Geomagnetic,74.16247797412278,100.0,0.0,0.0,0.0,High
HOS_1112,Aditi Hospital,Hospital,Heat,74.16247797412278,100.0,0.0,0.0,0.0,High
HOS_1113,Agrawal Clinic,Hospital,Flood,71.8578559549528,100.0,0.0,0.0,0.0,High
HOS_1113,Agrawal Clinic,Hospital,Geomagnetic,71.8578559549528,100.0,0.0,0.0,0.0,High
HOS_1113,Agrawal Clinic,Hospital,Heat,71.8578559549528,100.0,0.0,0.0,0.0,High
HOS_1114,Anand Childrens Nursing Home,Hospital,Flood,68.46748011945414,100.0,0.0,0.0,0.0,High
HOS_1114,Anand Childrens Nursing Home,Hospital,Geomagnetic,68.46748011945414,100.0,0.0,0.0,0.0,High
HOS_1114,Anand Childrens Nursing Home,Hospital,Heat,68.46748011945414,100.0,0.0,0.0,0.0,High
HOS_1115,Anandpara Surgical and General Hospital,Hospital,Flood,74.16247797412278,100.0,0.0,0.0,0.0,High
HOS_1115,Anandpara Surgical and General Hospital,Hospital,Geomagnetic,74.16247797412278,100.0,0.0,0.0,0.0,High
HOS_1115,Anandpara Surgical and General Hospital,Hospital,Heat,74.16247797412278,100.0,0.0,0.0,0.0,High
HOS_1116,Ashoka General Hospital I.C.C.U And Maternity Home,Hospital,Flood,74.16247797412278,100.0,0.0,0.0,0.0,High
HOS_1116,Ashoka General Hospital I.C.C.U And Maternity Home,Hospital,Geomagnetic,74.16247797412278,100.0,0.0,0.0,0.0,High
HOS_1116,Ashoka General Hospital I.C.C.U And Maternity Home,Hospital,Heat,74.16247797412278,100.0,0.0,0.0,0.0,High
HOS_1117,Datar Nursing Home,Hospital,Flood,74.16247797412278,100.0,0.0,0.0,0.0,High
HOS_1117,Datar Nursing Home,Hospital,Geomagnetic,74.16247797412278,100.0,0.0,0.0,0.0,High
HOS_1117,Datar Nursing Home,Hospital,Heat,74.16247797412278,100.0,0.0,0.0,0.0,High
HOS_1118,Devangi Hospital,Hospital,Flood,71.34693273208737,100.0,0.0,0.0,0.0,High
HOS_1118,Devangi Hospital,Hospital,Geomagnetic,71.34693273208737,100.0,0.0,0.0,0.0,High
HOS_1118,Devangi Hospital,Hospital,Heat,71.34693273208737,100.0,0.0,0.0,0.0,High
HOS_1119,Hayat Hospital,Hospital,Flood,74.16247797412278,100.0,0.0,0.0,0.0,High
HOS_1119,Hayat Hospital,Hospital,Geomagnetic,74.16247797412278,100.0,0.0,0.0,0.0,High
HOS_1119,Hayat Hospital,Hospital,Heat,74.16247797412278,100.0,0.0,0.0,0.0,High
HOS_112,K B H B Charitable Ophthalmic and E.N.T Hospital,Hospital,Flood,72.88812748605656,100.0,0.0,0.0,0.0,High
HOS_112,K B H B Charitable Ophthalmic and E.N.T Hospital,Hospital,Geomagnetic,72.88812748605656,100.0,0.0,0.0,0.0,High
HOS_112,K B H B Charitable Ophthalmic and E.N.T Hospital,Hospital,Heat,72.88812748605656,100.0,0.0,0.0,0.0,High
HOS_1120,Jeevan Maternity And Genral Hospital,Hospital,Flood,74.16247797412278,100.0,0.0,0.0,0.0,High
HOS_1120,Jeevan Maternity And Genral Hospital,Hospital,Geomagnetic,74.16247797412278,100.0,0.0,0.0,0.0,High
HOS_1120,Jeevan Maternity And Genral Hospital,Hospital,Heat,74.16247797412278,100.0,0.0,0.0,0.0,High
HOS_1121,Kairav Nursing Home,Hospital,Flood,74.16247797412278,100.0,0.0,0.0,0.0,High
HOS_1121,Kairav Nursing Home,Hospital,Geomagnetic,74.16247797412278,100.0,0.0,0.0,0.0,High
HOS_1121,Kairav Nursing Home,Hospital,Heat,74.16247797412278,100.0,0.0,0.0,0.0,High
HOS_1122,Krishna Eye Care Centre,Hospital,Flood,71.82110560641392,100.0,0.0,0.0,0.0,High
HOS_1122,Krishna Eye Care Centre,Hospital,Geomagnetic,71.82110560641392,100.0,0.0,0.0,0.0,High
HOS_1122,Krishna Eye Care Centre,Hospital,Heat,71.82110560641392,100.0,0.0,0.0,0.0,High
HOS_1123,Malad Clinical and Pathological Laboratory,Hospital,Flood,71.58053512233211,100.0,0.0,0.0,0.0,High
HOS_1123,Malad Clinical and Pathological Laboratory,Hospital,Geomagnetic,71.58053512233211,100.0,0.0,0.0,0.0,High
HOS_1123,Malad Clinical and Pathological Laboratory,Hospital,Heat,71.58053512233211,100.0,0.0,0.0,0.0,High
HOS_1124,Megha Surgical Hospital,Hospital,Flood,74.16247797412278,100.0,0.0,0.0,0.0,High
HOS_1124,Megha Surgical Hospital,Hospital,Geomagnetic,74.16247797412278,100.0,0.0,0.0,0.0,High
HOS_1124,Megha Surgical Hospital,Hospital,Heat,74.16247797412278,100.0,0.0,0.0,0.0,High
HOS_1125,Nari Nursing Home,Hospital,Flood,74.16247797412278,100.0,0.0,0.0,0.0,High
HOS_1125,Nari Nursing Home,Hospital,Geomagnetic,74.16247797412278,100.0,0.0,0.0,0.0,High
HOS_1125,Nari Nursing Home,Hospital,Heat,74.16247797412278,100.0,0.0,0.0,0.0,High
HOS_1126,Sai Krupa Hospital,Hospital,Flood,74.16247797412278,100.0,0.0,0.0,0.0,High
HOS_1126,Sai Krupa Hospital,Hospital,Geomagnetic,74.16247797412278,100.0,0.0,0.0,0.0,High
HOS_1126,Sai Krupa Hospital,Hospital,Heat,74.16247797412278,100.0,0.0,0.0,0.0,High
HOS_1128,Sanjeevani Surgical and General Hospital,Hospital,Flood,71.58053512233211,100.0,0.0,0.0,0.0,High
HOS_1128,Sanjeevani Surgical and General Hospital,Hospital,Geomagnetic,71.58053512233211,100.0,0.0,0.0,0.0,High
HOS_1128,Sanjeevani Surgical and General Hospital,Hospital,Heat,71.58053512233211,100.0,0.0,0.0,0.0,High
HOS_1129,Shah Eye Clinic and Microsurgery Centre,Hospital,Flood,74.16247797412278,100.0,0.0,0.0,0.0,High
HOS_1129,Shah Eye Clinic and Microsurgery Centre,Hospital,Geomagnetic,74.16247797412278,100.0,0.0,0.0,0.0,High
HOS_1129,Shah Eye Clinic and Microsurgery Centre,Hospital,Heat,74.16247797412278,100.0,0.0,0.0,0.0,High
HOS_113,K B Haji Bachooali Charitable Ophthalmic and E N T H,Hospital,Flood,72.70888632594384,100.0,0.0,0.0,0.0,High
HOS_113,K B Haji Bachooali Charitable Ophthalmic and E N T H,Hospital,Geomagnetic,72.70888632594384,100.0,0.0,0.0,0.0,High
HOS_113,K B Haji Bachooali Charitable Ophthalmic and E N T H,Hospital,Heat,72.70888632594384,100.0,0.0,0.0,0.0,High
HOS_1130,Shraddha Orthopedic and Surgical Hospital,Hospital,Flood,72.00446865042431,100.0,0.0,0.0,0.0,High
HOS_1130,Shraddha Orthopedic and Surgical Hospital,Hospital,Geomagnetic,72.00446865042431,100.0,0.0,0.0,0.0,High
HOS_1130,Shraddha Orthopedic and Surgical Hospital,Hospital,Heat,72.00446865042431,100.0,0.0,0.0,0.0,High
HOS_1131,Shree Guru Maternity And Childrens Nursing Home - Mumbai,Hospital,Flood,74.16247797412278,100.0,0.0,0.0,0.0,High
HOS_1131,Shree Guru Maternity And Childrens Nursing Home - Mumbai,Hospital,Geomagnetic,74.16247797412278,100.0,0.0,0.0,0.0,High
HOS_1131,Shree Guru Maternity And Childrens Nursing Home - Mumbai,Hospital,Heat,74.16247797412278,100.0,0.0,0.0,0.0,High
HOS_1132,Suchak Hospital,Hospital,Flood,72.15868692540624,100.0,0.0,0.0,0.0,High
HOS_1132,Suchak Hospital,Hospital,Geomagnetic,72.15868692540624,100.0,0.0,0.0,0.0,High
HOS_1132,Suchak Hospital,Hospital,Heat,72.15868692540624,100.0,0.0,0.0,0.0,High
HOS_1133,Suresh Eye Clinic,Hospital,Flood,74.16247797412278,100.0,0.0,0.0,0.0,High
HOS_1133,Suresh Eye Clinic,Hospital,Geomagnetic,74.16247797412278,100.0,0.0,0.0,0.0,High
HOS_1133,Suresh Eye Clinic,Hospital,Heat,74.16247797412278,100.0,0.0,0.0,0.0,High
HOS_1134,Suvidha Hospital and Iccu,Hospital,Flood,74.16247797412278,100.0,0.0,0.0,0.0,High
HOS_1134,Suvidha Hospital and Iccu,Hospital,Geomagnetic,74.16247797412278,100.0,0.0,0.0,0.0,High
HOS_1134,Suvidha Hospital and Iccu,Hospital,Heat,74.16247797412278,100.0,0.0,0.0,0.0,High
HOS_1135,Clinic (Dr.Vaishnavi Patil),Hospital,Flood,69.67794914643764,100.0,0.0,0.0,0.0,High
HOS_1135,Clinic (Dr.Vaishnavi Patil),Hospital,Geomagnetic,69.67794914643764,100.0,0.0,0.0,0.0,High
HOS_1135,Clinic (Dr.Vaishnavi Patil),Hospital,Heat,69.67794914643764,100.0,0.0,0.0,0.0,High
HOS_1136,Durga Maternity and Surgical Nursing Home,Hospital,Flood,74.16247797412278,100.0,0.0,0.0,0.0,High
HOS_1136,Durga Maternity and Surgical Nursing Home,Hospital,Geomagnetic,74.16247797412278,100.0,0.0,0.0,0.0,High
HOS_1136,Durga Maternity and Surgical Nursing Home,Hospital,Heat,74.16247797412278,100.0,0.0,0.0,0.0,High
HOS_1137,Niron Hospital and Research Center,Hospital,Flood,74.16247797412278,100.0,0.0,0.0,0.0,High
HOS_1137,Niron Hospital and Research Center,Hospital,Geomagnetic,74.16247797412278,100.0,0.0,0.0,0.0,High
HOS_1137,Niron Hospital and Research Center,Hospital,Heat,74.16247797412278,100.0,0.0,0.0,0.0,High
HOS_1138,Prashanti Medical Centre,Hospital,Flood,74.16247797412278,100.0,0.0,0.0,0.0,High
HOS_1138,Prashanti Medical Centre,Hospital,Geomagnetic,74.16247797412278,100.0,0.0,0.0,0.0,High
HOS_1138,Prashanti Medical Centre,Hospital,Heat,74.16247797412278,100.0,0.0,0.0,0.0,High
HOS_1139,Sbf Health,Hospital,Flood,68.46748011945414,100.0,0.0,0.0,0.0,High
HOS_1139,Sbf Health,Hospital,Geomagnetic,68.46748011945414,100.0,0.0,0.0,0.0,High
HOS_1139,Sbf Health,Hospital,Heat,68.46748011945414,100.0,0.0,0.0,0.0,High
HOS_114,Municipal Corporation Of Greater Mumbai,Hospital,Flood,71.10910745158607,100.0,0.0,0.0,0.0,High
HOS_114,Municipal Corporation Of Greater Mumbai,Hospital,Geomagnetic,71.10910745158607,100.0,0.0,0.0,0.0,High
HOS_114,Municipal Corporation Of Greater Mumbai,Hospital,Heat,71.10910745158607,100.0,0.0,0.0,0.0,High
HOS_1140,Sushrut Nursing Home and Polyclinic,Hospital,Flood,68.48809202522024,100.0,0.0,0.0,0.0,High
HOS_1140,Sushrut Nursing Home and Polyclinic,Hospital,Geomagnetic,68.48809202522024,100.0,0.0,0.0,0.0,High
HOS_1140,Sushrut Nursing Home and Polyclinic,Hospital,Heat,68.48809202522024,100.0,0.0,0.0,0.0,High
HOS_1141,V-Care Hospital.,Hospital,Flood,68.46748011945414,100.0,0.0,0.0,0.0,High
HOS_1141,V-Care Hospital.,Hospital,Geomagnetic,68.46748011945414,100.0,0.0,0.0,0.0,High
HOS_1141,V-Care Hospital.,Hospital,Heat,68.46748011945414,100.0,0.0,0.0,0.0,High
HOS_1142,Veena Clinic,Hospital,Flood,67.74213165855139,100.0,0.0,0.0,0.0,High
HOS_1142,Veena Clinic,Hospital,Geomagnetic,67.74213165855139,100.0,0.0,0.0,0.0,High
HOS_1142,Veena Clinic,Hospital,Heat,67.74213165855139,100.0,0.0,0.0,0.0,High
HOS_1143,Aditi Hospital Poliyclinic,Hospital,Flood,74.16247797412278,100.0,0.0,0.0,0.0,High
HOS_1143,Aditi Hospital Poliyclinic,Hospital,Geomagnetic,74.16247797412278,100.0,0.0,0.0,0.0,High
HOS_1143,Aditi Hospital Poliyclinic,Hospital,Heat,74.16247797412278,100.0,0.0,0.0,0.0,High
HOS_1144,Arihant Heart Clinic,Hospital,Flood,74.16247797412278,100.0,0.0,0.0,0.0,High
HOS_1144,Arihant Heart Clinic,Hospital,Geomagnetic,74.16247797412278,100.0,0.0,0.0,0.0,High
HOS_1144,Arihant Heart Clinic,Hospital,Heat,74.16247797412278,100.0,0.0,0.0,0.0,High
HOS_1145,Dhiraj Hospital,Hospital,Flood,74.16247797412278,100.0,0.0,0.0,0.0,High
HOS_1145,Dhiraj Hospital,Hospital,Geomagnetic,74.16247797412278,100.0,0.0,0.0,0.0,High
HOS_1145,Dhiraj Hospital,Hospital,Heat,74.16247797412278,100.0,0.0,0.0,0.0,High
HOS_1146,Dna Multispeciality Hospital - Mumbai,Hospital,Flood,74.16247797412278,100.0,0.0,0.0,0.0,High
HOS_1146,Dna Multispeciality Hospital - Mumbai,Hospital,Geomagnetic,74.16247797412278,100.0,0.0,0.0,0.0,High
HOS_1146,Dna Multispeciality Hospital - Mumbai,Hospital,Heat,74.16247797412278,100.0,0.0,0.0,0.0,High
HOS_1147,Dr. Masurkar Hospital,Hospital,Flood,74.16247797412278,100.0,0.0,0.0,0.0,High
HOS_1147,Dr. Masurkar Hospital,Hospital,Geomagnetic,74.16247797412278,100.0,0.0,0.0,0.0,High
HOS_1147,Dr. Masurkar Hospital,Hospital,Heat,74.16247797412278,100.0,0.0,0.0,0.0,High
HOS_1148,Gulmohar Eye Clinic,Hospital,Flood,74.16247797412278,100.0,0.0,0.0,0.0,High
HOS_1148,Gulmohar Eye Clinic,Hospital,Geomagnetic,74.16247797412278,100.0,0.0,0.0,0.0,High
HOS_1148,Gulmohar Eye Clinic,Hospital,Heat,74.16247797412278,100.0,0.0,0.0,0.0,High
HOS_1149,Kedar Nursing Home,Hospital,Flood,74.16247797412278,100.0,0.0,0.0,0.0,High
HOS_1149,Kedar Nursing Home,Hospital,Geomagnetic,74.16247797412278,100.0,0.0,0.0,0.0,High
HOS_1149,Kedar Nursing Home,Hospital,Heat,74.16247797412278,100.0,0.0,0.0,0.0,High
HOS_115,N S Optical Contact Lens Clinic Ghatkopar,Hospital,Flood,74.63835982916567,100.0,0.0,0.0,0.0,High
HOS_115,N S Optical Contact Lens Clinic Ghatkopar,Hospital,Geomagnetic,74.63835982916567,100.0,0.0,0.0,0.0,High
HOS_115,N S Optical Contact Lens Clinic Ghatkopar,Hospital,Heat,74.63835982916567,100.0,0.0,0.0,0.0,High
HOS_1150,Laxmi Clinic - Kandivli - (Mumbai),Hospital,Flood,72.61684039092529,100.0,0.0,0.0,0.0,High
HOS_1150,Laxmi Clinic - Kandivli - (Mumbai),Hospital,Geomagnetic,72.61684039092529,100.0,0.0,0.0,0.0,High
HOS_1150,Laxmi Clinic - Kandivli - (Mumbai),Hospital,Heat,72.61684039092529,100.0,0.0,0.0,0.0,High
HOS_1151,Medha Maternity and Nursing Home - Kandivali (E) Mumbai,Hospital,Flood,72.92544293193062,100.0,0.0,0.0,0.0,High
HOS_1151,Medha Maternity and Nursing Home - Kandivali (E) Mumbai,Hospital,Geomagnetic,72.92544293193062,100.0,0.0,0.0,0.0,High
HOS_1151,Medha Maternity and Nursing Home - Kandivali (E) Mumbai,Hospital,Heat,72.92544293193062,100.0,0.0,0.0,0.0,High
HOS_1152,New Life Nursing Home,Hospital,Flood,73.15826060693183,100.0,0.0,0.0,0.0,High
HOS_1152,New Life Nursing Home,Hospital,Geomagnetic,73.15826060693183,100.0,0.0,0.0,0.0,High
HOS_1152,New Life Nursing Home,Hospital,Heat,73.15826060693183,100.0,0.0,0.0,0.0,High
HOS_1153,Noble Hospital,Hospital,Flood,74.16247797412278,100.0,0.0,0.0,0.0,High
HOS_1153,Noble Hospital,Hospital,Geomagnetic,74.16247797412278,100.0,0.0,0.0,0.0,High
HOS_1153,Noble Hospital,Hospital,Heat,74.16247797412278,100.0,0.0,0.0,0.0,High
HOS_1154,Nupur Nursing Home - Kandivli,Hospital,Flood,76.9618542046381,100.0,0.0,0.0,0.0,Critical
HOS_1154,Nupur Nursing Home - Kandivli,Hospital,Geomagnetic,76.9618542046381,100.0,0.0,0.0,0.0,Critical
HOS_1154,Nupur Nursing Home - Kandivli,Hospital,Heat,76.9618542046381,100.0,0.0,0.0,0.0,Critical
HOS_1155,"Omm Sai Nursing Home - Kandivali, Mumbai",Hospital,Flood,74.12755773870141,100.0,0.0,0.0,0.0,High
HOS_1155,"Omm Sai Nursing Home - Kandivali, Mumbai",Hospital,Geomagnetic,74.12755773870141,100.0,0.0,0.0,0.0,High
HOS_1155,"Omm Sai Nursing Home - Kandivali, Mumbai",Hospital,Heat,74.12755773870141,100.0,0.0,0.0,0.0,High
HOS_1156,Ortho Plus Hospital,Hospital,Flood,74.16247797412278,100.0,0.0,0.0,0.0,High
HOS_1156,Ortho Plus Hospital,Hospital,Geomagnetic,74.16247797412278,100.0,0.0,0.0,0.0,High
HOS_1156,Ortho Plus Hospital,Hospital,Heat,74.16247797412278,100.0,0.0,0.0,0.0,High
HOS_1157,Paramount Ganpati Health Care - Kandivali,Hospital,Flood,74.12755773870141,100.0,0.0,0.0,0.0,High
HOS_1157,Paramount Ganpati Health Care - Kandivali,Hospital,Geomagnetic,74.12755773870141,100.0,0.0,0.0,0.0,High
HOS_1157,Paramount Ganpati Health Care - Kandivali,Hospital,Heat,74.12755773870141,100.0,0.0,0.0,0.0,High
HOS_1158,Saibaba Maternity and Nursing Home,Hospital,Flood,72.69636534819703,100.0,0.0,0.0,0.0,High
HOS_1158,Saibaba Maternity and Nursing Home,Hospital,Geomagnetic,72.69636534819703,100.0,0.0,0.0,0.0,High
HOS_1158,Saibaba Maternity and Nursing Home,Hospital,Heat,72.69636534819703,100.0,0.0,0.0,0.0,High
HOS_1159,Sanchaiti Hospital,Hospital,Flood,72.48754046136662,100.0,0.0,0.0,0.0,High
HOS_1159,Sanchaiti Hospital,Hospital,Geomagnetic,72.48754046136662,100.0,0.0,0.0,0.0,High
HOS_1159,Sanchaiti Hospital,Hospital,Heat,72.48754046136662,100.0,0.0,0.0,0.0,High
HOS_116,Om Shanti Manav Kalyan Netralay,Hospital,Flood,74.16247797412278,100.0,0.0,0.0,0.0,High
HOS_116,Om Shanti Manav Kalyan Netralay,Hospital,Geomagnetic,74.16247797412278,100.0,0.0,0.0,0.0,High
HOS_116,Om Shanti Manav Kalyan Netralay,Hospital,Heat,74.16247797412278,100.0,0.0,0.0,0.0,High
HOS_1160,Shree Sai Hospital,Hospital,Flood,74.16247797412278,100.0,0.0,0.0,0.0,High
HOS_1160,Shree Sai Hospital,Hospital,Geomagnetic,74.16247797412278,100.0,0.0,0.0,0.0,High
HOS_1160,Shree Sai Hospital,Hospital,Heat,74.16247797412278,100.0,0.0,0.0,0.0,High
HOS_1161,Shreeji Hospital (Kandivli),Hospital,Flood,72.94340311256768,100.0,0.0,0.0,0.0,High
HOS_1161,Shreeji Hospital (Kandivli),Hospital,Geomagnetic,72.94340311256768,100.0,0.0,0.0,0.0,High
HOS_1161,Shreeji Hospital (Kandivli),Hospital,Heat,72.94340311256768,100.0,0.0,0.0,0.0,High
HOS_1162,Speciality Ent Hospital,Hospital,Flood,74.16247797412278,100.0,0.0,0.0,0.0,High
HOS_1162,Speciality Ent Hospital,Hospital,Geomagnetic,74.16247797412278,100.0,0.0,0.0,0.0,High
HOS_1162,Speciality Ent Hospital,Hospital,Heat,74.16247797412278,100.0,0.0,0.0,0.0,High
HOS_1164,Vikas Diagnostic Centre,Hospital,Flood,73.9977590063757,100.0,0.0,0.0,0.0,High
HOS_1164,Vikas Diagnostic Centre,Hospital,Geomagnetic,73.9977590063757,100.0,0.0,0.0,0.0,High
HOS_1164,Vikas Diagnostic Centre,Hospital,Heat,73.9977590063757,100.0,0.0,0.0,0.0,High
HOS_1165,Crystal Eye Center,Hospital,Flood,74.16247797412278,100.0,0.0,0.0,0.0,High
HOS_1165,Crystal Eye Center,Hospital,Geomagnetic,74.16247797412278,100.0,0.0,0.0,0.0,High
HOS_1165,Crystal Eye Center,Hospital,Heat,74.16247797412278,100.0,0.0,0.0,0.0,High
HOS_1166,Dr Shah Piles Clinic,Hospital,Flood,68.20199255607885,100.0,0.0,0.0,0.0,High
HOS_1166,Dr Shah Piles Clinic,Hospital,Geomagnetic,68.20199255607885,100.0,0.0,0.0,0.0,High
HOS_1166,Dr Shah Piles Clinic,Hospital,Heat,68.20199255607885,100.0,0.0,0.0,0.0,High
HOS_1167,Dr Shahs Hospital,Hospital,Flood,74.16247797412278,100.0,0.0,0.0,0.0,High
HOS_1167,Dr Shahs Hospital,Hospital,Geomagnetic,74.16247797412278,100.0,0.0,0.0,0.0,High
HOS_1167,Dr Shahs Hospital,Hospital,Heat,74.16247797412278,100.0,0.0,0.0,0.0,High
HOS_1168,Linkway Nursing Home and Polyclinic,Hospital,Flood,69.77715035808524,100.0,0.0,0.0,0.0,High
HOS_1168,Linkway Nursing Home and Polyclinic,Hospital,Geomagnetic,69.77715035808524,100.0,0.0,0.0,0.0,High
HOS_1168,Linkway Nursing Home and Polyclinic,Hospital,Heat,69.77715035808524,100.0,0.0,0.0,0.0,High
HOS_1169,Mallika Hospital and Envision Eye Centre,Hospital,Flood,74.16247797412278,100.0,0.0,0.0,0.0,High
HOS_1169,Mallika Hospital and Envision Eye Centre,Hospital,Geomagnetic,74.16247797412278,100.0,0.0,0.0,0.0,High
HOS_1169,Mallika Hospital and Envision Eye Centre,Hospital,Heat,74.16247797412278,100.0,0.0,0.0,0.0,High
HOS_117,Parel Institute Of Orthopaedic Specialities,Hospital,Flood,72.5965570938787,100.0,0.0,0.0,0.0,High
HOS_117,Parel Institute Of Orthopaedic Specialities,Hospital,Geomagnetic,72.5965570938787,100.0,0.0,0.0,0.0,High
HOS_117,Parel Institute Of Orthopaedic Specialities,Hospital,Heat,72.5965570938787,100.0,0.0,0.0,0.0,High
HOS_1170,Mother Care Maternity And Surgical Nursing Home - Mumbai,Hospital,Flood,69.77715035808524,100.0,0.0,0.0,0.0,High
HOS_1170,Mother Care Maternity And Surgical Nursing Home - Mumbai,Hospital,Geomagnetic,69.77715035808524,100.0,0.0,0.0,0.0,High
HOS_1170,Mother Care Maternity And Surgical Nursing Home - Mumbai,Hospital,Heat,69.77715035808524,100.0,0.0,0.0,0.0,High
HOS_1172,Pooja Nursing Home,Hospital,Flood,69.77715035808524,100.0,0.0,0.0,0.0,High
HOS_1172,Pooja Nursing Home,Hospital,Geomagnetic,69.77715035808524,100.0,0.0,0.0,0.0,High
HOS_1172,Pooja Nursing Home,Hospital,Heat,69.77715035808524,100.0,0.0,0.0,0.0,High
HOS_1173,Pratima Maternity and Surgical Nursing Home,Hospital,Flood,69.33978871802614,100.0,0.0,0.0,0.0,High
HOS_1173,Pratima Maternity and Surgical Nursing Home,Hospital,Geomagnetic,69.33978871802614,100.0,0.0,0.0,0.0,High
HOS_1173,Pratima Maternity and Surgical Nursing Home,Hospital,Heat,69.33978871802614,100.0,0.0,0.0,0.0,High
HOS_1174,Shivam Netram Eye Hospital,Hospital,Flood,69.95260951856693,100.0,0.0,0.0,0.0,High
HOS_1174,Shivam Netram Eye Hospital,Hospital,Geomagnetic,69.95260951856693,100.0,0.0,0.0,0.0,High
HOS_1174,Shivam Netram Eye Hospital,Hospital,Heat,69.95260951856693,100.0,0.0,0.0,0.0,High
HOS_1175,Ameya Orthopaedic Centre,Hospital,Flood,75.70592163455052,100.0,0.0,0.0,0.0,Critical
HOS_1175,Ameya Orthopaedic Centre,Hospital,Geomagnetic,75.70592163455052,100.0,0.0,0.0,0.0,Critical
HOS_1175,Ameya Orthopaedic Centre,Hospital,Heat,75.70592163455052,100.0,0.0,0.0,0.0,Critical
HOS_1176,Kini Nursing Home,Hospital,Flood,74.16247797412278,100.0,0.0,0.0,0.0,High
HOS_1176,Kini Nursing Home,Hospital,Geomagnetic,74.16247797412278,100.0,0.0,0.0,0.0,High
HOS_1176,Kini Nursing Home,Hospital,Heat,74.16247797412278,100.0,0.0,0.0,0.0,High
HOS_1177,Netra Mandir,Hospital,Flood,74.16247797412278,100.0,0.0,0.0,0.0,High
HOS_1177,Netra Mandir,Hospital,Geomagnetic,74.16247797412278,100.0,0.0,0.0,0.0,High
HOS_1177,Netra Mandir,Hospital,Heat,74.16247797412278,100.0,0.0,0.0,0.0,High
HOS_1178,Sohum Eyecare and Oculoplasty Centre,Hospital,Flood,76.49336037343545,100.0,0.0,0.0,0.0,Critical
HOS_1178,Sohum Eyecare and Oculoplasty Centre,Hospital,Geomagnetic,76.49336037343545,100.0,0.0,0.0,0.0,Critical
HOS_1178,Sohum Eyecare and Oculoplasty Centre,Hospital,Heat,76.49336037343545,100.0,0.0,0.0,0.0,Critical
HOS_1179,Dr. Bamis Fracture and Hand Clinic - Goregaon,Hospital,Flood,71.04793361773841,100.0,0.0,0.0,0.0,High
HOS_1179,Dr. Bamis Fracture and Hand Clinic - Goregaon,Hospital,Geomagnetic,71.04793361773841,100.0,0.0,0.0,0.0,High
HOS_1179,Dr. Bamis Fracture and Hand Clinic - Goregaon,Hospital,Heat,71.04793361773841,100.0,0.0,0.0,0.0,High
HOS_118,Dr Nerurkars Harish Nursing Home,Hospital,Flood,74.16247797412278,100.0,0.0,0.0,0.0,High
HOS_118,Dr Nerurkars Harish Nursing Home,Hospital,Geomagnetic,74.16247797412278,100.0,0.0,0.0,0.0,High
HOS_118,Dr Nerurkars Harish Nursing Home,Hospital,Heat,74.16247797412278,100.0,0.0,0.0,0.0,High
HOS_1180,Pooja Hospital,Hospital,Flood,71.04793361773841,100.0,0.0,0.0,0.0,High
HOS_1180,Pooja Hospital,Hospital,Geomagnetic,71.04793361773841,100.0,0.0,0.0,0.0,High
HOS_1180,Pooja Hospital,Hospital,Heat,71.04793361773841,100.0,0.0,0.0,0.0,High
HOS_1181,"Breach Candy Hospital, Mumbai",Hospital,Flood,79.84902108883662,100.0,0.0,0.0,0.0,Critical
HOS_1181,"Breach Candy Hospital, Mumbai",Hospital,Geomagnetic,79.84902108883662,100.0,0.0,0.0,0.0,Critical
HOS_1181,"Breach Candy Hospital, Mumbai",Hospital,Heat,79.84902108883662,100.0,0.0,0.0,0.0,Critical
HOS_1182,Cumbala Hill Hospital and Heart Institute,Hospital,Flood,79.47129797487554,100.0,0.0,0.0,0.0,Critical
HOS_1182,Cumbala Hill Hospital and Heart Institute,Hospital,Geomagnetic,79.47129797487554,100.0,0.0,0.0,0.0,Critical
HOS_1182,Cumbala Hill Hospital and Heart Institute,Hospital,Heat,79.47129797487554,100.0,0.0,0.0,0.0,Critical
HOS_1183,Asian Heart Institute And Research Center,Hospital,Flood,68.42887781283446,100.0,0.0,0.0,0.0,High
HOS_1183,Asian Heart Institute And Research Center,Hospital,Geomagnetic,68.42887781283446,100.0,0.0,0.0,0.0,High
HOS_1183,Asian Heart Institute And Research Center,Hospital,Heat,68.42887781283446,100.0,0.0,0.0,0.0,High
HOS_1184,Lilavati Hospital and Research Center,Hospital,Flood,70.18933333154399,100.0,0.0,0.0,0.0,High
HOS_1184,Lilavati Hospital and Research Center,Hospital,Geomagnetic,70.18933333154399,100.0,0.0,0.0,0.0,High
HOS_1184,Lilavati Hospital and Research Center,Hospital,Heat,70.18933333154399,100.0,0.0,0.0,0.0,High
HOS_1185,Tata Memorial Hospital,Hospital,Flood,72.60451262479658,100.0,0.0,0.0,0.0,High
HOS_1185,Tata Memorial Hospital,Hospital,Geomagnetic,72.60451262479658,100.0,0.0,0.0,0.0,High
HOS_1185,Tata Memorial Hospital,Hospital,Heat,72.60451262479658,100.0,0.0,0.0,0.0,High
HOS_1186,Bhatia General Hospital,Hospital,Flood,78.29721976560774,100.0,0.0,0.0,0.0,Critical
HOS_1186,Bhatia General Hospital,Hospital,Geomagnetic,78.29721976560774,100.0,0.0,0.0,0.0,Critical
HOS_1186,Bhatia General Hospital,Hospital,Heat,78.29721976560774,100.0,0.0,0.0,0.0,Critical
HOS_1187,Seven Hills Hospital,Hospital,Flood,68.46748011945414,100.0,0.0,0.0,0.0,High
HOS_1187,Seven Hills Hospital,Hospital,Geomagnetic,68.46748011945414,100.0,0.0,0.0,0.0,High
HOS_1187,Seven Hills Hospital,Hospital,Heat,68.46748011945414,100.0,0.0,0.0,0.0,High
HOS_1188,Bombay Hospital And Medical Research Center,Hospital,Flood,78.97437678906462,100.0,0.0,0.0,0.0,Critical
HOS_1188,Bombay Hospital And Medical Research Center,Hospital,Geomagnetic,78.97437678906462,100.0,0.0,0.0,0.0,Critical
HOS_1188,Bombay Hospital And Medical Research Center,Hospital,Heat,78.97437678906462,100.0,0.0,0.0,0.0,Critical
HOS_1189,P.D.Hinduja National Hospital and Research center,Hospital,Flood,70.21991202123392,100.0,0.0,0.0,0.0,High
HOS_1189,P.D.Hinduja National Hospital and Research center,Hospital,Geomagnetic,70.21991202123392,100.0,0.0,0.0,0.0,High
HOS_1189,P.D.Hinduja National Hospital and Research center,Hospital,Heat,70.21991202123392,100.0,0.0,0.0,0.0,High
HOS_119,Dr.Mugdha Ranade Eye Clinic,Hospital,Flood,74.16247797412278,100.0,0.0,0.0,0.0,High
HOS_119,Dr.Mugdha Ranade Eye Clinic,Hospital,Geomagnetic,74.16247797412278,100.0,0.0,0.0,0.0,High
HOS_119,Dr.Mugdha Ranade Eye Clinic,Hospital,Heat,74.16247797412278,100.0,0.0,0.0,0.0,High
HOS_1190,Saifee Hospital,Hospital,Flood,78.9102361107011,100.0,0.0,0.0,0.0,Critical
HOS_1190,Saifee Hospital,Hospital,Geomagnetic,78.9102361107011,100.0,0.0,0.0,0.0,Critical
HOS_1190,Saifee Hospital,Hospital,Heat,78.9102361107011,100.0,0.0,0.0,0.0,Critical
HOS_1191,"Fortis Hospitals, Mulund",Hospital,Flood,73.30765650720164,100.0,0.0,0.0,0.0,High
HOS_1191,"Fortis Hospitals, Mulund",Hospital,Geomagnetic,73.30765650720164,100.0,0.0,0.0,0.0,High
HOS_1191,"Fortis Hospitals, Mulund",Hospital,Heat,73.30765650720164,100.0,0.0,0.0,0.0,High
HOS_1192,Jaslok Hospital And Medical Research Institute,Hospital,Flood,78.59298552297503,100.0,0.0,0.0,0.0,Critical
HOS_1192,Jaslok Hospital And Medical Research Institute,Hospital,Geomagnetic,78.59298552297503,100.0,0.0,0.0,0.0,Critical
HOS_1192,Jaslok Hospital And Medical Research Institute,Hospital,Heat,78.59298552297503,100.0,0.0,0.0,0.0,Critical
HOS_1193,Guru Nanak Hospital,Hospital,Flood,74.16247797412278,100.0,0.0,0.0,0.0,High
HOS_1193,Guru Nanak Hospital,Hospital,Geomagnetic,74.16247797412278,100.0,0.0,0.0,0.0,High
HOS_1193,Guru Nanak Hospital,Hospital,Heat,74.16247797412278,100.0,0.0,0.0,0.0,High
HOS_1194,Criticare Multispeciality Hospital and Research Centre,Hospital,Flood,69.06346070062182,100.0,0.0,0.0,0.0,High
HOS_1194,Criticare Multispeciality Hospital and Research Centre,Hospital,Geomagnetic,69.06346070062182,100.0,0.0,0.0,0.0,High
HOS_1194,Criticare Multispeciality Hospital and Research Centre,Hospital,Heat,69.06346070062182,100.0,0.0,0.0,0.0,High
HOS_1195,Surana Sethia Hospital and Research Centre,Hospital,Flood,70.27832463653228,100.0,0.0,0.0,0.0,High
HOS_1195,Surana Sethia Hospital and Research Centre,Hospital,Geomagnetic,70.27832463653228,100.0,0.0,0.0,0.0,High
HOS_1195,Surana Sethia Hospital and Research Centre,Hospital,Heat,70.27832463653228,100.0,0.0,0.0,0.0,High
HOS_1196,Balaji Hospital,Hospital,Flood,75.26292982593448,100.0,0.0,0.0,0.0,Critical
HOS_1196,Balaji Hospital,Hospital,Geomagnetic,75.26292982593448,100.0,0.0,0.0,0.0,Critical
HOS_1196,Balaji Hospital,Hospital,Heat,75.26292982593448,100.0,0.0,0.0,0.0,Critical
HOS_1197,Kokilaben Dhirubhai Ambani Hospital and Medical Research Institute,Hospital,Flood,71.1963438073447,100.0,0.0,0.0,0.0,High
HOS_1197,Kokilaben Dhirubhai Ambani Hospital and Medical Research Institute,Hospital,Geomagnetic,71.1963438073447,100.0,0.0,0.0,0.0,High
HOS_1197,Kokilaben Dhirubhai Ambani Hospital and Medical Research Institute,Hospital,Heat,71.1963438073447,100.0,0.0,0.0,0.0,High
HOS_1198,Aditya Jyot Eye Hospital,Hospital,Flood,71.20008563815108,100.0,0.0,0.0,0.0,High
HOS_1198,Aditya Jyot Eye Hospital,Hospital,Geomagnetic,71.20008563815108,100.0,0.0,0.0,0.0,High
HOS_1198,Aditya Jyot Eye Hospital,Hospital,Heat,71.20008563815108,100.0,0.0,0.0,0.0,High
HOS_1199,Shree Bidada Sarvodaya Trust Hospital,Hospital,Flood,72.88812748605656,100.0,0.0,0.0,0.0,High
HOS_1199,Shree Bidada Sarvodaya Trust Hospital,Hospital,Geomagnetic,72.88812748605656,100.0,0.0,0.0,0.0,High
HOS_1199,Shree Bidada Sarvodaya Trust Hospital,Hospital,Heat,72.88812748605656,100.0,0.0,0.0,0.0,High
HOS_12,Dr. Sandeep S. Nagvekar,Hospital,Flood,74.16247797412278,100.0,0.0,0.0,0.0,High
HOS_12,Dr. Sandeep S. Nagvekar,Hospital,Geomagnetic,74.16247797412278,100.0,0.0,0.0,0.0,High
HOS_12,Dr. Sandeep S. Nagvekar,Hospital,Heat,74.16247797412278,100.0,0.0,0.0,0.0,High
HOS_120,Harish Nursing Home,Hospital,Flood,74.34333767166007,100.0,0.0,0.0,0.0,High
HOS_120,Harish Nursing Home,Hospital,Geomagnetic,74.34333767166007,100.0,0.0,0.0,0.0,High
HOS_120,Harish Nursing Home,Hospital,Heat,74.34333767166007,100.0,0.0,0.0,0.0,High
HOS_1200,Bombay City Eye Institute and Research Centre,Hospital,Flood,78.15745295934829,100.0,0.0,0.0,0.0,Critical
HOS_1200,Bombay City Eye Institute and Research Centre,Hospital,Geomagnetic,78.15745295934829,100.0,0.0,0.0,0.0,Critical
HOS_1200,Bombay City Eye Institute and Research Centre,Hospital,Heat,78.15745295934829,100.0,0.0,0.0,0.0,Critical
HOS_1201,The B.D.Petit Parsee General Hospital,Hospital,Flood,80.14432331840712,100.0,0.0,0.0,0.0,Critical
HOS_1201,The B.D.Petit Parsee General Hospital,Hospital,Geomagnetic,80.14432331840712,100.0,0.0,0.0,0.0,Critical
HOS_1201,The B.D.Petit Parsee General Hospital,Hospital,Heat,80.14432331840712,100.0,0.0,0.0,0.0,Critical
HOS_1202,"Centre For Sight, Juhu",Hospital,Flood,68.3642445304303,100.0,0.0,0.0,0.0,High
HOS_1202,"Centre For Sight, Juhu",Hospital,Geomagnetic,68.3642445304303,100.0,0.0,0.0,0.0,High
HOS_1202,"Centre For Sight, Juhu",Hospital,Heat,68.3642445304303,100.0,0.0,0.0,0.0,High
HOS_1203,Asian Heart Institute,Hospital,Flood,68.9506818115588,100.0,0.0,0.0,0.0,High
HOS_1203,Asian Heart Institute,Hospital,Geomagnetic,68.9506818115588,100.0,0.0,0.0,0.0,High
HOS_1203,Asian Heart Institute,Hospital,Heat,68.9506818115588,100.0,0.0,0.0,0.0,High
HOS_1205,"CGHS Dispensary No.2, Pedder Road,",Hospital,Flood,74.16247797412278,100.0,0.0,0.0,0.0,High
HOS_1205,"CGHS Dispensary No.2, Pedder Road,",Hospital,Geomagnetic,74.16247797412278,100.0,0.0,0.0,0.0,High
HOS_1205,"CGHS Dispensary No.2, Pedder Road,",Hospital,Heat,74.16247797412278,100.0,0.0,0.0,0.0,High
HOS_1206,"CGHS Dispensary No.3, Worli",Hospital,Flood,74.16247797412278,100.0,0.0,0.0,0.0,High
HOS_1206,"CGHS Dispensary No.3, Worli",Hospital,Geomagnetic,74.16247797412278,100.0,0.0,0.0,0.0,High
HOS_1206,"CGHS Dispensary No.3, Worli",Hospital,Heat,74.16247797412278,100.0,0.0,0.0,0.0,High
HOS_1207,"CGHS Dispensary No.4, Mahim Building",Hospital,Flood,74.16247797412278,100.0,0.0,0.0,0.0,High
HOS_1207,"CGHS Dispensary No.4, Mahim Building",Hospital,Geomagnetic,74.16247797412278,100.0,0.0,0.0,0.0,High
HOS_1207,"CGHS Dispensary No.4, Mahim Building",Hospital,Heat,74.16247797412278,100.0,0.0,0.0,0.0,High
HOS_1208,"CGHS Dispensary No.5, Santacruz",Hospital,Flood,67.77413096256596,100.0,0.0,0.0,0.0,High
HOS_1208,"CGHS Dispensary No.5, Santacruz",Hospital,Geomagnetic,67.77413096256596,100.0,0.0,0.0,0.0,High
HOS_1208,"CGHS Dispensary No.5, Santacruz",Hospital,Heat,67.77413096256596,100.0,0.0,0.0,0.0,High
HOS_1209,"CGHS Dispensary No.6, Ghatkopar",Hospital,Flood,74.5445104087586,100.0,0.0,0.0,0.0,High
HOS_1209,"CGHS Dispensary No.6, Ghatkopar",Hospital,Geomagnetic,74.5445104087586,100.0,0.0,0.0,0.0,High
HOS_1209,"CGHS Dispensary No.6, Ghatkopar",Hospital,Heat,74.5445104087586,100.0,0.0,0.0,0.0,High
HOS_121,Jain Diagnotic Centre,Hospital,Flood,74.28542363107255,100.0,0.0,0.0,0.0,High
HOS_121,Jain Diagnotic Centre,Hospital,Geomagnetic,74.28542363107255,100.0,0.0,0.0,0.0,High
HOS_121,Jain Diagnotic Centre,Hospital,Heat,74.28542363107255,100.0,0.0,0.0,0.0,High
HOS_1210,"CGHS Dispensary No.7, Wadala",Hospital,Flood,74.16247797412278,100.0,0.0,0.0,0.0,High
HOS_1210,"CGHS Dispensary No.7, Wadala",Hospital,Geomagnetic,74.16247797412278,100.0,0.0,0.0,0.0,High
HOS_1210,"CGHS Dispensary No.7, Wadala",Hospital,Heat,74.16247797412278,100.0,0.0,0.0,0.0,High
HOS_1211,"CGHS Dispensary No.8, Koliwada",Hospital,Flood,70.1103477087515,100.0,0.0,0.0,0.0,High
HOS_1211,"CGHS Dispensary No.8, Koliwada",Hospital,Geomagnetic,70.1103477087515,100.0,0.0,0.0,0.0,High
HOS_1211,"CGHS Dispensary No.8, Koliwada",Hospital,Heat,70.1103477087515,100.0,0.0,0.0,0.0,High
HOS_1212,CGHS Dispensary No.9,Hospital,Flood,74.16247797412278,100.0,0.0,0.0,0.0,High
HOS_1212,CGHS Dispensary No.9,Hospital,Geomagnetic,74.16247797412278,100.0,0.0,0.0,0.0,High
HOS_1212,CGHS Dispensary No.9,Hospital,Heat,74.16247797412278,100.0,0.0,0.0,0.0,High
HOS_1213,"CGHS Dispensary No.10, Bandra",Hospital,Flood,69.42115206177554,100.0,0.0,0.0,0.0,High
HOS_1213,"CGHS Dispensary No.10, Bandra",Hospital,Geomagnetic,69.42115206177554,100.0,0.0,0.0,0.0,High
HOS_1213,"CGHS Dispensary No.10, Bandra",Hospital,Heat,69.42115206177554,100.0,0.0,0.0,0.0,High
HOS_1214,"CGHS Dispensary No.11, Byculla",Hospital,Flood,75.84654753685265,100.0,0.0,0.0,0.0,Critical
HOS_1214,"CGHS Dispensary No.11, Byculla",Hospital,Geomagnetic,75.84654753685265,100.0,0.0,0.0,0.0,Critical
HOS_1214,"CGHS Dispensary No.11, Byculla",Hospital,Heat,75.84654753685265,100.0,0.0,0.0,0.0,Critical
HOS_1215,"CGHS Dispensary No.14, Vakola",Hospital,Flood,68.30022563770468,100.0,0.0,0.0,0.0,High
HOS_1215,"CGHS Dispensary No.14, Vakola",Hospital,Geomagnetic,68.30022563770468,100.0,0.0,0.0,0.0,High
HOS_1215,"CGHS Dispensary No.14, Vakola",Hospital,Heat,68.30022563770468,100.0,0.0,0.0,0.0,High
HOS_1216,"CGHS Dispensary No.15, Deonar",Hospital,Flood,74.16247797412278,100.0,0.0,0.0,0.0,High
HOS_1216,"CGHS Dispensary No.15, Deonar",Hospital,Geomagnetic,74.16247797412278,100.0,0.0,0.0,0.0,High
HOS_1216,"CGHS Dispensary No.15, Deonar",Hospital,Heat,74.16247797412278,100.0,0.0,0.0,0.0,High
HOS_1217,"CGHS Dispensary No.16, Matunga",Hospital,Flood,74.16247797412278,100.0,0.0,0.0,0.0,High
HOS_1217,"CGHS Dispensary No.16, Matunga",Hospital,Geomagnetic,74.16247797412278,100.0,0.0,0.0,0.0,High
HOS_1217,"CGHS Dispensary No.16, Matunga",Hospital,Heat,74.16247797412278,100.0,0.0,0.0,0.0,High
HOS_1218,"CGHS Dispensary No.17, Bhandup",Hospital,Flood,73.85775106233253,100.0,0.0,0.0,0.0,High
HOS_1218,"CGHS Dispensary No.17, Bhandup",Hospital,Geomagnetic,73.85775106233253,100.0,0.0,0.0,0.0,High
HOS_1218,"CGHS Dispensary No.17, Bhandup",Hospital,Heat,73.85775106233253,100.0,0.0,0.0,0.0,High
HOS_1219,"CGHS Dispensary No., Vikhroli",Hospital,Flood,74.16247797412278,100.0,0.0,0.0,0.0,High
HOS_1219,"CGHS Dispensary No., Vikhroli",Hospital,Geomagnetic,74.16247797412278,100.0,0.0,0.0,0.0,High
HOS_1219,"CGHS Dispensary No., Vikhroli",Hospital,Heat,74.16247797412278,100.0,0.0,0.0,0.0,High
HOS_122,Akshi Eye Centre,Hospital,Flood,71.27389433318066,100.0,0.0,0.0,0.0,High
HOS_122,Akshi Eye Centre,Hospital,Geomagnetic,71.27389433318066,100.0,0.0,0.0,0.0,High
HOS_122,Akshi Eye Centre,Hospital,Heat,71.27389433318066,100.0,0.0,0.0,0.0,High
HOS_1220,"CGHS Dispensary No.19, Mulund",Hospital,Flood,75.35871570409986,100.0,0.0,0.0,0.0,Critical
HOS_1220,"CGHS Dispensary No.19, Mulund",Hospital,Geomagnetic,75.35871570409986,100.0,0.0,0.0,0.0,Critical
HOS_1220,"CGHS Dispensary No.19, Mulund",Hospital,Heat,75.35871570409986,100.0,0.0,0.0,0.0,Critical
HOS_1221,"CGHS Dispensary No.20, Goregaon",Hospital,Flood,74.16247797412278,100.0,0.0,0.0,0.0,High
HOS_1221,"CGHS Dispensary No.20, Goregaon",Hospital,Geomagnetic,74.16247797412278,100.0,0.0,0.0,0.0,High
HOS_1221,"CGHS Dispensary No.20, Goregaon",Hospital,Heat,74.16247797412278,100.0,0.0,0.0,0.0,High
HOS_1222,"CGHS Dispensary No.21, Sahar",Hospital,Flood,67.6844959340284,100.0,0.0,0.0,0.0,High
HOS_1222,"CGHS Dispensary No.21, Sahar",Hospital,Geomagnetic,67.6844959340284,100.0,0.0,0.0,0.0,High
HOS_1222,"CGHS Dispensary No.21, Sahar",Hospital,Heat,67.6844959340284,100.0,0.0,0.0,0.0,High
HOS_1223,CGHS Dispensary No.22,Hospital,Flood,74.16247797412278,100.0,0.0,0.0,0.0,High
HOS_1223,CGHS Dispensary No.22,Hospital,Geomagnetic,74.16247797412278,100.0,0.0,0.0,0.0,High
HOS_1223,CGHS Dispensary No.22,Hospital,Heat,74.16247797412278,100.0,0.0,0.0,0.0,High
HOS_1224,CGHS Dispensary No.23,Hospital,Flood,74.16247797412278,100.0,0.0,0.0,0.0,High
HOS_1224,CGHS Dispensary No.23,Hospital,Geomagnetic,74.16247797412278,100.0,0.0,0.0,0.0,High
HOS_1224,CGHS Dispensary No.23,Hospital,Heat,74.16247797412278,100.0,0.0,0.0,0.0,High
HOS_1225,"CGHS Dispensary No.24, Kanjurmarg",Hospital,Flood,74.16247797412278,100.0,0.0,0.0,0.0,High
HOS_1225,"CGHS Dispensary No.24, Kanjurmarg",Hospital,Geomagnetic,74.16247797412278,100.0,0.0,0.0,0.0,High
HOS_1225,"CGHS Dispensary No.24, Kanjurmarg",Hospital,Heat,74.16247797412278,100.0,0.0,0.0,0.0,High
HOS_1226,"CGHS Dispensary No.25, Jogeshwari",Hospital,Flood,69.01213968511271,100.0,0.0,0.0,0.0,High
HOS_1226,"CGHS Dispensary No.25, Jogeshwari",Hospital,Geomagnetic,69.01213968511271,100.0,0.0,0.0,0.0,High
HOS_1226,"CGHS Dispensary No.25, Jogeshwari",Hospital,Heat,69.01213968511271,100.0,0.0,0.0,0.0,High
HOS_1227,"CGHS Dispensary No.26, Seepz",Hospital,Flood,68.46748011945414,100.0,0.0,0.0,0.0,High
HOS_1227,"CGHS Dispensary No.26, Seepz",Hospital,Geomagnetic,68.46748011945414,100.0,0.0,0.0,0.0,High
HOS_1227,"CGHS Dispensary No.26, Seepz",Hospital,Heat,68.46748011945414,100.0,0.0,0.0,0.0,High
HOS_1228,"CGHS Sub-Dispensary, Juhu",Hospital,Flood,74.16247797412278,100.0,0.0,0.0,0.0,High
HOS_1228,"CGHS Sub-Dispensary, Juhu",Hospital,Geomagnetic,74.16247797412278,100.0,0.0,0.0,0.0,High
HOS_1228,"CGHS Sub-Dispensary, Juhu",Hospital,Heat,74.16247797412278,100.0,0.0,0.0,0.0,High
HOS_1229,CGHS Sub-Dispensary Nepean Sea Road,Hospital,Flood,80.89148215485157,100.0,0.0,0.0,0.0,Critical
HOS_1229,CGHS Sub-Dispensary Nepean Sea Road,Hospital,Geomagnetic,80.89148215485157,100.0,0.0,0.0,0.0,Critical
HOS_1229,CGHS Sub-Dispensary Nepean Sea Road,Hospital,Heat,80.89148215485157,100.0,0.0,0.0,0.0,Critical
HOS_123,Arthroscopy and Sports Medicine Institute,Hospital,Flood,74.16247797412278,100.0,0.0,0.0,0.0,High
HOS_123,Arthroscopy and Sports Medicine Institute,Hospital,Geomagnetic,74.16247797412278,100.0,0.0,0.0,0.0,High
HOS_123,Arthroscopy and Sports Medicine Institute,Hospital,Heat,74.16247797412278,100.0,0.0,0.0,0.0,High
HOS_1230,"CGHS Polyclinic, Ballard Estate",Hospital,Flood,74.16247797412278,100.0,0.0,0.0,0.0,High
HOS_1230,"CGHS Polyclinic, Ballard Estate",Hospital,Geomagnetic,74.16247797412278,100.0,0.0,0.0,0.0,High
HOS_1230,"CGHS Polyclinic, Ballard Estate",Hospital,Heat,74.16247797412278,100.0,0.0,0.0,0.0,High
HOS_1231,CGHS Polyclinic Koliwada,Hospital,Flood,70.16132682133563,100.0,0.0,0.0,0.0,High
HOS_1231,CGHS Polyclinic Koliwada,Hospital,Geomagnetic,70.16132682133563,100.0,0.0,0.0,0.0,High
HOS_1231,CGHS Polyclinic Koliwada,Hospital,Heat,70.16132682133563,100.0,0.0,0.0,0.0,High
HOS_1232,Aayush Eye Clinic Microsurgery and Laser Centre,Hospital,Flood,71.2294469894269,100.0,0.0,0.0,0.0,High
HOS_1232,Aayush Eye Clinic Microsurgery and Laser Centre,Hospital,Geomagnetic,71.2294469894269,100.0,0.0,0.0,0.0,High
HOS_1232,Aayush Eye Clinic Microsurgery and Laser Centre,Hospital,Heat,71.2294469894269,100.0,0.0,0.0,0.0,High
HOS_1233,Abhishek Nursing Home,Hospital,Flood,70.51187568367286,100.0,0.0,0.0,0.0,High
HOS_1233,Abhishek Nursing Home,Hospital,Geomagnetic,70.51187568367286,100.0,0.0,0.0,0.0,High
HOS_1233,Abhishek Nursing Home,Hospital,Heat,70.51187568367286,100.0,0.0,0.0,0.0,High
HOS_1234,Aditi Hospital,Hospital,Flood,73.56854143890334,100.0,0.0,0.0,0.0,High
HOS_1234,Aditi Hospital,Hospital,Geomagnetic,73.56854143890334,100.0,0.0,0.0,0.0,High
HOS_1234,Aditi Hospital,Hospital,Heat,73.56854143890334,100.0,0.0,0.0,0.0,High
HOS_1235,Dr.Shyam Agrawal,Hospital,Flood,74.16247797412278,100.0,0.0,0.0,0.0,High
HOS_1235,Dr.Shyam Agrawal,Hospital,Geomagnetic,74.16247797412278,100.0,0.0,0.0,0.0,High
HOS_1235,Dr.Shyam Agrawal,Hospital,Heat,74.16247797412278,100.0,0.0,0.0,0.0,High
HOS_1236,Amruta Surgical And Maternity Home,Hospital,Flood,70.4919983227194,100.0,0.0,0.0,0.0,High
HOS_1236,Amruta Surgical And Maternity Home,Hospital,Geomagnetic,70.4919983227194,100.0,0.0,0.0,0.0,High
HOS_1236,Amruta Surgical And Maternity Home,Hospital,Heat,70.4919983227194,100.0,0.0,0.0,0.0,High
HOS_1237,Apex Hospital,Hospital,Flood,80.87570176930016,100.0,0.0,0.0,0.0,Critical
HOS_1237,Apex Hospital,Hospital,Geomagnetic,80.87570176930016,100.0,0.0,0.0,0.0,Critical
HOS_1237,Apex Hospital,Hospital,Heat,80.87570176930016,100.0,0.0,0.0,0.0,Critical
HOS_1238,Dr. L H Hiranandani Hospital,Hospital,Flood,72.41127897607095,100.0,0.0,0.0,0.0,High
HOS_1238,Dr. L H Hiranandani Hospital,Hospital,Geomagnetic,72.41127897607095,100.0,0.0,0.0,0.0,High
HOS_1238,Dr. L H Hiranandani Hospital,Hospital,Heat,72.41127897607095,100.0,0.0,0.0,0.0,High
HOS_1239,P D Hinduja National Hospital and Research Centre,Hospital,Flood,70.21991202123392,100.0,0.0,0.0,0.0,High
HOS_1239,P D Hinduja National Hospital and Research Centre,Hospital,Geomagnetic,70.21991202123392,100.0,0.0,0.0,0.0,High
HOS_1239,P D Hinduja National Hospital and Research Centre,Hospital,Heat,70.21991202123392,100.0,0.0,0.0,0.0,High
HOS_124,Ashirvad Clinic(Dr.Vandana Walvekar),Hospital,Flood,71.05449755932669,100.0,0.0,0.0,0.0,High
HOS_124,Ashirvad Clinic(Dr.Vandana Walvekar),Hospital,Geomagnetic,71.05449755932669,100.0,0.0,0.0,0.0,High
HOS_124,Ashirvad Clinic(Dr.Vandana Walvekar),Hospital,Heat,71.05449755932669,100.0,0.0,0.0,0.0,High
HOS_1240,Godrej Memorial Hospital,Hospital,Flood,72.76765075804968,100.0,0.0,0.0,0.0,High
HOS_1240,Godrej Memorial Hospital,Hospital,Geomagnetic,72.76765075804968,100.0,0.0,0.0,0.0,High
HOS_1240,Godrej Memorial Hospital,Hospital,Heat,72.76765075804968,100.0,0.0,0.0,0.0,High
HOS_1241,Holy Spirit Hospital,Hospital,Flood,85.60411198604815,100.0,0.0,0.0,0.0,Critical
HOS_1241,Holy Spirit Hospital,Hospital,Geomagnetic,85.60411198604815,100.0,0.0,0.0,0.0,Critical
HOS_1241,Holy Spirit Hospital,Hospital,Heat,85.60411198604815,100.0,0.0,0.0,0.0,Critical
HOS_1242,Holy Family Hospital,Hospital,Flood,87.67368215136241,100.0,0.0,0.0,0.0,Critical
HOS_1242,Holy Family Hospital,Hospital,Geomagnetic,87.67368215136241,100.0,0.0,0.0,0.0,Critical
HOS_1242,Holy Family Hospital,Hospital,Heat,87.67368215136241,100.0,0.0,0.0,0.0,Critical
HOS_1243,Lilavati Hospital and Research Centre,Hospital,Flood,86.4689361621217,100.0,0.0,0.0,0.0,Critical
HOS_1243,Lilavati Hospital and Research Centre,Hospital,Geomagnetic,86.4689361621217,100.0,0.0,0.0,0.0,Critical
HOS_1243,Lilavati Hospital and Research Centre,Hospital,Heat,86.4689361621217,100.0,0.0,0.0,0.0,Critical
HOS_1245,Jaslok Hospital,Hospital,Flood,90.98037887454814,100.0,0.0,0.0,0.0,Critical
HOS_1245,Jaslok Hospital,Hospital,Geomagnetic,90.98037887454814,100.0,0.0,0.0,0.0,Critical
HOS_1245,Jaslok Hospital,Hospital,Heat,90.98037887454814,100.0,0.0,0.0,0.0,Critical
HOS_1246,Kohinoor Hospital,Hospital,Flood,74.16247797412278,100.0,0.0,0.0,0.0,High
HOS_1246,Kohinoor Hospital,Hospital,Geomagnetic,74.16247797412278,100.0,0.0,0.0,0.0,High
HOS_1246,Kohinoor Hospital,Hospital,Heat,74.16247797412278,100.0,0.0,0.0,0.0,High
HOS_1247,Fortis Hospital Mulund,Hospital,Flood,88.09445294693094,100.0,0.0,0.0,0.0,Critical
HOS_1247,Fortis Hospital Mulund,Hospital,Geomagnetic,88.09445294693094,100.0,0.0,0.0,0.0,Critical
HOS_1247,Fortis Hospital Mulund,Hospital,Heat,88.09445294693094,100.0,0.0,0.0,0.0,Critical
HOS_1248,Seven Hills Hospital,Hospital,Flood,69.26107428607561,100.0,0.0,0.0,0.0,High
HOS_1248,Seven Hills Hospital,Hospital,Geomagnetic,69.26107428607561,100.0,0.0,0.0,0.0,High
HOS_1248,Seven Hills Hospital,Hospital,Heat,69.26107428607561,100.0,0.0,0.0,0.0,High
HOS_1249,Zynova Heart Hospital,Hospital,Flood,72.10084577801686,100.0,0.0,0.0,0.0,High
HOS_1249,Zynova Heart Hospital,Hospital,Geomagnetic,72.10084577801686,100.0,0.0,0.0,0.0,High
HOS_1249,Zynova Heart Hospital,Hospital,Heat,72.10084577801686,100.0,0.0,0.0,0.0,High
HOS_125,Ashirwad Transfusion And Chemotherapy Centre,Hospital,Flood,68.20199255607885,100.0,0.0,0.0,0.0,High
HOS_125,Ashirwad Transfusion And Chemotherapy Centre,Hospital,Geomagnetic,68.20199255607885,100.0,0.0,0.0,0.0,High
HOS_125,Ashirwad Transfusion And Chemotherapy Centre,Hospital,Heat,68.20199255607885,100.0,0.0,0.0,0.0,High
HOS_1250,Zenith Hospital,Hospital,Flood,83.76683124878467,100.0,0.0,0.0,0.0,Critical
HOS_1250,Zenith Hospital,Hospital,Geomagnetic,83.76683124878467,100.0,0.0,0.0,0.0,Critical
HOS_1250,Zenith Hospital,Hospital,Heat,83.76683124878467,100.0,0.0,0.0,0.0,Critical
HOS_1251,The Eye Super Specialities,Hospital,Flood,70.43571470598988,100.0,0.0,0.0,0.0,High
HOS_1251,The Eye Super Specialities,Hospital,Geomagnetic,70.43571470598988,100.0,0.0,0.0,0.0,High
HOS_1251,The Eye Super Specialities,Hospital,Heat,70.43571470598988,100.0,0.0,0.0,0.0,High
HOS_1252,Swastik Hospital and Research Centre,Hospital,Flood,70.6059008521143,100.0,0.0,0.0,0.0,High
HOS_1252,Swastik Hospital and Research Centre,Hospital,Geomagnetic,70.6059008521143,100.0,0.0,0.0,0.0,High
HOS_1252,Swastik Hospital and Research Centre,Hospital,Heat,70.6059008521143,100.0,0.0,0.0,0.0,High
HOS_1253,Sushrut Hospital and Research Centre,Hospital,Flood,70.6059008521143,100.0,0.0,0.0,0.0,High
HOS_1253,Sushrut Hospital and Research Centre,Hospital,Geomagnetic,70.6059008521143,100.0,0.0,0.0,0.0,High
HOS_1253,Sushrut Hospital and Research Centre,Hospital,Heat,70.6059008521143,100.0,0.0,0.0,0.0,High
HOS_1254,Surya Eye Institute and Research Centre Pvt Ltd,Hospital,Flood,75.35871570409986,100.0,0.0,0.0,0.0,Critical
HOS_1254,Surya Eye Institute and Research Centre Pvt Ltd,Hospital,Geomagnetic,75.35871570409986,100.0,0.0,0.0,0.0,Critical
HOS_1254,Surya Eye Institute and Research Centre Pvt Ltd,Hospital,Heat,75.35871570409986,100.0,0.0,0.0,0.0,Critical
HOS_1255,Suruchi Eye Centre,Hospital,Flood,81.02063905437086,100.0,0.0,0.0,0.0,Critical
HOS_1255,Suruchi Eye Centre,Hospital,Geomagnetic,81.02063905437086,100.0,0.0,0.0,0.0,Critical
HOS_1255,Suruchi Eye Centre,Hospital,Heat,81.02063905437086,100.0,0.0,0.0,0.0,Critical
HOS_1256,Surana Hospital and Research Centre,Hospital,Flood,74.16247797412278,100.0,0.0,0.0,0.0,High
HOS_1256,Surana Hospital and Research Centre,Hospital,Geomagnetic,74.16247797412278,100.0,0.0,0.0,0.0,High
HOS_1256,Surana Hospital and Research Centre,Hospital,Heat,74.16247797412278,100.0,0.0,0.0,0.0,High
HOS_1257,Suprabha Surgicare,Hospital,Flood,70.63339062928986,100.0,0.0,0.0,0.0,High
HOS_1257,Suprabha Surgicare,Hospital,Geomagnetic,70.63339062928986,100.0,0.0,0.0,0.0,High
HOS_1257,Suprabha Surgicare,Hospital,Heat,70.63339062928986,100.0,0.0,0.0,0.0,High
HOS_1258,Sujay Hospital,Hospital,Flood,69.41094417487078,100.0,0.0,0.0,0.0,High
HOS_1258,Sujay Hospital,Hospital,Geomagnetic,69.41094417487078,100.0,0.0,0.0,0.0,High
HOS_1258,Sujay Hospital,Hospital,Heat,69.41094417487078,100.0,0.0,0.0,0.0,High
HOS_1259,Smt.S.R.Mehta and Sir K.P.Cardiac Institute,Hospital,Flood,74.16247797412278,100.0,0.0,0.0,0.0,High
HOS_1259,Smt.S.R.Mehta and Sir K.P.Cardiac Institute,Hospital,Geomagnetic,74.16247797412278,100.0,0.0,0.0,0.0,High
HOS_1259,Smt.S.R.Mehta and Sir K.P.Cardiac Institute,Hospital,Heat,74.16247797412278,100.0,0.0,0.0,0.0,High
HOS_126,Ashwini Accident Hospital and Poly Clinic,Hospital,Flood,74.16247797412278,100.0,0.0,0.0,0.0,High
HOS_126,Ashwini Accident Hospital and Poly Clinic,Hospital,Geomagnetic,74.16247797412278,100.0,0.0,0.0,0.0,High
HOS_126,Ashwini Accident Hospital and Poly Clinic,Hospital,Heat,74.16247797412278,100.0,0.0,0.0,0.0,High
HOS_1260,Global Hospital Super Speciality and Transplant Center,Hospital,Flood,74.16247797412278,100.0,0.0,0.0,0.0,High
HOS_1260,Global Hospital Super Speciality and Transplant Center,Hospital,Geomagnetic,74.16247797412278,100.0,0.0,0.0,0.0,High
HOS_1260,Global Hospital Super Speciality and Transplant Center,Hospital,Heat,74.16247797412278,100.0,0.0,0.0,0.0,High
HOS_1261,Gokul Hospital,Hospital,Flood,73.22208395003166,100.0,0.0,0.0,0.0,High
HOS_1261,Gokul Hospital,Hospital,Geomagnetic,73.22208395003166,100.0,0.0,0.0,0.0,High
HOS_1261,Gokul Hospital,Hospital,Heat,73.22208395003166,100.0,0.0,0.0,0.0,High
HOS_1262,Gomathi Eye Centre,Hospital,Flood,74.16247797412278,100.0,0.0,0.0,0.0,High
HOS_1262,Gomathi Eye Centre,Hospital,Geomagnetic,74.16247797412278,100.0,0.0,0.0,0.0,High
HOS_1262,Gomathi Eye Centre,Hospital,Heat,74.16247797412278,100.0,0.0,0.0,0.0,High
HOS_1263,Hinduja Healthcare Surgical,Hospital,Flood,69.5670565390899,100.0,0.0,0.0,0.0,High
HOS_1263,Hinduja Healthcare Surgical,Hospital,Geomagnetic,69.5670565390899,100.0,0.0,0.0,0.0,High
HOS_1263,Hinduja Healthcare Surgical,Hospital,Heat,69.5670565390899,100.0,0.0,0.0,0.0,High
HOS_1264,Hira Mongi Navneet Hospital,Hospital,Flood,85.72327267901859,100.0,0.0,0.0,0.0,Critical
HOS_1264,Hira Mongi Navneet Hospital,Hospital,Geomagnetic,85.72327267901859,100.0,0.0,0.0,0.0,Critical
HOS_1264,Hira Mongi Navneet Hospital,Hospital,Heat,85.72327267901859,100.0,0.0,0.0,0.0,Critical
HOS_1265,Inlaks General Hospital,Hospital,Flood,81.97328068498132,100.0,0.0,0.0,0.0,Critical
HOS_1265,Inlaks General Hospital,Hospital,Geomagnetic,81.97328068498132,100.0,0.0,0.0,0.0,Critical
HOS_1265,Inlaks General Hospital,Hospital,Heat,81.97328068498132,100.0,0.0,0.0,0.0,Critical
HOS_1266,Jaslok Hospital And Research Centre,Hospital,Flood,79.54758397054849,100.0,0.0,0.0,0.0,Critical
HOS_1266,Jaslok Hospital And Research Centre,Hospital,Geomagnetic,79.54758397054849,100.0,0.0,0.0,0.0,Critical
HOS_1266,Jaslok Hospital And Research Centre,Hospital,Heat,79.54758397054849,100.0,0.0,0.0,0.0,Critical
HOS_1267,Joy Hospital Pvt Ltd,Hospital,Flood,70.38237009483329,100.0,0.0,0.0,0.0,High
HOS_1267,Joy Hospital Pvt Ltd,Hospital,Geomagnetic,70.38237009483329,100.0,0.0,0.0,0.0,High
HOS_1267,Joy Hospital Pvt Ltd,Hospital,Heat,70.38237009483329,100.0,0.0,0.0,0.0,High
HOS_1268,Jupiter Hospital,Hospital,Flood,89.78394226462025,100.0,0.0,0.0,0.0,Critical
HOS_1268,Jupiter Hospital,Hospital,Geomagnetic,89.78394226462025,100.0,0.0,0.0,0.0,Critical
HOS_1268,Jupiter Hospital,Hospital,Heat,89.78394226462025,100.0,0.0,0.0,0.0,Critical
HOS_127,Asmi Arthroscopy and Sports Medicine Institute,Hospital,Flood,71.19197491083212,100.0,0.0,0.0,0.0,High
HOS_127,Asmi Arthroscopy and Sports Medicine Institute,Hospital,Geomagnetic,71.19197491083212,100.0,0.0,0.0,0.0,High
HOS_127,Asmi Arthroscopy and Sports Medicine Institute,Hospital,Heat,71.19197491083212,100.0,0.0,0.0,0.0,High
HOS_1270,Kaushalya Medical Foundation Trust Hospital,Hospital,Flood,83.76683124878467,100.0,0.0,0.0,0.0,Critical
HOS_1270,Kaushalya Medical Foundation Trust Hospital,Hospital,Geomagnetic,83.76683124878467,100.0,0.0,0.0,0.0,Critical
HOS_1270,Kaushalya Medical Foundation Trust Hospital,Hospital,Heat,83.76683124878467,100.0,0.0,0.0,0.0,Critical
HOS_1271,Kkasturi Medicare Pvt Ltd,Hospital,Flood,80.87570176930016,100.0,0.0,0.0,0.0,Critical
HOS_1271,Kkasturi Medicare Pvt Ltd,Hospital,Geomagnetic,80.87570176930016,100.0,0.0,0.0,0.0,Critical
HOS_1271,Kkasturi Medicare Pvt Ltd,Hospital,Heat,80.87570176930016,100.0,0.0,0.0,0.0,Critical
HOS_1272,Kohinoor Hospitals Pvt Ltd,Hospital,Flood,91.12948335830188,100.0,0.0,0.0,0.0,Critical
HOS_1272,Kohinoor Hospitals Pvt Ltd,Hospital,Geomagnetic,91.12948335830188,100.0,0.0,0.0,0.0,Critical
HOS_1272,Kohinoor Hospitals Pvt Ltd,Hospital,Heat,91.12948335830188,100.0,0.0,0.0,0.0,Critical
HOS_1273,Kokilaben Dhirubhai Ambani Hospital,Hospital,Flood,89.50955335514142,100.0,0.0,0.0,0.0,Critical
HOS_1273,Kokilaben Dhirubhai Ambani Hospital,Hospital,Geomagnetic,89.50955335514142,100.0,0.0,0.0,0.0,Critical
HOS_1273,Kokilaben Dhirubhai Ambani Hospital,Hospital,Heat,89.50955335514142,100.0,0.0,0.0,0.0,Critical
HOS_1274,Krishna Cardiac Care Centre,Hospital,Flood,74.16247797412278,100.0,0.0,0.0,0.0,High
HOS_1274,Krishna Cardiac Care Centre,Hospital,Geomagnetic,74.16247797412278,100.0,0.0,0.0,0.0,High
HOS_1274,Krishna Cardiac Care Centre,Hospital,Heat,74.16247797412278,100.0,0.0,0.0,0.0,High
HOS_1275,Aditya Jyot Eye Hospital,Hospital,Flood,74.16247797412278,100.0,0.0,0.0,0.0,High
HOS_1275,Aditya Jyot Eye Hospital,Hospital,Geomagnetic,74.16247797412278,100.0,0.0,0.0,0.0,High
HOS_1275,Aditya Jyot Eye Hospital,Hospital,Heat,74.16247797412278,100.0,0.0,0.0,0.0,High
HOS_1276,Life Care Hospital,Hospital,Flood,77.94834012833624,100.0,0.0,0.0,0.0,Critical
HOS_1276,Life Care Hospital,Hospital,Geomagnetic,77.94834012833624,100.0,0.0,0.0,0.0,Critical
HOS_1276,Life Care Hospital,Hospital,Heat,77.94834012833624,100.0,0.0,0.0,0.0,Critical
HOS_1277,Lifeline Hospital,Hospital,Flood,72.57765309089238,100.0,0.0,0.0,0.0,High
HOS_1277,Lifeline Hospital,Hospital,Geomagnetic,72.57765309089238,100.0,0.0,0.0,0.0,High
HOS_1277,Lifeline Hospital,Hospital,Heat,72.57765309089238,100.0,0.0,0.0,0.0,High
HOS_1278,Lotus Ent Hospital,Hospital,Flood,74.16247797412278,100.0,0.0,0.0,0.0,High
HOS_1278,Lotus Ent Hospital,Hospital,Geomagnetic,74.16247797412278,100.0,0.0,0.0,0.0,High
HOS_1278,Lotus Ent Hospital,Hospital,Heat,74.16247797412278,100.0,0.0,0.0,0.0,High
HOS_1279,Maa Nursing Home And Netra Jyoti Eye Care Center,Hospital,Flood,74.16247797412278,100.0,0.0,0.0,0.0,High
HOS_1279,Maa Nursing Home And Netra Jyoti Eye Care Center,Hospital,Geomagnetic,74.16247797412278,100.0,0.0,0.0,0.0,High
HOS_1279,Maa Nursing Home And Netra Jyoti Eye Care Center,Hospital,Heat,74.16247797412278,100.0,0.0,0.0,0.0,High
HOS_128,B N D Onco Center,Hospital,Flood,71.36717511258357,100.0,0.0,0.0,0.0,High
HOS_128,B N D Onco Center,Hospital,Geomagnetic,71.36717511258357,100.0,0.0,0.0,0.0,High
HOS_128,B N D Onco Center,Hospital,Heat,71.36717511258357,100.0,0.0,0.0,0.0,High
HOS_1280,Madhu Polyclinic and Nursing Home,Hospital,Flood,84.74393741105536,100.0,0.0,0.0,0.0,Critical
HOS_1280,Madhu Polyclinic and Nursing Home,Hospital,Geomagnetic,84.74393741105536,100.0,0.0,0.0,0.0,Critical
HOS_1280,Madhu Polyclinic and Nursing Home,Hospital,Heat,84.74393741105536,100.0,0.0,0.0,0.0,Critical
HOS_1281,Mahavir Medical Research Centre,Hospital,Flood,81.00731570794602,100.0,0.0,0.0,0.0,Critical
HOS_1281,Mahavir Medical Research Centre,Hospital,Geomagnetic,81.00731570794602,100.0,0.0,0.0,0.0,Critical
HOS_1281,Mahavir Medical Research Centre,Hospital,Heat,81.00731570794602,100.0,0.0,0.0,0.0,Critical
HOS_1282,Nanavati Hospital,Hospital,Flood,85.27500068880639,100.0,0.0,0.0,0.0,Critical
HOS_1282,Nanavati Hospital,Hospital,Geomagnetic,85.27500068880639,100.0,0.0,0.0,0.0,Critical
HOS_1282,Nanavati Hospital,Hospital,Heat,85.27500068880639,100.0,0.0,0.0,0.0,Critical
HOS_1284,Nulife Hospital,Hospital,Flood,70.4919983227194,100.0,0.0,0.0,0.0,High
HOS_1284,Nulife Hospital,Hospital,Geomagnetic,70.4919983227194,100.0,0.0,0.0,0.0,High
HOS_1284,Nulife Hospital,Hospital,Heat,70.4919983227194,100.0,0.0,0.0,0.0,High
HOS_1285,Om Navjeevan Hospital,Hospital,Flood,74.16247797412278,100.0,0.0,0.0,0.0,High
HOS_1285,Om Navjeevan Hospital,Hospital,Geomagnetic,74.16247797412278,100.0,0.0,0.0,0.0,High
HOS_1285,Om Navjeevan Hospital,Hospital,Heat,74.16247797412278,100.0,0.0,0.0,0.0,High
HOS_1286,Orbit Eye Hospital,Hospital,Flood,69.77715035808524,100.0,0.0,0.0,0.0,High
HOS_1286,Orbit Eye Hospital,Hospital,Geomagnetic,69.77715035808524,100.0,0.0,0.0,0.0,High
HOS_1286,Orbit Eye Hospital,Hospital,Heat,69.77715035808524,100.0,0.0,0.0,0.0,High
HOS_1287,Parakh Hospital,Hospital,Flood,70.43571470598988,100.0,0.0,0.0,0.0,High
HOS_1287,Parakh Hospital,Hospital,Geomagnetic,70.43571470598988,100.0,0.0,0.0,0.0,High
HOS_1287,Parakh Hospital,Hospital,Heat,70.43571470598988,100.0,0.0,0.0,0.0,High
HOS_1288,Paramount General Hospital and ICCU,Hospital,Flood,68.89998601483578,100.0,0.0,0.0,0.0,High
HOS_1288,Paramount General Hospital and ICCU,Hospital,Geomagnetic,68.89998601483578,100.0,0.0,0.0,0.0,High
HOS_1288,Paramount General Hospital and ICCU,Hospital,Heat,68.89998601483578,100.0,0.0,0.0,0.0,High
HOS_1289,Platinum Hospitals,Hospital,Flood,86.07392736109759,100.0,0.0,0.0,0.0,Critical
HOS_1289,Platinum Hospitals,Hospital,Geomagnetic,86.07392736109759,100.0,0.0,0.0,0.0,Critical
HOS_1289,Platinum Hospitals,Hospital,Heat,86.07392736109759,100.0,0.0,0.0,0.0,Critical
HOS_129,Dr Khandeparkars Nursing Home,Hospital,Flood,71.17272292776319,100.0,0.0,0.0,0.0,High
HOS_129,Dr Khandeparkars Nursing Home,Hospital,Geomagnetic,71.17272292776319,100.0,0.0,0.0,0.0,High
HOS_129,Dr Khandeparkars Nursing Home,Hospital,Heat,71.17272292776319,100.0,0.0,0.0,0.0,High
HOS_1290,Prince Aly Khan Hospital,Hospital,Flood,85.42255730196105,100.0,0.0,0.0,0.0,Critical
HOS_1290,Prince Aly Khan Hospital,Hospital,Geomagnetic,85.42255730196105,100.0,0.0,0.0,0.0,Critical
HOS_1290,Prince Aly Khan Hospital,Hospital,Heat,85.42255730196105,100.0,0.0,0.0,0.0,Critical
HOS_1291,Punamiya Hospital,Hospital,Flood,70.8535982265341,100.0,0.0,0.0,0.0,High
HOS_1291,Punamiya Hospital,Hospital,Geomagnetic,70.8535982265341,100.0,0.0,0.0,0.0,High
HOS_1291,Punamiya Hospital,Hospital,Heat,70.8535982265341,100.0,0.0,0.0,0.0,High
HOS_1292,\nDr.Mukhi's Raj Hospital,Hospital,Flood,81.52945732486255,100.0,0.0,0.0,0.0,Critical
HOS_1292,\nDr.Mukhi's Raj Hospital,Hospital,Geomagnetic,81.52945732486255,100.0,0.0,0.0,0.0,Critical
HOS_1292,\nDr.Mukhi's Raj Hospital,Hospital,Heat,81.52945732486255,100.0,0.0,0.0,0.0,Critical
HOS_1293,Rane Heart Hospital,Hospital,Flood,76.76666643207862,100.0,0.0,0.0,0.0,Critical
HOS_1293,Rane Heart Hospital,Hospital,Geomagnetic,76.76666643207862,100.0,0.0,0.0,0.0,Critical
HOS_1293,Rane Heart Hospital,Hospital,Heat,76.76666643207862,100.0,0.0,0.0,0.0,Critical
HOS_1294,RG Stone Urology and Laparoscopy Hospital,Hospital,Flood,74.16247797412278,100.0,0.0,0.0,0.0,High
HOS_1294,RG Stone Urology and Laparoscopy Hospital,Hospital,Geomagnetic,74.16247797412278,100.0,0.0,0.0,0.0,High
HOS_1294,RG Stone Urology and Laparoscopy Hospital,Hospital,Heat,74.16247797412278,100.0,0.0,0.0,0.0,High
HOS_1295,Riddhivinayak Critical Care and Cardiac Centre,Hospital,Flood,74.16247797412278,100.0,0.0,0.0,0.0,High
HOS_1295,Riddhivinayak Critical Care and Cardiac Centre,Hospital,Geomagnetic,74.16247797412278,100.0,0.0,0.0,0.0,High
HOS_1295,Riddhivinayak Critical Care and Cardiac Centre,Hospital,Heat,74.16247797412278,100.0,0.0,0.0,0.0,High
HOS_1296,Roshni Eye Hospital,Hospital,Flood,68.89998601483578,100.0,0.0,0.0,0.0,High
HOS_1296,Roshni Eye Hospital,Hospital,Geomagnetic,68.89998601483578,100.0,0.0,0.0,0.0,High
HOS_1296,Roshni Eye Hospital,Hospital,Heat,68.89998601483578,100.0,0.0,0.0,0.0,High
HOS_1297,Rushabh Eye Hospital And Laser Centre,Hospital,Flood,71.25729737321731,100.0,0.0,0.0,0.0,High
HOS_1297,Rushabh Eye Hospital And Laser Centre,Hospital,Geomagnetic,71.25729737321731,100.0,0.0,0.0,0.0,High
HOS_1297,Rushabh Eye Hospital And Laser Centre,Hospital,Heat,71.25729737321731,100.0,0.0,0.0,0.0,High
HOS_1298,S.L.Raheja Hospital,Hospital,Flood,84.69077550033474,100.0,0.0,0.0,0.0,Critical
HOS_1298,S.L.Raheja Hospital,Hospital,Geomagnetic,84.69077550033474,100.0,0.0,0.0,0.0,Critical
HOS_1298,S.L.Raheja Hospital,Hospital,Heat,84.69077550033474,100.0,0.0,0.0,0.0,Critical
HOS_1299,Sai Seva Hospital And Icu,Hospital,Flood,84.29130798202812,100.0,0.0,0.0,0.0,Critical
HOS_1299,Sai Seva Hospital And Icu,Hospital,Geomagnetic,84.29130798202812,100.0,0.0,0.0,0.0,Critical
HOS_1299,Sai Seva Hospital And Icu,Hospital,Heat,84.29130798202812,100.0,0.0,0.0,0.0,Critical
HOS_13,Dr.Apte Maternity and Nursing Home,Hospital,Flood,74.16247797412278,100.0,0.0,0.0,0.0,High
HOS_13,Dr.Apte Maternity and Nursing Home,Hospital,Geomagnetic,74.16247797412278,100.0,0.0,0.0,0.0,High
HOS_13,Dr.Apte Maternity and Nursing Home,Hospital,Heat,74.16247797412278,100.0,0.0,0.0,0.0,High
HOS_130,Dr Kulkarni Hospital,Hospital,Flood,69.11034576804366,100.0,0.0,0.0,0.0,High
HOS_130,Dr Kulkarni Hospital,Hospital,Geomagnetic,69.11034576804366,100.0,0.0,0.0,0.0,High
HOS_130,Dr Kulkarni Hospital,Hospital,Heat,69.11034576804366,100.0,0.0,0.0,0.0,High
HOS_1300,Saifee Hospital,Hospital,Flood,89.68013524756579,100.0,0.0,0.0,0.0,Critical
HOS_1300,Saifee Hospital,Hospital,Geomagnetic,89.68013524756579,100.0,0.0,0.0,0.0,Critical
HOS_1300,Saifee Hospital,Hospital,Heat,89.68013524756579,100.0,0.0,0.0,0.0,Critical
HOS_1301,Sai lee Hospital and Diagnostic Centre,Hospital,Flood,77.25745146891947,100.0,0.0,0.0,0.0,Critical
HOS_1301,Sai lee Hospital and Diagnostic Centre,Hospital,Geomagnetic,77.25745146891947,100.0,0.0,0.0,0.0,Critical
HOS_1301,Sai lee Hospital and Diagnostic Centre,Hospital,Heat,77.25745146891947,100.0,0.0,0.0,0.0,Critical
HOS_1302,Sangita Maternity Surgical and Diagnostic Centre,Hospital,Flood,68.79388937708522,100.0,0.0,0.0,0.0,High
HOS_1302,Sangita Maternity Surgical and Diagnostic Centre,Hospital,Geomagnetic,68.79388937708522,100.0,0.0,0.0,0.0,High
HOS_1302,Sangita Maternity Surgical and Diagnostic Centre,Hospital,Heat,68.79388937708522,100.0,0.0,0.0,0.0,High
HOS_1303,Sanjeevani Surgical And General Hospital,Hospital,Flood,84.43107707333772,100.0,0.0,0.0,0.0,Critical
HOS_1303,Sanjeevani Surgical And General Hospital,Hospital,Geomagnetic,84.43107707333772,100.0,0.0,0.0,0.0,Critical
HOS_1303,Sanjeevani Surgical And General Hospital,Hospital,Heat,84.43107707333772,100.0,0.0,0.0,0.0,Critical
HOS_1304,Smt S.R.Mehta and Sir K.P.Cardiac Institute,Hospital,Flood,74.16247797412278,100.0,0.0,0.0,0.0,High
HOS_1304,Smt S.R.Mehta and Sir K.P.Cardiac Institute,Hospital,Geomagnetic,74.16247797412278,100.0,0.0,0.0,0.0,High
HOS_1304,Smt S.R.Mehta and Sir K.P.Cardiac Institute,Hospital,Heat,74.16247797412278,100.0,0.0,0.0,0.0,High
HOS_1305,Speciality Ear Nose Throat Hospital,Hospital,Flood,74.16247797412278,100.0,0.0,0.0,0.0,High
HOS_1305,Speciality Ear Nose Throat Hospital,Hospital,Geomagnetic,74.16247797412278,100.0,0.0,0.0,0.0,High
HOS_1305,Speciality Ear Nose Throat Hospital,Hospital,Heat,74.16247797412278,100.0,0.0,0.0,0.0,High
HOS_1306,Sujay Hospital,Hospital,Flood,76.0271935836051,100.0,0.0,0.0,0.0,Critical
HOS_1306,Sujay Hospital,Hospital,Geomagnetic,76.0271935836051,100.0,0.0,0.0,0.0,Critical
HOS_1306,Sujay Hospital,Hospital,Heat,76.0271935836051,100.0,0.0,0.0,0.0,Critical
HOS_1307,Suman Eye Clinic and Surgery Centre,Hospital,Flood,72.5337558009865,100.0,0.0,0.0,0.0,High
HOS_1307,Suman Eye Clinic and Surgery Centre,Hospital,Geomagnetic,72.5337558009865,100.0,0.0,0.0,0.0,High
HOS_1307,Suman Eye Clinic and Surgery Centre,Hospital,Heat,72.5337558009865,100.0,0.0,0.0,0.0,High
HOS_1308,Surana Sethia Hospital and Research Centre,Hospital,Flood,71.46792106346908,100.0,0.0,0.0,0.0,High
HOS_1308,Surana Sethia Hospital and Research Centre,Hospital,Geomagnetic,71.46792106346908,100.0,0.0,0.0,0.0,High
HOS_1308,Surana Sethia Hospital and Research Centre,Hospital,Heat,71.46792106346908,100.0,0.0,0.0,0.0,High
HOS_131,Dr M B Agarwalclinic,Hospital,Flood,68.20199255607885,100.0,0.0,0.0,0.0,High
HOS_131,Dr M B Agarwalclinic,Hospital,Geomagnetic,68.20199255607885,100.0,0.0,0.0,0.0,High
HOS_131,Dr M B Agarwalclinic,Hospital,Heat,68.20199255607885,100.0,0.0,0.0,0.0,High
HOS_132,Dr R M Jangada Clinic Dadar,Hospital,Flood,71.4549169415113,100.0,0.0,0.0,0.0,High
HOS_132,Dr R M Jangada Clinic Dadar,Hospital,Geomagnetic,71.4549169415113,100.0,0.0,0.0,0.0,High
HOS_132,Dr R M Jangada Clinic Dadar,Hospital,Heat,71.4549169415113,100.0,0.0,0.0,0.0,High
HOS_133,Dr. Karmarkar Hospital,Hospital,Flood,71.28585021381262,100.0,0.0,0.0,0.0,High
HOS_133,Dr. Karmarkar Hospital,Hospital,Geomagnetic,71.28585021381262,100.0,0.0,0.0,0.0,High
HOS_133,Dr. Karmarkar Hospital,Hospital,Heat,71.28585021381262,100.0,0.0,0.0,0.0,High
HOS_134,Dr. Vaze`S Nursing Home And Eye Clinic,Hospital,Flood,74.16247797412278,100.0,0.0,0.0,0.0,High
HOS_134,Dr. Vaze`S Nursing Home And Eye Clinic,Hospital,Geomagnetic,74.16247797412278,100.0,0.0,0.0,0.0,High
HOS_134,Dr. Vaze`S Nursing Home And Eye Clinic,Hospital,Heat,74.16247797412278,100.0,0.0,0.0,0.0,High
HOS_135,Elixir Hospital,Hospital,Flood,71.2584432254527,100.0,0.0,0.0,0.0,High
HOS_135,Elixir Hospital,Hospital,Geomagnetic,71.2584432254527,100.0,0.0,0.0,0.0,High
HOS_135,Elixir Hospital,Hospital,Heat,71.2584432254527,100.0,0.0,0.0,0.0,High
HOS_136,G S B S Medical Trust,Hospital,Flood,71.96822773826106,100.0,0.0,0.0,0.0,High
HOS_136,G S B S Medical Trust,Hospital,Geomagnetic,71.96822773826106,100.0,0.0,0.0,0.0,High
HOS_136,G S B S Medical Trust,Hospital,Heat,71.96822773826106,100.0,0.0,0.0,0.0,High
HOS_137,Haematology Centre,Hospital,Flood,68.20199255607885,100.0,0.0,0.0,0.0,High
HOS_137,Haematology Centre,Hospital,Geomagnetic,68.20199255607885,100.0,0.0,0.0,0.0,High
HOS_137,Haematology Centre,Hospital,Heat,68.20199255607885,100.0,0.0,0.0,0.0,High
HOS_138,Kashyap Nursing Home,Hospital,Flood,74.16247797412278,100.0,0.0,0.0,0.0,High
HOS_138,Kashyap Nursing Home,Hospital,Geomagnetic,74.16247797412278,100.0,0.0,0.0,0.0,High
HOS_138,Kashyap Nursing Home,Hospital,Heat,74.16247797412278,100.0,0.0,0.0,0.0,High
HOS_139,Krishna Cardiac Care Centre,Hospital,Flood,70.72214891099449,100.0,0.0,0.0,0.0,High
HOS_139,Krishna Cardiac Care Centre,Hospital,Geomagnetic,70.72214891099449,100.0,0.0,0.0,0.0,High
HOS_139,Krishna Cardiac Care Centre,Hospital,Heat,70.72214891099449,100.0,0.0,0.0,0.0,High
HOS_14,Dr.Jaydeep S Khedkar,Hospital,Flood,71.01813486387144,100.0,0.0,0.0,0.0,High
HOS_14,Dr.Jaydeep S Khedkar,Hospital,Geomagnetic,71.01813486387144,100.0,0.0,0.0,0.0,High
HOS_14,Dr.Jaydeep S Khedkar,Hospital,Heat,71.01813486387144,100.0,0.0,0.0,0.0,High
HOS_140,Laud Clinic,Hospital,Flood,71.12501956114599,100.0,0.0,0.0,0.0,High
HOS_140,Laud Clinic,Hospital,Geomagnetic,71.12501956114599,100.0,0.0,0.0,0.0,High
HOS_140,Laud Clinic,Hospital,Heat,71.12501956114599,100.0,0.0,0.0,0.0,High
HOS_141,Navneet Jain Health Center,Hospital,Flood,71.0567556932254,100.0,0.0,0.0,0.0,High
HOS_141,Navneet Jain Health Center,Hospital,Geomagnetic,71.0567556932254,100.0,0.0,0.0,0.0,High
HOS_141,Navneet Jain Health Center,Hospital,Heat,71.0567556932254,100.0,0.0,0.0,0.0,High
HOS_142,Nehru Nagar Medical Center,Hospital,Flood,74.16247797412278,100.0,0.0,0.0,0.0,High
HOS_142,Nehru Nagar Medical Center,Hospital,Geomagnetic,74.16247797412278,100.0,0.0,0.0,0.0,High
HOS_142,Nehru Nagar Medical Center,Hospital,Heat,74.16247797412278,100.0,0.0,0.0,0.0,High
HOS_143,Nirmal Nursing Home,Hospital,Flood,74.16247797412278,100.0,0.0,0.0,0.0,High
HOS_143,Nirmal Nursing Home,Hospital,Geomagnetic,74.16247797412278,100.0,0.0,0.0,0.0,High
HOS_143,Nirmal Nursing Home,Hospital,Heat,74.16247797412278,100.0,0.0,0.0,0.0,High
HOS_144,Prof (Dr.) M B Agarwals Haematology Day Care Centr,Hospital,Flood,68.20199255607885,100.0,0.0,0.0,0.0,High
HOS_144,Prof (Dr.) M B Agarwals Haematology Day Care Centr,Hospital,Geomagnetic,68.20199255607885,100.0,0.0,0.0,0.0,High
HOS_144,Prof (Dr.) M B Agarwals Haematology Day Care Centr,Hospital,Heat,68.20199255607885,100.0,0.0,0.0,0.0,High
HOS_145,Shree Samarth Nursing Home,Hospital,Flood,77.13605133037336,100.0,0.0,0.0,0.0,Critical
HOS_145,Shree Samarth Nursing Home,Hospital,Geomagnetic,77.13605133037336,100.0,0.0,0.0,0.0,Critical
HOS_145,Shree Samarth Nursing Home,Hospital,Heat,77.13605133037336,100.0,0.0,0.0,0.0,Critical
HOS_146,Shrikhande Clinic,Hospital,Flood,71.05449755932669,100.0,0.0,0.0,0.0,High
HOS_146,Shrikhande Clinic,Hospital,Geomagnetic,71.05449755932669,100.0,0.0,0.0,0.0,High
HOS_146,Shrikhande Clinic,Hospital,Heat,71.05449755932669,100.0,0.0,0.0,0.0,High
HOS_147,Suprabha Surgicare,Hospital,Flood,71.96822773826106,100.0,0.0,0.0,0.0,High
HOS_147,Suprabha Surgicare,Hospital,Geomagnetic,71.96822773826106,100.0,0.0,0.0,0.0,High
HOS_147,Suprabha Surgicare,Hospital,Heat,71.96822773826106,100.0,0.0,0.0,0.0,High
HOS_148,Dr. Haresh L Gala Clinic-Acharya Donde Marg.,Hospital,Flood,68.20199255607885,100.0,0.0,0.0,0.0,High
HOS_148,Dr. Haresh L Gala Clinic-Acharya Donde Marg.,Hospital,Geomagnetic,68.20199255607885,100.0,0.0,0.0,0.0,High
HOS_148,Dr. Haresh L Gala Clinic-Acharya Donde Marg.,Hospital,Heat,68.20199255607885,100.0,0.0,0.0,0.0,High
HOS_149,Sewree Nursing Home,Hospital,Flood,68.20199255607885,100.0,0.0,0.0,0.0,High
HOS_149,Sewree Nursing Home,Hospital,Geomagnetic,68.20199255607885,100.0,0.0,0.0,0.0,High
HOS_149,Sewree Nursing Home,Hospital,Heat,68.20199255607885,100.0,0.0,0.0,0.0,High
HOS_15,Gokul Nursing Home and Iccu,Hospital,Flood,71.40404569957646,100.0,0.0,0.0,0.0,High
HOS_15,Gokul Nursing Home and Iccu,Hospital,Geomagnetic,71.40404569957646,100.0,0.0,0.0,0.0,High
HOS_15,Gokul Nursing Home and Iccu,Hospital,Heat,71.40404569957646,100.0,0.0,0.0,0.0,High
HOS_150,Dr Haresh Shah Prabhat Maternity and Surgical Nursing Home,Hospital,Flood,74.16247797412278,100.0,0.0,0.0,0.0,High
HOS_150,Dr Haresh Shah Prabhat Maternity and Surgical Nursing Home,Hospital,Geomagnetic,74.16247797412278,100.0,0.0,0.0,0.0,High
HOS_150,Dr Haresh Shah Prabhat Maternity and Surgical Nursing Home,Hospital,Heat,74.16247797412278,100.0,0.0,0.0,0.0,High
HOS_151,Dr. Fonsecas Maternity and Surgical Home,Hospital,Flood,69.97301971975733,100.0,0.0,0.0,0.0,High
HOS_151,Dr. Fonsecas Maternity and Surgical Home,Hospital,Geomagnetic,69.97301971975733,100.0,0.0,0.0,0.0,High
HOS_151,Dr. Fonsecas Maternity and Surgical Home,Hospital,Heat,69.97301971975733,100.0,0.0,0.0,0.0,High
HOS_152,Dr. Mathure`S Surgical Clinic,Hospital,Flood,70.35450930622451,100.0,0.0,0.0,0.0,High
HOS_152,Dr. Mathure`S Surgical Clinic,Hospital,Geomagnetic,70.35450930622451,100.0,0.0,0.0,0.0,High
HOS_152,Dr. Mathure`S Surgical Clinic,Hospital,Heat,70.35450930622451,100.0,0.0,0.0,0.0,High
HOS_153,"Dr.(Mrs,) Renu L. Vallicha",Hospital,Flood,70.35450930622451,100.0,0.0,0.0,0.0,High
HOS_153,"Dr.(Mrs,) Renu L. Vallicha",Hospital,Geomagnetic,70.35450930622451,100.0,0.0,0.0,0.0,High
HOS_153,"Dr.(Mrs,) Renu L. Vallicha",Hospital,Heat,70.35450930622451,100.0,0.0,0.0,0.0,High
HOS_154,Dr.Koppikars Family Clinic,Hospital,Flood,70.31458735841657,100.0,0.0,0.0,0.0,High
HOS_154,Dr.Koppikars Family Clinic,Hospital,Geomagnetic,70.31458735841657,100.0,0.0,0.0,0.0,High
HOS_154,Dr.Koppikars Family Clinic,Hospital,Heat,70.31458735841657,100.0,0.0,0.0,0.0,High
HOS_155,Gupte Maternity and Surgical Home,Hospital,Flood,70.55152229315743,100.0,0.0,0.0,0.0,High
HOS_155,Gupte Maternity and Surgical Home,Hospital,Geomagnetic,70.55152229315743,100.0,0.0,0.0,0.0,High
HOS_155,Gupte Maternity and Surgical Home,Hospital,Heat,70.55152229315743,100.0,0.0,0.0,0.0,High
HOS_156,Laxmi Clinic,Hospital,Flood,74.16247797412278,100.0,0.0,0.0,0.0,High
HOS_156,Laxmi Clinic,Hospital,Geomagnetic,74.16247797412278,100.0,0.0,0.0,0.0,High
HOS_156,Laxmi Clinic,Hospital,Heat,74.16247797412278,100.0,0.0,0.0,0.0,High
HOS_157,Nadkarni Clinic,Hospital,Flood,70.35450930622451,100.0,0.0,0.0,0.0,High
HOS_157,Nadkarni Clinic,Hospital,Geomagnetic,70.35450930622451,100.0,0.0,0.0,0.0,High
HOS_157,Nadkarni Clinic,Hospital,Heat,70.35450930622451,100.0,0.0,0.0,0.0,High
HOS_158,Netra Retina And Laser Centre,Hospital,Flood,70.32809167374879,100.0,0.0,0.0,0.0,High
HOS_158,Netra Retina And Laser Centre,Hospital,Geomagnetic,70.32809167374879,100.0,0.0,0.0,0.0,High
HOS_158,Netra Retina And Laser Centre,Hospital,Heat,70.32809167374879,100.0,0.0,0.0,0.0,High
HOS_159,North Bombay Clinic Surgical and Maternity Home,Hospital,Flood,70.43739948350097,100.0,0.0,0.0,0.0,High
HOS_159,North Bombay Clinic Surgical and Maternity Home,Hospital,Geomagnetic,70.43739948350097,100.0,0.0,0.0,0.0,High
HOS_159,North Bombay Clinic Surgical and Maternity Home,Hospital,Heat,70.43739948350097,100.0,0.0,0.0,0.0,High
HOS_16,Harshit Health Care Centre - Jalalpur-Jainpur,Hospital,Flood,74.16247797412278,100.0,0.0,0.0,0.0,High
HOS_16,Harshit Health Care Centre - Jalalpur-Jainpur,Hospital,Geomagnetic,74.16247797412278,100.0,0.0,0.0,0.0,High
HOS_16,Harshit Health Care Centre - Jalalpur-Jainpur,Hospital,Heat,74.16247797412278,100.0,0.0,0.0,0.0,High
HOS_160,P D Hinduja National Hospital and Medical Research Centre,Hospital,Flood,70.21991202123392,100.0,0.0,0.0,0.0,High
HOS_160,P D Hinduja National Hospital and Medical Research Centre,Hospital,Geomagnetic,70.21991202123392,100.0,0.0,0.0,0.0,High
HOS_160,P D Hinduja National Hospital and Medical Research Centre,Hospital,Heat,70.21991202123392,100.0,0.0,0.0,0.0,High
HOS_161,Pikale Hospital,Hospital,Flood,74.16247797412278,100.0,0.0,0.0,0.0,High
HOS_161,Pikale Hospital,Hospital,Geomagnetic,74.16247797412278,100.0,0.0,0.0,0.0,High
HOS_161,Pikale Hospital,Hospital,Heat,74.16247797412278,100.0,0.0,0.0,0.0,High
HOS_162,Prabhat Maternity And Surgical Nursing Home,Hospital,Flood,74.16247797412278,100.0,0.0,0.0,0.0,High
HOS_162,Prabhat Maternity And Surgical Nursing Home,Hospital,Geomagnetic,74.16247797412278,100.0,0.0,0.0,0.0,High
HOS_162,Prabhat Maternity And Surgical Nursing Home,Hospital,Heat,74.16247797412278,100.0,0.0,0.0,0.0,High
HOS_163,Rajvi Clinic,Hospital,Flood,70.57168223677158,100.0,0.0,0.0,0.0,High
HOS_163,Rajvi Clinic,Hospital,Geomagnetic,70.57168223677158,100.0,0.0,0.0,0.0,High
HOS_163,Rajvi Clinic,Hospital,Heat,70.57168223677158,100.0,0.0,0.0,0.0,High
HOS_164,S.L. Raheja Hospital,Hospital,Flood,70.39655854291632,100.0,0.0,0.0,0.0,High
HOS_164,S.L. Raheja Hospital,Hospital,Geomagnetic,70.39655854291632,100.0,0.0,0.0,0.0,High
HOS_164,S.L. Raheja Hospital,Hospital,Heat,70.39655854291632,100.0,0.0,0.0,0.0,High
HOS_165,Shree Saraswati Nursing Home,Hospital,Flood,70.3440781371182,100.0,0.0,0.0,0.0,High
HOS_165,Shree Saraswati Nursing Home,Hospital,Geomagnetic,70.3440781371182,100.0,0.0,0.0,0.0,High
HOS_165,Shree Saraswati Nursing Home,Hospital,Heat,70.3440781371182,100.0,0.0,0.0,0.0,High
HOS_166,Surlata Hospital,Hospital,Flood,74.16247797412278,100.0,0.0,0.0,0.0,High
HOS_166,Surlata Hospital,Hospital,Geomagnetic,74.16247797412278,100.0,0.0,0.0,0.0,High
HOS_166,Surlata Hospital,Hospital,Heat,74.16247797412278,100.0,0.0,0.0,0.0,High
HOS_167,Triveni Nursing Home,Hospital,Flood,70.37696644192312,100.0,0.0,0.0,0.0,High
HOS_167,Triveni Nursing Home,Hospital,Geomagnetic,70.37696644192312,100.0,0.0,0.0,0.0,High
HOS_167,Triveni Nursing Home,Hospital,Heat,70.37696644192312,100.0,0.0,0.0,0.0,High
HOS_168,Ayurseva Hospital,Hospital,Flood,69.42377699346724,100.0,0.0,0.0,0.0,High
HOS_168,Ayurseva Hospital,Hospital,Geomagnetic,69.42377699346724,100.0,0.0,0.0,0.0,High
HOS_168,Ayurseva Hospital,Hospital,Heat,69.42377699346724,100.0,0.0,0.0,0.0,High
HOS_169,Bava Medical Centre,Hospital,Flood,69.71050251943316,100.0,0.0,0.0,0.0,High
HOS_169,Bava Medical Centre,Hospital,Geomagnetic,69.71050251943316,100.0,0.0,0.0,0.0,High
HOS_169,Bava Medical Centre,Hospital,Heat,69.71050251943316,100.0,0.0,0.0,0.0,High
HOS_17,Kapadia Multi Speciality Hospital,Hospital,Flood,71.10616693424134,100.0,0.0,0.0,0.0,High
HOS_17,Kapadia Multi Speciality Hospital,Hospital,Geomagnetic,71.10616693424134,100.0,0.0,0.0,0.0,High
HOS_17,Kapadia Multi Speciality Hospital,Hospital,Heat,71.10616693424134,100.0,0.0,0.0,0.0,High
HOS_170,Dhanwantari Nursing Home and Diagnostic Centre,Hospital,Flood,69.72397326146474,100.0,0.0,0.0,0.0,High
HOS_170,Dhanwantari Nursing Home and Diagnostic Centre,Hospital,Geomagnetic,69.72397326146474,100.0,0.0,0.0,0.0,High
HOS_170,Dhanwantari Nursing Home and Diagnostic Centre,Hospital,Heat,69.72397326146474,100.0,0.0,0.0,0.0,High
HOS_171,Dr. Sushil D Nakhates Child Care Centre and Shruti Nursing Home,Hospital,Flood,69.26262153981588,100.0,0.0,0.0,0.0,High
HOS_171,Dr. Sushil D Nakhates Child Care Centre and Shruti Nursing Home,Hospital,Geomagnetic,69.26262153981588,100.0,0.0,0.0,0.0,High
HOS_171,Dr. Sushil D Nakhates Child Care Centre and Shruti Nursing Home,Hospital,Heat,69.26262153981588,100.0,0.0,0.0,0.0,High
HOS_172,Lfe Care Hospital - Dharavi,Hospital,Flood,69.26262153981588,100.0,0.0,0.0,0.0,High
HOS_172,Lfe Care Hospital - Dharavi,Hospital,Geomagnetic,69.26262153981588,100.0,0.0,0.0,0.0,High
HOS_172,Lfe Care Hospital - Dharavi,Hospital,Heat,69.26262153981588,100.0,0.0,0.0,0.0,High
HOS_173,Sai Hospital,Hospital,Flood,74.16247797412278,100.0,0.0,0.0,0.0,High
HOS_173,Sai Hospital,Hospital,Geomagnetic,74.16247797412278,100.0,0.0,0.0,0.0,High
HOS_173,Sai Hospital,Hospital,Heat,74.16247797412278,100.0,0.0,0.0,0.0,High
HOS_174,Sai Medicure Services Pvt. Ltd. (Sai Hospital),Hospital,Flood,69.71050251943316,100.0,0.0,0.0,0.0,High
HOS_174,Sai Medicure Services Pvt. Ltd. (Sai Hospital),Hospital,Geomagnetic,69.71050251943316,100.0,0.0,0.0,0.0,High
HOS_174,Sai Medicure Services Pvt. Ltd. (Sai Hospital),Hospital,Heat,69.71050251943316,100.0,0.0,0.0,0.0,High
HOS_175,Bosco Nursing Home and Ent Research Centre,Hospital,Flood,74.16247797412278,100.0,0.0,0.0,0.0,High
HOS_175,Bosco Nursing Home and Ent Research Centre,Hospital,Geomagnetic,74.16247797412278,100.0,0.0,0.0,0.0,High
HOS_175,Bosco Nursing Home and Ent Research Centre,Hospital,Heat,74.16247797412278,100.0,0.0,0.0,0.0,High
HOS_176,Dr Gadgils Eye Hospital,Hospital,Flood,74.16247797412278,100.0,0.0,0.0,0.0,High
HOS_176,Dr Gadgils Eye Hospital,Hospital,Geomagnetic,74.16247797412278,100.0,0.0,0.0,0.0,High
HOS_176,Dr Gadgils Eye Hospital,Hospital,Heat,74.16247797412278,100.0,0.0,0.0,0.0,High
HOS_177,Nirmal Clinic,Hospital,Flood,75.2298651392186,100.0,0.0,0.0,0.0,Critical
HOS_177,Nirmal Clinic,Hospital,Geomagnetic,75.2298651392186,100.0,0.0,0.0,0.0,Critical
HOS_177,Nirmal Clinic,Hospital,Heat,75.2298651392186,100.0,0.0,0.0,0.0,Critical
HOS_178,R R A Podar Central Research Institute,Hospital,Flood,75.86402929337125,100.0,0.0,0.0,0.0,Critical
HOS_178,R R A Podar Central Research Institute,Hospital,Geomagnetic,75.86402929337125,100.0,0.0,0.0,0.0,Critical
HOS_178,R R A Podar Central Research Institute,Hospital,Heat,75.86402929337125,100.0,0.0,0.0,0.0,Critical
HOS_179,Regenesis,Hospital,Flood,74.16247797412278,100.0,0.0,0.0,0.0,High
HOS_179,Regenesis,Hospital,Geomagnetic,74.16247797412278,100.0,0.0,0.0,0.0,High
HOS_179,Regenesis,Hospital,Heat,74.16247797412278,100.0,0.0,0.0,0.0,High
HOS_18,Kilbil Childrens Hospital,Hospital,Flood,74.16247797412278,100.0,0.0,0.0,0.0,High
HOS_18,Kilbil Childrens Hospital,Hospital,Geomagnetic,74.16247797412278,100.0,0.0,0.0,0.0,High
HOS_18,Kilbil Childrens Hospital,Hospital,Heat,74.16247797412278,100.0,0.0,0.0,0.0,High
HOS_180,Reliance Life Sciences Pvt. Ltd,Hospital,Flood,74.93058927190262,100.0,0.0,0.0,0.0,High
HOS_180,Reliance Life Sciences Pvt. Ltd,Hospital,Geomagnetic,74.93058927190262,100.0,0.0,0.0,0.0,High
HOS_180,Reliance Life Sciences Pvt. Ltd,Hospital,Heat,74.93058927190262,100.0,0.0,0.0,0.0,High
HOS_181,Saarthi Hospital,Hospital,Flood,73.82782934820435,100.0,0.0,0.0,0.0,High
HOS_181,Saarthi Hospital,Hospital,Geomagnetic,73.82782934820435,100.0,0.0,0.0,0.0,High
HOS_181,Saarthi Hospital,Hospital,Heat,73.82782934820435,100.0,0.0,0.0,0.0,High
HOS_182,The Bombay Mothers and Children Welfare Societys,Hospital,Flood,75.01407301138651,100.0,0.0,0.0,0.0,Critical
HOS_182,The Bombay Mothers and Children Welfare Societys,Hospital,Geomagnetic,75.01407301138651,100.0,0.0,0.0,0.0,Critical
HOS_182,The Bombay Mothers and Children Welfare Societys,Hospital,Heat,75.01407301138651,100.0,0.0,0.0,0.0,Critical
HOS_183,Dr Trivedis Maternity and Nursing Home,Hospital,Flood,70.57246946721315,100.0,0.0,0.0,0.0,High
HOS_183,Dr Trivedis Maternity and Nursing Home,Hospital,Geomagnetic,70.57246946721315,100.0,0.0,0.0,0.0,High
HOS_183,Dr Trivedis Maternity and Nursing Home,Hospital,Heat,70.57246946721315,100.0,0.0,0.0,0.0,High
HOS_184,Dr V T Shah Diagnostic Centre and Clinic,Hospital,Flood,70.55646503986955,100.0,0.0,0.0,0.0,High
HOS_184,Dr V T Shah Diagnostic Centre and Clinic,Hospital,Geomagnetic,70.55646503986955,100.0,0.0,0.0,0.0,High
HOS_184,Dr V T Shah Diagnostic Centre and Clinic,Hospital,Heat,70.55646503986955,100.0,0.0,0.0,0.0,High
HOS_185,Dr.Chhatres Maternity and Surgical Nursing Home,Hospital,Flood,70.4656847040492,100.0,0.0,0.0,0.0,High
HOS_185,Dr.Chhatres Maternity and Surgical Nursing Home,Hospital,Geomagnetic,70.4656847040492,100.0,0.0,0.0,0.0,High
HOS_185,Dr.Chhatres Maternity and Surgical Nursing Home,Hospital,Heat,70.4656847040492,100.0,0.0,0.0,0.0,High
HOS_186,Icon The Eye Consultants Eye and Laser Centre,Hospital,Flood,70.11047910016975,100.0,0.0,0.0,0.0,High
HOS_186,Icon The Eye Consultants Eye and Laser Centre,Hospital,Geomagnetic,70.11047910016975,100.0,0.0,0.0,0.0,High
HOS_186,Icon The Eye Consultants Eye and Laser Centre,Hospital,Heat,70.11047910016975,100.0,0.0,0.0,0.0,High
HOS_187,Insight Eye Clinic,Hospital,Flood,68.20199255607885,100.0,0.0,0.0,0.0,High
HOS_187,Insight Eye Clinic,Hospital,Geomagnetic,68.20199255607885,100.0,0.0,0.0,0.0,High
HOS_187,Insight Eye Clinic,Hospital,Heat,68.20199255607885,100.0,0.0,0.0,0.0,High
HOS_188,Jashem Eye Institute,Hospital,Flood,68.20199255607885,100.0,0.0,0.0,0.0,High
HOS_188,Jashem Eye Institute,Hospital,Geomagnetic,68.20199255607885,100.0,0.0,0.0,0.0,High
HOS_188,Jashem Eye Institute,Hospital,Heat,68.20199255607885,100.0,0.0,0.0,0.0,High
HOS_189,Lions Club Of East Bombay,Hospital,Flood,74.49466856469688,100.0,0.0,0.0,0.0,High
HOS_189,Lions Club Of East Bombay,Hospital,Geomagnetic,74.49466856469688,100.0,0.0,0.0,0.0,High
HOS_189,Lions Club Of East Bombay,Hospital,Heat,74.49466856469688,100.0,0.0,0.0,0.0,High
HOS_19,Laksh-Deep Hospital,Hospital,Flood,74.16247797412278,100.0,0.0,0.0,0.0,High
HOS_19,Laksh-Deep Hospital,Hospital,Geomagnetic,74.16247797412278,100.0,0.0,0.0,0.0,High
HOS_19,Laksh-Deep Hospital,Hospital,Heat,74.16247797412278,100.0,0.0,0.0,0.0,High
HOS_190,Naik Nursing Home and Endoscopy Centre,Hospital,Flood,81.20147810683696,100.0,0.0,0.0,0.0,Critical
HOS_190,Naik Nursing Home and Endoscopy Centre,Hospital,Geomagnetic,81.20147810683696,100.0,0.0,0.0,0.0,Critical
HOS_190,Naik Nursing Home and Endoscopy Centre,Hospital,Heat,81.20147810683696,100.0,0.0,0.0,0.0,Critical
HOS_191,Narvekar Clinics,Hospital,Flood,74.16247797412278,100.0,0.0,0.0,0.0,High
HOS_191,Narvekar Clinics,Hospital,Geomagnetic,74.16247797412278,100.0,0.0,0.0,0.0,High
HOS_191,Narvekar Clinics,Hospital,Heat,74.16247797412278,100.0,0.0,0.0,0.0,High
HOS_192,Shah Nursing Home,Hospital,Flood,74.16247797412278,100.0,0.0,0.0,0.0,High
HOS_192,Shah Nursing Home,Hospital,Geomagnetic,74.16247797412278,100.0,0.0,0.0,0.0,High
HOS_192,Shah Nursing Home,Hospital,Heat,74.16247797412278,100.0,0.0,0.0,0.0,High
HOS_193,Siddhamrut Clinic,Hospital,Flood,70.61437241657734,100.0,0.0,0.0,0.0,High
HOS_193,Siddhamrut Clinic,Hospital,Geomagnetic,70.61437241657734,100.0,0.0,0.0,0.0,High
HOS_193,Siddhamrut Clinic,Hospital,Heat,70.61437241657734,100.0,0.0,0.0,0.0,High
HOS_194,Visaria Nursing Home - Matunga,Hospital,Flood,70.4432441528819,100.0,0.0,0.0,0.0,High
HOS_194,Visaria Nursing Home - Matunga,Hospital,Geomagnetic,70.4432441528819,100.0,0.0,0.0,0.0,High
HOS_194,Visaria Nursing Home - Matunga,Hospital,Heat,70.4432441528819,100.0,0.0,0.0,0.0,High
HOS_195,Bombay Hospital and Medical Research Centre,Hospital,Flood,78.9147293047011,100.0,0.0,0.0,0.0,Critical
HOS_195,Bombay Hospital and Medical Research Centre,Hospital,Geomagnetic,78.9147293047011,100.0,0.0,0.0,0.0,Critical
HOS_195,Bombay Hospital and Medical Research Centre,Hospital,Heat,78.9147293047011,100.0,0.0,0.0,0.0,Critical
HOS_196,Dr. Bacha`S Memorial Belle Vue Nursing Home,Hospital,Flood,74.16247797412278,100.0,0.0,0.0,0.0,High
HOS_196,Dr. Bacha`S Memorial Belle Vue Nursing Home,Hospital,Geomagnetic,74.16247797412278,100.0,0.0,0.0,0.0,High
HOS_196,Dr. Bacha`S Memorial Belle Vue Nursing Home,Hospital,Heat,74.16247797412278,100.0,0.0,0.0,0.0,High
HOS_197,Zain Eye Care,Hospital,Flood,79.34859794826204,100.0,0.0,0.0,0.0,Critical
HOS_197,Zain Eye Care,Hospital,Geomagnetic,79.34859794826204,100.0,0.0,0.0,0.0,Critical
HOS_197,Zain Eye Care,Hospital,Heat,79.34859794826204,100.0,0.0,0.0,0.0,Critical
HOS_198,Abhishek Day Care Ins. and Medical Research Centre,Hospital,Flood,74.16247797412278,100.0,0.0,0.0,0.0,High
HOS_198,Abhishek Day Care Ins. and Medical Research Centre,Hospital,Geomagnetic,74.16247797412278,100.0,0.0,0.0,0.0,High
HOS_198,Abhishek Day Care Ins. and Medical Research Centre,Hospital,Heat,74.16247797412278,100.0,0.0,0.0,0.0,High
HOS_199,Lady Ratan Tata Medical Centre,Hospital,Flood,68.20199255607885,100.0,0.0,0.0,0.0,High
HOS_199,Lady Ratan Tata Medical Centre,Hospital,Geomagnetic,68.20199255607885,100.0,0.0,0.0,0.0,High
HOS_199,Lady Ratan Tata Medical Centre,Hospital,Heat,68.20199255607885,100.0,0.0,0.0,0.0,High
HOS_2,Arihant Heart and Surgical Hospital,Hospital,Flood,74.88432607225633,100.0,0.0,0.0,0.0,High
HOS_2,Arihant Heart and Surgical Hospital,Hospital,Geomagnetic,74.88432607225633,100.0,0.0,0.0,0.0,High
HOS_2,Arihant Heart and Surgical Hospital,Hospital,Heat,74.88432607225633,100.0,0.0,0.0,0.0,High
HOS_20,Laser Eye Surgery Center,Hospital,Flood,69.79831683229996,100.0,0.0,0.0,0.0,High
HOS_20,Laser Eye Surgery Center,Hospital,Geomagnetic,69.79831683229996,100.0,0.0,0.0,0.0,High
HOS_20,Laser Eye Surgery Center,Hospital,Heat,69.79831683229996,100.0,0.0,0.0,0.0,High
HOS_200,Vinod Sharma Memorial Medical Centre,Hospital,Flood,68.20199255607885,100.0,0.0,0.0,0.0,High
HOS_200,Vinod Sharma Memorial Medical Centre,Hospital,Geomagnetic,68.20199255607885,100.0,0.0,0.0,0.0,High
HOS_200,Vinod Sharma Memorial Medical Centre,Hospital,Heat,68.20199255607885,100.0,0.0,0.0,0.0,High
HOS_201,Ashirwad Nursing Home,Hospital,Flood,69.77845156109903,100.0,0.0,0.0,0.0,High
HOS_201,Ashirwad Nursing Home,Hospital,Geomagnetic,69.77845156109903,100.0,0.0,0.0,0.0,High
HOS_201,Ashirwad Nursing Home,Hospital,Heat,69.77845156109903,100.0,0.0,0.0,0.0,High
HOS_202,Dr Savlas Child Care Centre,Hospital,Flood,70.44982739526681,100.0,0.0,0.0,0.0,High
HOS_202,Dr Savlas Child Care Centre,Hospital,Geomagnetic,70.44982739526681,100.0,0.0,0.0,0.0,High
HOS_202,Dr Savlas Child Care Centre,Hospital,Heat,70.44982739526681,100.0,0.0,0.0,0.0,High
HOS_203,Dr. Deosthaci's Eye Care Centre,Hospital,Flood,69.74499504838217,100.0,0.0,0.0,0.0,High
HOS_203,Dr. Deosthaci's Eye Care Centre,Hospital,Geomagnetic,69.74499504838217,100.0,0.0,0.0,0.0,High
HOS_203,Dr. Deosthaci's Eye Care Centre,Hospital,Heat,69.74499504838217,100.0,0.0,0.0,0.0,High
HOS_204,Dr.Patrawala`S Kalpana Nursing Home,Hospital,Flood,69.72454978485538,100.0,0.0,0.0,0.0,High
HOS_204,Dr.Patrawala`S Kalpana Nursing Home,Hospital,Geomagnetic,69.72454978485538,100.0,0.0,0.0,0.0,High
HOS_204,Dr.Patrawala`S Kalpana Nursing Home,Hospital,Heat,69.72454978485538,100.0,0.0,0.0,0.0,High
HOS_205,Endoscopy Asia,Hospital,Flood,69.90177660930328,100.0,0.0,0.0,0.0,High
HOS_205,Endoscopy Asia,Hospital,Geomagnetic,69.90177660930328,100.0,0.0,0.0,0.0,High
HOS_205,Endoscopy Asia,Hospital,Heat,69.90177660930328,100.0,0.0,0.0,0.0,High
HOS_206,Gandhi Hospital - Navi Mumbai,Hospital,Flood,81.08350002600159,100.0,0.0,0.0,0.0,Critical
HOS_206,Gandhi Hospital - Navi Mumbai,Hospital,Geomagnetic,81.08350002600159,100.0,0.0,0.0,0.0,Critical
HOS_206,Gandhi Hospital - Navi Mumbai,Hospital,Heat,81.08350002600159,100.0,0.0,0.0,0.0,Critical
HOS_207,Iyers Polyclinic,Hospital,Flood,70.44982739526681,100.0,0.0,0.0,0.0,High
HOS_207,Iyers Polyclinic,Hospital,Geomagnetic,70.44982739526681,100.0,0.0,0.0,0.0,High
HOS_207,Iyers Polyclinic,Hospital,Heat,70.44982739526681,100.0,0.0,0.0,0.0,High
HOS_208,Kamakshi Maternity Home,Hospital,Flood,74.16247797412278,100.0,0.0,0.0,0.0,High
HOS_208,Kamakshi Maternity Home,Hospital,Geomagnetic,74.16247797412278,100.0,0.0,0.0,0.0,High
HOS_208,Kamakshi Maternity Home,Hospital,Heat,74.16247797412278,100.0,0.0,0.0,0.0,High
HOS_209,Krishna Eye Centre,Hospital,Flood,70.44982739526681,100.0,0.0,0.0,0.0,High
HOS_209,Krishna Eye Centre,Hospital,Geomagnetic,70.44982739526681,100.0,0.0,0.0,0.0,High
HOS_209,Krishna Eye Centre,Hospital,Heat,70.44982739526681,100.0,0.0,0.0,0.0,High
HOS_21,Marve Nursing Home,Hospital,Flood,76.95754820156623,100.0,0.0,0.0,0.0,Critical
HOS_21,Marve Nursing Home,Hospital,Geomagnetic,76.95754820156623,100.0,0.0,0.0,0.0,Critical
HOS_21,Marve Nursing Home,Hospital,Heat,76.95754820156623,100.0,0.0,0.0,0.0,Critical
HOS_210,Mata Lachmi Hospital,Hospital,Flood,70.0060591950629,100.0,0.0,0.0,0.0,High
HOS_210,Mata Lachmi Hospital,Hospital,Geomagnetic,70.0060591950629,100.0,0.0,0.0,0.0,High
HOS_210,Mata Lachmi Hospital,Hospital,Heat,70.0060591950629,100.0,0.0,0.0,0.0,High
HOS_211,Shanmukhananda Aditya Jyot Eye Institute - Sion - Mumbai,Hospital,Flood,70.44982739526681,100.0,0.0,0.0,0.0,High
HOS_211,Shanmukhananda Aditya Jyot Eye Institute - Sion - Mumbai,Hospital,Geomagnetic,70.44982739526681,100.0,0.0,0.0,0.0,High
HOS_211,Shanmukhananda Aditya Jyot Eye Institute - Sion - Mumbai,Hospital,Heat,70.44982739526681,100.0,0.0,0.0,0.0,High
HOS_212,Shanmukhananda Jasubhai Rkshah Medical Centre,Hospital,Flood,71.01813486387144,100.0,0.0,0.0,0.0,High
HOS_212,Shanmukhananda Jasubhai Rkshah Medical Centre,Hospital,Geomagnetic,71.01813486387144,100.0,0.0,0.0,0.0,High
HOS_212,Shanmukhananda Jasubhai Rkshah Medical Centre,Hospital,Heat,71.01813486387144,100.0,0.0,0.0,0.0,High
HOS_213,Shri Vaishnav Seva Samaj Public Charitable Trust -,Hospital,Flood,69.74995267659165,100.0,0.0,0.0,0.0,High
HOS_213,Shri Vaishnav Seva Samaj Public Charitable Trust -,Hospital,Geomagnetic,69.74995267659165,100.0,0.0,0.0,0.0,High
HOS_213,Shri Vaishnav Seva Samaj Public Charitable Trust -,Hospital,Heat,69.74995267659165,100.0,0.0,0.0,0.0,High
HOS_214,Smt. Sushilaben R. Mehta and Sir K.P. Cardiac Institute / (Sir Kikabhai Premchand Trust),Hospital,Flood,74.16247797412278,100.0,0.0,0.0,0.0,High
HOS_214,Smt. Sushilaben R. Mehta and Sir K.P. Cardiac Institute / (Sir Kikabhai Premchand Trust),Hospital,Geomagnetic,74.16247797412278,100.0,0.0,0.0,0.0,High
HOS_214,Smt. Sushilaben R. Mehta and Sir K.P. Cardiac Institute / (Sir Kikabhai Premchand Trust),Hospital,Heat,74.16247797412278,100.0,0.0,0.0,0.0,High
HOS_215,Varun Cardiac Clinic,Hospital,Flood,70.55981049154217,100.0,0.0,0.0,0.0,High
HOS_215,Varun Cardiac Clinic,Hospital,Geomagnetic,70.55981049154217,100.0,0.0,0.0,0.0,High
HOS_215,Varun Cardiac Clinic,Hospital,Heat,70.55981049154217,100.0,0.0,0.0,0.0,High
HOS_216,Vyas Surgery Mumbai,Hospital,Flood,74.16247797412278,100.0,0.0,0.0,0.0,High
HOS_216,Vyas Surgery Mumbai,Hospital,Geomagnetic,74.16247797412278,100.0,0.0,0.0,0.0,High
HOS_216,Vyas Surgery Mumbai,Hospital,Heat,74.16247797412278,100.0,0.0,0.0,0.0,High
HOS_217,Amrutha Surgical And Maternity Home,Hospital,Flood,70.4919983227194,100.0,0.0,0.0,0.0,High
HOS_217,Amrutha Surgical And Maternity Home,Hospital,Geomagnetic,70.4919983227194,100.0,0.0,0.0,0.0,High
HOS_217,Amrutha Surgical And Maternity Home,Hospital,Heat,70.4919983227194,100.0,0.0,0.0,0.0,High
HOS_218,Aryan Hospital and Iccu - Kurla-Mumbai,Hospital,Flood,69.37337975286835,100.0,0.0,0.0,0.0,High
HOS_218,Aryan Hospital and Iccu - Kurla-Mumbai,Hospital,Geomagnetic,69.37337975286835,100.0,0.0,0.0,0.0,High
HOS_218,Aryan Hospital and Iccu - Kurla-Mumbai,Hospital,Heat,69.37337975286835,100.0,0.0,0.0,0.0,High
HOS_219,Ashvini Maternity and Surgical Nursing Home,Hospital,Flood,69.59903721839342,100.0,0.0,0.0,0.0,High
HOS_219,Ashvini Maternity and Surgical Nursing Home,Hospital,Geomagnetic,69.59903721839342,100.0,0.0,0.0,0.0,High
HOS_219,Ashvini Maternity and Surgical Nursing Home,Hospital,Heat,69.59903721839342,100.0,0.0,0.0,0.0,High
HOS_22,Mauli Hospital,Hospital,Flood,77.11452374177226,100.0,0.0,0.0,0.0,Critical
HOS_22,Mauli Hospital,Hospital,Geomagnetic,77.11452374177226,100.0,0.0,0.0,0.0,Critical
HOS_22,Mauli Hospital,Hospital,Heat,77.11452374177226,100.0,0.0,0.0,0.0,Critical
HOS_220,Prarushi Healthcare Pvt Ltd / Kusumesh Chandra Maternity Hospital,Hospital,Flood,74.16247797412278,100.0,0.0,0.0,0.0,High
HOS_220,Prarushi Healthcare Pvt Ltd / Kusumesh Chandra Maternity Hospital,Hospital,Geomagnetic,74.16247797412278,100.0,0.0,0.0,0.0,High
HOS_220,Prarushi Healthcare Pvt Ltd / Kusumesh Chandra Maternity Hospital,Hospital,Heat,74.16247797412278,100.0,0.0,0.0,0.0,High
HOS_221,Asha Surgical and Maternity Home Laparoscopy and Famil,Hospital,Flood,72.76811739125242,100.0,0.0,0.0,0.0,High
HOS_221,Asha Surgical and Maternity Home Laparoscopy and Famil,Hospital,Geomagnetic,72.76811739125242,100.0,0.0,0.0,0.0,High
HOS_221,Asha Surgical and Maternity Home Laparoscopy and Famil,Hospital,Heat,72.76811739125242,100.0,0.0,0.0,0.0,High
HOS_222,Comfort Clinic Nursing Home,Hospital,Flood,74.16247797412278,100.0,0.0,0.0,0.0,High
HOS_222,Comfort Clinic Nursing Home,Hospital,Geomagnetic,74.16247797412278,100.0,0.0,0.0,0.0,High
HOS_222,Comfort Clinic Nursing Home,Hospital,Heat,74.16247797412278,100.0,0.0,0.0,0.0,High
HOS_223,Dr.D.M.Beke,Hospital,Flood,68.20199255607885,100.0,0.0,0.0,0.0,High
HOS_223,Dr.D.M.Beke,Hospital,Geomagnetic,68.20199255607885,100.0,0.0,0.0,0.0,High
HOS_223,Dr.D.M.Beke,Hospital,Heat,68.20199255607885,100.0,0.0,0.0,0.0,High
HOS_224,"Dr.Palep`S ""Priyank""Maternity Nursing Home",Hospital,Flood,74.16247797412278,100.0,0.0,0.0,0.0,High
HOS_224,"Dr.Palep`S ""Priyank""Maternity Nursing Home",Hospital,Geomagnetic,74.16247797412278,100.0,0.0,0.0,0.0,High
HOS_224,"Dr.Palep`S ""Priyank""Maternity Nursing Home",Hospital,Heat,74.16247797412278,100.0,0.0,0.0,0.0,High
HOS_225,Fayth Clinic,Hospital,Flood,72.66088409127337,100.0,0.0,0.0,0.0,High
HOS_225,Fayth Clinic,Hospital,Geomagnetic,72.66088409127337,100.0,0.0,0.0,0.0,High
HOS_225,Fayth Clinic,Hospital,Heat,72.66088409127337,100.0,0.0,0.0,0.0,High
HOS_226,Punamiya Hospital,Hospital,Flood,71.4620133743485,100.0,0.0,0.0,0.0,High
HOS_226,Punamiya Hospital,Hospital,Geomagnetic,71.4620133743485,100.0,0.0,0.0,0.0,High
HOS_226,Punamiya Hospital,Hospital,Heat,71.4620133743485,100.0,0.0,0.0,0.0,High
HOS_227,Savla Medical Center,Hospital,Flood,72.76811739125242,100.0,0.0,0.0,0.0,High
HOS_227,Savla Medical Center,Hospital,Geomagnetic,72.76811739125242,100.0,0.0,0.0,0.0,High
HOS_227,Savla Medical Center,Hospital,Heat,72.76811739125242,100.0,0.0,0.0,0.0,High
HOS_228,Siddivinayak Healthcare Pvt Ltd,Hospital,Flood,70.8535982265341,100.0,0.0,0.0,0.0,High
HOS_228,Siddivinayak Healthcare Pvt Ltd,Hospital,Geomagnetic,70.8535982265341,100.0,0.0,0.0,0.0,High
HOS_228,Siddivinayak Healthcare Pvt Ltd,Hospital,Heat,70.8535982265341,100.0,0.0,0.0,0.0,High
HOS_229,Sidhivinayk Clinic,Hospital,Flood,72.94537474744766,100.0,0.0,0.0,0.0,High
HOS_229,Sidhivinayk Clinic,Hospital,Geomagnetic,72.94537474744766,100.0,0.0,0.0,0.0,High
HOS_229,Sidhivinayk Clinic,Hospital,Heat,72.94537474744766,100.0,0.0,0.0,0.0,High
HOS_23,Nath Hospital,Hospital,Flood,81.46423551350071,100.0,0.0,0.0,0.0,Critical
HOS_23,Nath Hospital,Hospital,Geomagnetic,81.46423551350071,100.0,0.0,0.0,0.0,Critical
HOS_23,Nath Hospital,Hospital,Heat,81.46423551350071,100.0,0.0,0.0,0.0,Critical
HOS_230,Tirtha Surgical and Maternity Home,Hospital,Flood,71.06636890632406,100.0,0.0,0.0,0.0,High
HOS_230,Tirtha Surgical and Maternity Home,Hospital,Geomagnetic,71.06636890632406,100.0,0.0,0.0,0.0,High
HOS_230,Tirtha Surgical and Maternity Home,Hospital,Heat,71.06636890632406,100.0,0.0,0.0,0.0,High
HOS_231,Varad Medical Centre,Hospital,Flood,74.16247797412278,100.0,0.0,0.0,0.0,High
HOS_231,Varad Medical Centre,Hospital,Geomagnetic,74.16247797412278,100.0,0.0,0.0,0.0,High
HOS_231,Varad Medical Centre,Hospital,Heat,74.16247797412278,100.0,0.0,0.0,0.0,High
HOS_232,Breach Candy Hospital Trust,Hospital,Flood,79.84902108883662,100.0,0.0,0.0,0.0,Critical
HOS_232,Breach Candy Hospital Trust,Hospital,Geomagnetic,79.84902108883662,100.0,0.0,0.0,0.0,Critical
HOS_232,Breach Candy Hospital Trust,Hospital,Heat,79.84902108883662,100.0,0.0,0.0,0.0,Critical
HOS_233,Doshi Eye Care,Hospital,Flood,78.72098477992456,100.0,0.0,0.0,0.0,Critical
HOS_233,Doshi Eye Care,Hospital,Geomagnetic,78.72098477992456,100.0,0.0,0.0,0.0,Critical
HOS_233,Doshi Eye Care,Hospital,Heat,78.72098477992456,100.0,0.0,0.0,0.0,Critical
HOS_234,Gynaecworld,Hospital,Flood,68.20199255607885,100.0,0.0,0.0,0.0,High
HOS_234,Gynaecworld,Hospital,Geomagnetic,68.20199255607885,100.0,0.0,0.0,0.0,High
HOS_234,Gynaecworld,Hospital,Heat,68.20199255607885,100.0,0.0,0.0,0.0,High
HOS_235,Jaslok Hospital and Research Centre,Hospital,Flood,74.16247797412278,100.0,0.0,0.0,0.0,High
HOS_235,Jaslok Hospital and Research Centre,Hospital,Geomagnetic,74.16247797412278,100.0,0.0,0.0,0.0,High
HOS_235,Jaslok Hospital and Research Centre,Hospital,Heat,74.16247797412278,100.0,0.0,0.0,0.0,High
HOS_236,Right Sight Eye Clinic,Hospital,Flood,68.20199255607885,100.0,0.0,0.0,0.0,High
HOS_236,Right Sight Eye Clinic,Hospital,Geomagnetic,68.20199255607885,100.0,0.0,0.0,0.0,High
HOS_236,Right Sight Eye Clinic,Hospital,Heat,68.20199255607885,100.0,0.0,0.0,0.0,High
HOS_237,Soonawala Clinic,Hospital,Flood,79.1526630114342,100.0,0.0,0.0,0.0,Critical
HOS_237,Soonawala Clinic,Hospital,Geomagnetic,79.1526630114342,100.0,0.0,0.0,0.0,Critical
HOS_237,Soonawala Clinic,Hospital,Heat,79.1526630114342,100.0,0.0,0.0,0.0,Critical
HOS_238,Voras Nursing Home,Hospital,Flood,74.16247797412278,100.0,0.0,0.0,0.0,High
HOS_238,Voras Nursing Home,Hospital,Geomagnetic,74.16247797412278,100.0,0.0,0.0,0.0,High
HOS_238,Voras Nursing Home,Hospital,Heat,74.16247797412278,100.0,0.0,0.0,0.0,High
HOS_239,Balaji Hospital,Hospital,Flood,74.66987847704021,100.0,0.0,0.0,0.0,High
HOS_239,Balaji Hospital,Hospital,Geomagnetic,74.66987847704021,100.0,0.0,0.0,0.0,High
HOS_239,Balaji Hospital,Hospital,Heat,74.66987847704021,100.0,0.0,0.0,0.0,High
HOS_24,Phiroze M.Dastoor and Co,Hospital,Flood,78.3145368390491,100.0,0.0,0.0,0.0,Critical
HOS_24,Phiroze M.Dastoor and Co,Hospital,Geomagnetic,78.3145368390491,100.0,0.0,0.0,0.0,Critical
HOS_24,Phiroze M.Dastoor and Co,Hospital,Heat,78.3145368390491,100.0,0.0,0.0,0.0,Critical
HOS_240,Ashtavinayak Maternity Surgical and Eye Hospital,Hospital,Flood,68.20199255607885,100.0,0.0,0.0,0.0,High
HOS_240,Ashtavinayak Maternity Surgical and Eye Hospital,Hospital,Geomagnetic,68.20199255607885,100.0,0.0,0.0,0.0,High
HOS_240,Ashtavinayak Maternity Surgical and Eye Hospital,Hospital,Heat,68.20199255607885,100.0,0.0,0.0,0.0,High
HOS_241,Ashvini Nursing and Maternity Home,Hospital,Flood,70.8535982265341,100.0,0.0,0.0,0.0,High
HOS_241,Ashvini Nursing and Maternity Home,Hospital,Geomagnetic,70.8535982265341,100.0,0.0,0.0,0.0,High
HOS_241,Ashvini Nursing and Maternity Home,Hospital,Heat,70.8535982265341,100.0,0.0,0.0,0.0,High
HOS_242,Deccan Fertility Clinic and Keyhole Surgery Center,Hospital,Flood,68.20199255607885,100.0,0.0,0.0,0.0,High
HOS_242,Deccan Fertility Clinic and Keyhole Surgery Center,Hospital,Geomagnetic,68.20199255607885,100.0,0.0,0.0,0.0,High
HOS_242,Deccan Fertility Clinic and Keyhole Surgery Center,Hospital,Heat,68.20199255607885,100.0,0.0,0.0,0.0,High
HOS_243,Dev Nursing Home,Hospital,Flood,68.20199255607885,100.0,0.0,0.0,0.0,High
HOS_243,Dev Nursing Home,Hospital,Geomagnetic,68.20199255607885,100.0,0.0,0.0,0.0,High
HOS_243,Dev Nursing Home,Hospital,Heat,68.20199255607885,100.0,0.0,0.0,0.0,High
HOS_244,Dnyan Geeta Nursing Home,Hospital,Flood,70.79872439573207,100.0,0.0,0.0,0.0,High
HOS_244,Dnyan Geeta Nursing Home,Hospital,Geomagnetic,70.79872439573207,100.0,0.0,0.0,0.0,High
HOS_244,Dnyan Geeta Nursing Home,Hospital,Heat,70.79872439573207,100.0,0.0,0.0,0.0,High
HOS_245,Dr Dhaval D Shah Clinic,Hospital,Flood,74.16247797412278,100.0,0.0,0.0,0.0,High
HOS_245,Dr Dhaval D Shah Clinic,Hospital,Geomagnetic,74.16247797412278,100.0,0.0,0.0,0.0,High
HOS_245,Dr Dhaval D Shah Clinic,Hospital,Heat,74.16247797412278,100.0,0.0,0.0,0.0,High
HOS_246,Dr Sunil Kowlis Surgical Clinic And Nusing Home,Hospital,Flood,74.16247797412278,100.0,0.0,0.0,0.0,High
HOS_246,Dr Sunil Kowlis Surgical Clinic And Nusing Home,Hospital,Geomagnetic,74.16247797412278,100.0,0.0,0.0,0.0,High
HOS_246,Dr Sunil Kowlis Surgical Clinic And Nusing Home,Hospital,Heat,74.16247797412278,100.0,0.0,0.0,0.0,High
HOS_247,Dr Thakur Hospital,Hospital,Flood,70.8535982265341,100.0,0.0,0.0,0.0,High
HOS_247,Dr Thakur Hospital,Hospital,Geomagnetic,70.8535982265341,100.0,0.0,0.0,0.0,High
HOS_247,Dr Thakur Hospital,Hospital,Heat,70.8535982265341,100.0,0.0,0.0,0.0,High
HOS_248,Dr. Gandhi's Nusing Home,Hospital,Flood,74.16247797412278,100.0,0.0,0.0,0.0,High
HOS_248,Dr. Gandhi's Nusing Home,Hospital,Geomagnetic,74.16247797412278,100.0,0.0,0.0,0.0,High
HOS_248,Dr. Gandhi's Nusing Home,Hospital,Heat,74.16247797412278,100.0,0.0,0.0,0.0,High
HOS_249,Dr.Patkars Surgical Nursing Home,Hospital,Flood,70.8535982265341,100.0,0.0,0.0,0.0,High
HOS_249,Dr.Patkars Surgical Nursing Home,Hospital,Geomagnetic,70.8535982265341,100.0,0.0,0.0,0.0,High
HOS_249,Dr.Patkars Surgical Nursing Home,Hospital,Heat,70.8535982265341,100.0,0.0,0.0,0.0,High
HOS_25,Pikhala Hospital,Hospital,Flood,74.16247797412278,100.0,0.0,0.0,0.0,High
HOS_25,Pikhala Hospital,Hospital,Geomagnetic,74.16247797412278,100.0,0.0,0.0,0.0,High
HOS_25,Pikhala Hospital,Hospital,Heat,74.16247797412278,100.0,0.0,0.0,0.0,High
HOS_250,Dr.Vaze Hospital,Hospital,Flood,70.97838501906806,100.0,0.0,0.0,0.0,High
HOS_250,Dr.Vaze Hospital,Hospital,Geomagnetic,70.97838501906806,100.0,0.0,0.0,0.0,High
HOS_250,Dr.Vaze Hospital,Hospital,Heat,70.97838501906806,100.0,0.0,0.0,0.0,High
HOS_251,Nerkar Surgical Clinic,Hospital,Flood,71.26353806256371,100.0,0.0,0.0,0.0,High
HOS_251,Nerkar Surgical Clinic,Hospital,Geomagnetic,71.26353806256371,100.0,0.0,0.0,0.0,High
HOS_251,Nerkar Surgical Clinic,Hospital,Heat,71.26353806256371,100.0,0.0,0.0,0.0,High
HOS_252,"Paramount Medical Services Pvt Ltd.,",Hospital,Flood,74.16247797412278,100.0,0.0,0.0,0.0,High
HOS_252,"Paramount Medical Services Pvt Ltd.,",Hospital,Geomagnetic,74.16247797412278,100.0,0.0,0.0,0.0,High
HOS_252,"Paramount Medical Services Pvt Ltd.,",Hospital,Heat,74.16247797412278,100.0,0.0,0.0,0.0,High
HOS_253,Shree Vardhaman Sthanakvasi Jain Shravak Sangh Dadar Sanchalit Navneet Jain Health Centre,Hospital,Flood,71.0567556932254,100.0,0.0,0.0,0.0,High
HOS_253,Shree Vardhaman Sthanakvasi Jain Shravak Sangh Dadar Sanchalit Navneet Jain Health Centre,Hospital,Geomagnetic,71.0567556932254,100.0,0.0,0.0,0.0,High
HOS_253,Shree Vardhaman Sthanakvasi Jain Shravak Sangh Dadar Sanchalit Navneet Jain Health Centre,Hospital,Heat,71.0567556932254,100.0,0.0,0.0,0.0,High
HOS_254,Shreedhar Hospital,Hospital,Flood,71.05449755932669,100.0,0.0,0.0,0.0,High
HOS_254,Shreedhar Hospital,Hospital,Geomagnetic,71.05449755932669,100.0,0.0,0.0,0.0,High
HOS_254,Shreedhar Hospital,Hospital,Heat,71.05449755932669,100.0,0.0,0.0,0.0,High
HOS_255,Shri Siddhivinayak Nursing Home,Hospital,Flood,71.05449755932669,100.0,0.0,0.0,0.0,High
HOS_255,Shri Siddhivinayak Nursing Home,Hospital,Geomagnetic,71.05449755932669,100.0,0.0,0.0,0.0,High
HOS_255,Shri Siddhivinayak Nursing Home,Hospital,Heat,71.05449755932669,100.0,0.0,0.0,0.0,High
HOS_256,Shushrusha Citizens` Co-Op Hospital Ltd.,Hospital,Flood,71.02862914049206,100.0,0.0,0.0,0.0,High
HOS_256,Shushrusha Citizens` Co-Op Hospital Ltd.,Hospital,Geomagnetic,71.02862914049206,100.0,0.0,0.0,0.0,High
HOS_256,Shushrusha Citizens` Co-Op Hospital Ltd.,Hospital,Heat,71.02862914049206,100.0,0.0,0.0,0.0,High
HOS_257,Thyrocare Services,Hospital,Flood,74.16247797412278,100.0,0.0,0.0,0.0,High
HOS_257,Thyrocare Services,Hospital,Geomagnetic,74.16247797412278,100.0,0.0,0.0,0.0,High
HOS_257,Thyrocare Services,Hospital,Heat,74.16247797412278,100.0,0.0,0.0,0.0,High
HOS_258,Urology and Infertility Clinic Dadar,Hospital,Flood,70.97838501906806,100.0,0.0,0.0,0.0,High
HOS_258,Urology and Infertility Clinic Dadar,Hospital,Geomagnetic,70.97838501906806,100.0,0.0,0.0,0.0,High
HOS_258,Urology and Infertility Clinic Dadar,Hospital,Heat,70.97838501906806,100.0,0.0,0.0,0.0,High
HOS_259,Vijeet Stone Center,Hospital,Flood,70.97838501906806,100.0,0.0,0.0,0.0,High
HOS_259,Vijeet Stone Center,Hospital,Geomagnetic,70.97838501906806,100.0,0.0,0.0,0.0,High
HOS_259,Vijeet Stone Center,Hospital,Heat,70.97838501906806,100.0,0.0,0.0,0.0,High
HOS_26,Prathana Hospital,Hospital,Flood,68.20199255607885,100.0,0.0,0.0,0.0,High
HOS_26,Prathana Hospital,Hospital,Geomagnetic,68.20199255607885,100.0,0.0,0.0,0.0,High
HOS_26,Prathana Hospital,Hospital,Heat,68.20199255607885,100.0,0.0,0.0,0.0,High
HOS_260,Well Spring Dr Avinash Phadke Pathlab Clinic,Hospital,Flood,70.77163152495162,100.0,0.0,0.0,0.0,High
HOS_260,Well Spring Dr Avinash Phadke Pathlab Clinic,Hospital,Geomagnetic,70.77163152495162,100.0,0.0,0.0,0.0,High
HOS_260,Well Spring Dr Avinash Phadke Pathlab Clinic,Hospital,Heat,70.77163152495162,100.0,0.0,0.0,0.0,High
HOS_261,Ishanni Urology Center,Hospital,Flood,68.20199255607885,100.0,0.0,0.0,0.0,High
HOS_261,Ishanni Urology Center,Hospital,Geomagnetic,68.20199255607885,100.0,0.0,0.0,0.0,High
HOS_261,Ishanni Urology Center,Hospital,Heat,68.20199255607885,100.0,0.0,0.0,0.0,High
HOS_262,Sai Deep Nursing Home,Hospital,Flood,74.16247797412278,100.0,0.0,0.0,0.0,High
HOS_262,Sai Deep Nursing Home,Hospital,Geomagnetic,74.16247797412278,100.0,0.0,0.0,0.0,High
HOS_262,Sai Deep Nursing Home,Hospital,Heat,74.16247797412278,100.0,0.0,0.0,0.0,High
HOS_263,Metropolis Health Services India Ltd,Hospital,Flood,74.16247797412278,100.0,0.0,0.0,0.0,High
HOS_263,Metropolis Health Services India Ltd,Hospital,Geomagnetic,74.16247797412278,100.0,0.0,0.0,0.0,High
HOS_263,Metropolis Health Services India Ltd,Hospital,Heat,74.16247797412278,100.0,0.0,0.0,0.0,High
HOS_264,Worli Hospital For Women,Hospital,Flood,68.20199255607885,100.0,0.0,0.0,0.0,High
HOS_264,Worli Hospital For Women,Hospital,Geomagnetic,68.20199255607885,100.0,0.0,0.0,0.0,High
HOS_264,Worli Hospital For Women,Hospital,Heat,68.20199255607885,100.0,0.0,0.0,0.0,High
HOS_265,Aditya Jyoti Eye Hospital(P V T ) L T D,Hospital,Flood,74.16247797412278,100.0,0.0,0.0,0.0,High
HOS_265,Aditya Jyoti Eye Hospital(P V T ) L T D,Hospital,Geomagnetic,74.16247797412278,100.0,0.0,0.0,0.0,High
HOS_265,Aditya Jyoti Eye Hospital(P V T ) L T D,Hospital,Heat,74.16247797412278,100.0,0.0,0.0,0.0,High
HOS_266,Rotunda Nursing Home,Hospital,Flood,71.14613947973282,100.0,0.0,0.0,0.0,High
HOS_266,Rotunda Nursing Home,Hospital,Geomagnetic,71.14613947973282,100.0,0.0,0.0,0.0,High
HOS_266,Rotunda Nursing Home,Hospital,Heat,71.14613947973282,100.0,0.0,0.0,0.0,High
HOS_267,Shobha Maternity and Surgical Home,Hospital,Flood,78.21988116362091,100.0,0.0,0.0,0.0,Critical
HOS_267,Shobha Maternity and Surgical Home,Hospital,Geomagnetic,78.21988116362091,100.0,0.0,0.0,0.0,Critical
HOS_267,Shobha Maternity and Surgical Home,Hospital,Heat,78.21988116362091,100.0,0.0,0.0,0.0,Critical
HOS_268,Aryan Hospital and Icu,Hospital,Flood,74.96104211224511,100.0,0.0,0.0,0.0,High
HOS_268,Aryan Hospital and Icu,Hospital,Geomagnetic,74.96104211224511,100.0,0.0,0.0,0.0,High
HOS_268,Aryan Hospital and Icu,Hospital,Heat,74.96104211224511,100.0,0.0,0.0,0.0,High
HOS_269,Dr Redkars Maternity and Nursing Home,Hospital,Flood,76.92405394783783,100.0,0.0,0.0,0.0,Critical
HOS_269,Dr Redkars Maternity and Nursing Home,Hospital,Geomagnetic,76.92405394783783,100.0,0.0,0.0,0.0,Critical
HOS_269,Dr Redkars Maternity and Nursing Home,Hospital,Heat,76.92405394783783,100.0,0.0,0.0,0.0,Critical
HOS_27,Pregnancy Advice and Service,Hospital,Flood,74.16247797412278,100.0,0.0,0.0,0.0,High
HOS_27,Pregnancy Advice and Service,Hospital,Geomagnetic,74.16247797412278,100.0,0.0,0.0,0.0,High
HOS_27,Pregnancy Advice and Service,Hospital,Heat,74.16247797412278,100.0,0.0,0.0,0.0,High
HOS_270,Anudhiti Care,Hospital,Flood,74.16247797412278,100.0,0.0,0.0,0.0,High
HOS_270,Anudhiti Care,Hospital,Geomagnetic,74.16247797412278,100.0,0.0,0.0,0.0,High
HOS_270,Anudhiti Care,Hospital,Heat,74.16247797412278,100.0,0.0,0.0,0.0,High
HOS_271,"Aus Clinic and Lithotripsy Center, Tardeo",Hospital,Flood,74.16247797412278,100.0,0.0,0.0,0.0,High
HOS_271,"Aus Clinic and Lithotripsy Center, Tardeo",Hospital,Geomagnetic,74.16247797412278,100.0,0.0,0.0,0.0,High
HOS_271,"Aus Clinic and Lithotripsy Center, Tardeo",Hospital,Heat,74.16247797412278,100.0,0.0,0.0,0.0,High
HOS_272,Janakee Nursing Home,Hospital,Flood,68.20199255607885,100.0,0.0,0.0,0.0,High
HOS_272,Janakee Nursing Home,Hospital,Geomagnetic,68.20199255607885,100.0,0.0,0.0,0.0,High
HOS_272,Janakee Nursing Home,Hospital,Heat,68.20199255607885,100.0,0.0,0.0,0.0,High
HOS_273,Nova Medical Centers Pvt Ltd,Hospital,Flood,78.6144710563007,100.0,0.0,0.0,0.0,Critical
HOS_273,Nova Medical Centers Pvt Ltd,Hospital,Geomagnetic,78.6144710563007,100.0,0.0,0.0,0.0,Critical
HOS_273,Nova Medical Centers Pvt Ltd,Hospital,Heat,78.6144710563007,100.0,0.0,0.0,0.0,Critical
HOS_274,Shetty Nursing Home (Shetty Health Services Pvt. Ltd.),Hospital,Flood,78.07663953745264,100.0,0.0,0.0,0.0,Critical
HOS_274,Shetty Nursing Home (Shetty Health Services Pvt. Ltd.),Hospital,Geomagnetic,78.07663953745264,100.0,0.0,0.0,0.0,Critical
HOS_274,Shetty Nursing Home (Shetty Health Services Pvt. Ltd.),Hospital,Heat,78.07663953745264,100.0,0.0,0.0,0.0,Critical
HOS_275,Shetty Nurshing Home,Hospital,Flood,78.07663953745264,100.0,0.0,0.0,0.0,Critical
HOS_275,Shetty Nurshing Home,Hospital,Geomagnetic,78.07663953745264,100.0,0.0,0.0,0.0,Critical
HOS_275,Shetty Nurshing Home,Hospital,Heat,78.07663953745264,100.0,0.0,0.0,0.0,Critical
HOS_276,Chinmay Nursing Home Wadala,Hospital,Flood,74.16247797412278,100.0,0.0,0.0,0.0,High
HOS_276,Chinmay Nursing Home Wadala,Hospital,Geomagnetic,74.16247797412278,100.0,0.0,0.0,0.0,High
HOS_276,Chinmay Nursing Home Wadala,Hospital,Heat,74.16247797412278,100.0,0.0,0.0,0.0,High
HOS_277,Dr Gupta Clinic And Day Carecentre,Hospital,Flood,70.41579699036237,100.0,0.0,0.0,0.0,High
HOS_277,Dr Gupta Clinic And Day Carecentre,Hospital,Geomagnetic,70.41579699036237,100.0,0.0,0.0,0.0,High
HOS_277,Dr Gupta Clinic And Day Carecentre,Hospital,Heat,70.41579699036237,100.0,0.0,0.0,0.0,High
HOS_278,Genesis Speciality Center (Health-Check Up,Hospital,Flood,71.84580068509558,100.0,0.0,0.0,0.0,High
HOS_278,Genesis Speciality Center (Health-Check Up,Hospital,Geomagnetic,71.84580068509558,100.0,0.0,0.0,0.0,High
HOS_278,Genesis Speciality Center (Health-Check Up,Hospital,Heat,71.84580068509558,100.0,0.0,0.0,0.0,High
HOS_279,Jyoti Nursing Home,Hospital,Flood,71.13256927658932,100.0,0.0,0.0,0.0,High
HOS_279,Jyoti Nursing Home,Hospital,Geomagnetic,71.13256927658932,100.0,0.0,0.0,0.0,High
HOS_279,Jyoti Nursing Home,Hospital,Heat,71.13256927658932,100.0,0.0,0.0,0.0,High
HOS_28,Radiation Medicine Centre Bhabha Atomic Research C,Hospital,Flood,71.01813486387144,100.0,0.0,0.0,0.0,High
HOS_28,Radiation Medicine Centre Bhabha Atomic Research C,Hospital,Geomagnetic,71.01813486387144,100.0,0.0,0.0,0.0,High
HOS_28,Radiation Medicine Centre Bhabha Atomic Research C,Hospital,Heat,71.01813486387144,100.0,0.0,0.0,0.0,High
HOS_280,Micro Care Diagnostic Centre,Hospital,Flood,71.14613947973282,100.0,0.0,0.0,0.0,High
HOS_280,Micro Care Diagnostic Centre,Hospital,Geomagnetic,71.14613947973282,100.0,0.0,0.0,0.0,High
HOS_280,Micro Care Diagnostic Centre,Hospital,Heat,71.14613947973282,100.0,0.0,0.0,0.0,High
HOS_281,Rainbow Kidz Hospital,Hospital,Flood,74.16247797412278,100.0,0.0,0.0,0.0,High
HOS_281,Rainbow Kidz Hospital,Hospital,Geomagnetic,74.16247797412278,100.0,0.0,0.0,0.0,High
HOS_281,Rainbow Kidz Hospital,Hospital,Heat,74.16247797412278,100.0,0.0,0.0,0.0,High
HOS_282,Amey Eye Care Centre,Hospital,Flood,68.20199255607885,100.0,0.0,0.0,0.0,High
HOS_282,Amey Eye Care Centre,Hospital,Geomagnetic,68.20199255607885,100.0,0.0,0.0,0.0,High
HOS_282,Amey Eye Care Centre,Hospital,Heat,68.20199255607885,100.0,0.0,0.0,0.0,High
HOS_283,Aniket Nuring Home,Hospital,Flood,74.71310987008094,100.0,0.0,0.0,0.0,High
HOS_283,Aniket Nuring Home,Hospital,Geomagnetic,74.71310987008094,100.0,0.0,0.0,0.0,High
HOS_283,Aniket Nuring Home,Hospital,Heat,74.71310987008094,100.0,0.0,0.0,0.0,High
HOS_284,Ankur Maternity and Surgical Nursing Home,Hospital,Flood,74.74572641121898,100.0,0.0,0.0,0.0,High
HOS_284,Ankur Maternity and Surgical Nursing Home,Hospital,Geomagnetic,74.74572641121898,100.0,0.0,0.0,0.0,High
HOS_284,Ankur Maternity and Surgical Nursing Home,Hospital,Heat,74.74572641121898,100.0,0.0,0.0,0.0,High
HOS_285,Shaily Nursing Home,Hospital,Flood,74.33673455016414,100.0,0.0,0.0,0.0,High
HOS_285,Shaily Nursing Home,Hospital,Geomagnetic,74.33673455016414,100.0,0.0,0.0,0.0,High
HOS_285,Shaily Nursing Home,Hospital,Heat,74.33673455016414,100.0,0.0,0.0,0.0,High
HOS_286,Bombay City Hospital,Hospital,Flood,73.54097925057935,100.0,0.0,0.0,0.0,High
HOS_286,Bombay City Hospital,Hospital,Geomagnetic,73.54097925057935,100.0,0.0,0.0,0.0,High
HOS_286,Bombay City Hospital,Hospital,Heat,73.54097925057935,100.0,0.0,0.0,0.0,High
HOS_287,Dr. Tidke Hospital,Hospital,Flood,75.70413503306496,100.0,0.0,0.0,0.0,Critical
HOS_287,Dr. Tidke Hospital,Hospital,Geomagnetic,75.70413503306496,100.0,0.0,0.0,0.0,Critical
HOS_287,Dr. Tidke Hospital,Hospital,Heat,75.70413503306496,100.0,0.0,0.0,0.0,Critical
HOS_288,Ekta Nursing Home and Polyclinic,Hospital,Flood,75.31679654846718,100.0,0.0,0.0,0.0,Critical
HOS_288,Ekta Nursing Home and Polyclinic,Hospital,Geomagnetic,75.31679654846718,100.0,0.0,0.0,0.0,Critical
HOS_288,Ekta Nursing Home and Polyclinic,Hospital,Heat,75.31679654846718,100.0,0.0,0.0,0.0,Critical
HOS_289,Gaware Nursing Home,Hospital,Flood,74.16247797412278,100.0,0.0,0.0,0.0,High
HOS_289,Gaware Nursing Home,Hospital,Geomagnetic,74.16247797412278,100.0,0.0,0.0,0.0,High
HOS_289,Gaware Nursing Home,Hospital,Heat,74.16247797412278,100.0,0.0,0.0,0.0,High
HOS_29,Raj Hospital,Hospital,Flood,82.84238244287637,100.0,0.0,0.0,0.0,Critical
HOS_29,Raj Hospital,Hospital,Geomagnetic,82.84238244287637,100.0,0.0,0.0,0.0,Critical
HOS_29,Raj Hospital,Hospital,Heat,82.84238244287637,100.0,0.0,0.0,0.0,Critical
HOS_290,Mahaveer Nursing Home,Hospital,Flood,74.16247797412278,100.0,0.0,0.0,0.0,High
HOS_290,Mahaveer Nursing Home,Hospital,Geomagnetic,74.16247797412278,100.0,0.0,0.0,0.0,High
HOS_290,Mahaveer Nursing Home,Hospital,Heat,74.16247797412278,100.0,0.0,0.0,0.0,High
HOS_291,Omkar Nursing Home,Hospital,Flood,75.70413503306496,100.0,0.0,0.0,0.0,Critical
HOS_291,Omkar Nursing Home,Hospital,Geomagnetic,75.70413503306496,100.0,0.0,0.0,0.0,Critical
HOS_291,Omkar Nursing Home,Hospital,Heat,75.70413503306496,100.0,0.0,0.0,0.0,Critical
HOS_292,Royal Nursing Home,Hospital,Flood,73.52628391611326,100.0,0.0,0.0,0.0,High
HOS_292,Royal Nursing Home,Hospital,Geomagnetic,73.52628391611326,100.0,0.0,0.0,0.0,High
HOS_292,Royal Nursing Home,Hospital,Heat,73.52628391611326,100.0,0.0,0.0,0.0,High
HOS_293,Saraswati Hospital,Hospital,Flood,74.16247797412278,100.0,0.0,0.0,0.0,High
HOS_293,Saraswati Hospital,Hospital,Geomagnetic,74.16247797412278,100.0,0.0,0.0,0.0,High
HOS_293,Saraswati Hospital,Hospital,Heat,74.16247797412278,100.0,0.0,0.0,0.0,High
HOS_294,Shree Mahaveer Nursing Home - Govandi-Mumbai,Hospital,Flood,74.17250761022797,100.0,0.0,0.0,0.0,High
HOS_294,Shree Mahaveer Nursing Home - Govandi-Mumbai,Hospital,Geomagnetic,74.17250761022797,100.0,0.0,0.0,0.0,High
HOS_294,Shree Mahaveer Nursing Home - Govandi-Mumbai,Hospital,Heat,74.17250761022797,100.0,0.0,0.0,0.0,High
HOS_295,Vikas Nursing Home,Hospital,Flood,73.09875505787363,100.0,0.0,0.0,0.0,High
HOS_295,Vikas Nursing Home,Hospital,Geomagnetic,73.09875505787363,100.0,0.0,0.0,0.0,High
HOS_295,Vikas Nursing Home,Hospital,Heat,73.09875505787363,100.0,0.0,0.0,0.0,High
HOS_296,Ascent Clinic,Hospital,Flood,74.16247797412278,100.0,0.0,0.0,0.0,High
HOS_296,Ascent Clinic,Hospital,Geomagnetic,74.16247797412278,100.0,0.0,0.0,0.0,High
HOS_296,Ascent Clinic,Hospital,Heat,74.16247797412278,100.0,0.0,0.0,0.0,High
HOS_297,"Bharatiya Arogya Nidhi, Sheth Kantilal C. Parikh G",Hospital,Flood,74.16247797412278,100.0,0.0,0.0,0.0,High
HOS_297,"Bharatiya Arogya Nidhi, Sheth Kantilal C. Parikh G",Hospital,Geomagnetic,74.16247797412278,100.0,0.0,0.0,0.0,High
HOS_297,"Bharatiya Arogya Nidhi, Sheth Kantilal C. Parikh G",Hospital,Heat,74.16247797412278,100.0,0.0,0.0,0.0,High
HOS_298,Center For Cataract Surgery - Mumbai,Hospital,Flood,68.96907262135602,100.0,0.0,0.0,0.0,High
HOS_298,Center For Cataract Surgery - Mumbai,Hospital,Geomagnetic,68.96907262135602,100.0,0.0,0.0,0.0,High
HOS_298,Center For Cataract Surgery - Mumbai,Hospital,Heat,68.96907262135602,100.0,0.0,0.0,0.0,High
HOS_299,Criticare Multispeciality Hospital And Research Centre,Hospital,Flood,74.16247797412278,100.0,0.0,0.0,0.0,High
HOS_299,Criticare Multispeciality Hospital And Research Centre,Hospital,Geomagnetic,74.16247797412278,100.0,0.0,0.0,0.0,High
HOS_299,Criticare Multispeciality Hospital And Research Centre,Hospital,Heat,74.16247797412278,100.0,0.0,0.0,0.0,High
HOS_30,Sai Aashirwad Hospital,Hospital,Flood,74.16247797412278,100.0,0.0,0.0,0.0,High
HOS_30,Sai Aashirwad Hospital,Hospital,Geomagnetic,74.16247797412278,100.0,0.0,0.0,0.0,High
HOS_30,Sai Aashirwad Hospital,Hospital,Heat,74.16247797412278,100.0,0.0,0.0,0.0,High
HOS_300,Divya Eye Clinic And Day Care Centre,Hospital,Flood,74.16247797412278,100.0,0.0,0.0,0.0,High
HOS_300,Divya Eye Clinic And Day Care Centre,Hospital,Geomagnetic,74.16247797412278,100.0,0.0,0.0,0.0,High
HOS_300,Divya Eye Clinic And Day Care Centre,Hospital,Heat,74.16247797412278,100.0,0.0,0.0,0.0,High
HOS_301,Dr Jayant Doshi,Hospital,Flood,74.16247797412278,100.0,0.0,0.0,0.0,High
HOS_301,Dr Jayant Doshi,Hospital,Geomagnetic,74.16247797412278,100.0,0.0,0.0,0.0,High
HOS_301,Dr Jayant Doshi,Hospital,Heat,74.16247797412278,100.0,0.0,0.0,0.0,High
HOS_302,Dr.Daftarys Total Care Clinic,Hospital,Flood,69.77004796671507,100.0,0.0,0.0,0.0,High
HOS_302,Dr.Daftarys Total Care Clinic,Hospital,Geomagnetic,69.77004796671507,100.0,0.0,0.0,0.0,High
HOS_302,Dr.Daftarys Total Care Clinic,Hospital,Heat,69.77004796671507,100.0,0.0,0.0,0.0,High
HOS_303,Juhu Clinical Laboratory,Hospital,Flood,69.73347234323198,100.0,0.0,0.0,0.0,High
HOS_303,Juhu Clinical Laboratory,Hospital,Geomagnetic,69.73347234323198,100.0,0.0,0.0,0.0,High
HOS_303,Juhu Clinical Laboratory,Hospital,Heat,69.73347234323198,100.0,0.0,0.0,0.0,High
HOS_304,Laser Institute Of Laser Medicine,Hospital,Flood,68.3642445304303,100.0,0.0,0.0,0.0,High
HOS_304,Laser Institute Of Laser Medicine,Hospital,Geomagnetic,68.3642445304303,100.0,0.0,0.0,0.0,High
HOS_304,Laser Institute Of Laser Medicine,Hospital,Heat,68.3642445304303,100.0,0.0,0.0,0.0,High
HOS_305,Oculus Eye Hospital Pvt. Ltd,Hospital,Flood,68.3642445304303,100.0,0.0,0.0,0.0,High
HOS_305,Oculus Eye Hospital Pvt. Ltd,Hospital,Geomagnetic,68.3642445304303,100.0,0.0,0.0,0.0,High
HOS_305,Oculus Eye Hospital Pvt. Ltd,Hospital,Heat,68.3642445304303,100.0,0.0,0.0,0.0,High
HOS_306,Pushpa Hospital,Hospital,Flood,70.08113041501431,100.0,0.0,0.0,0.0,High
HOS_306,Pushpa Hospital,Hospital,Geomagnetic,70.08113041501431,100.0,0.0,0.0,0.0,High
HOS_306,Pushpa Hospital,Hospital,Heat,70.08113041501431,100.0,0.0,0.0,0.0,High
HOS_307,Sheth Kantilal C. Parikh General Hospital,Hospital,Flood,69.99105550841526,100.0,0.0,0.0,0.0,High
HOS_307,Sheth Kantilal C. Parikh General Hospital,Hospital,Geomagnetic,69.99105550841526,100.0,0.0,0.0,0.0,High
HOS_307,Sheth Kantilal C. Parikh General Hospital,Hospital,Heat,69.99105550841526,100.0,0.0,0.0,0.0,High
HOS_308,Shree Hi- Tech Clinic Pvt. Ltd. /Laserx,Hospital,Flood,68.49259718059713,100.0,0.0,0.0,0.0,High
HOS_308,Shree Hi- Tech Clinic Pvt. Ltd. /Laserx,Hospital,Geomagnetic,68.49259718059713,100.0,0.0,0.0,0.0,High
HOS_308,Shree Hi- Tech Clinic Pvt. Ltd. /Laserx,Hospital,Heat,68.49259718059713,100.0,0.0,0.0,0.0,High
HOS_309,Spectrum Health Care,Hospital,Flood,74.16247797412278,100.0,0.0,0.0,0.0,High
HOS_309,Spectrum Health Care,Hospital,Geomagnetic,74.16247797412278,100.0,0.0,0.0,0.0,High
HOS_309,Spectrum Health Care,Hospital,Heat,74.16247797412278,100.0,0.0,0.0,0.0,High
HOS_31,Sai Hospital,Hospital,Flood,68.20199255607885,100.0,0.0,0.0,0.0,High
HOS_31,Sai Hospital,Hospital,Geomagnetic,68.20199255607885,100.0,0.0,0.0,0.0,High
HOS_31,Sai Hospital,Hospital,Heat,68.20199255607885,100.0,0.0,0.0,0.0,High
HOS_310,Sujay Hospital,Hospital,Flood,69.41094417487078,100.0,0.0,0.0,0.0,High
HOS_310,Sujay Hospital,Hospital,Geomagnetic,69.41094417487078,100.0,0.0,0.0,0.0,High
HOS_310,Sujay Hospital,Hospital,Heat,69.41094417487078,100.0,0.0,0.0,0.0,High
HOS_311,The Vission Eye Centre,Hospital,Flood,68.96907262135602,100.0,0.0,0.0,0.0,High
HOS_311,The Vission Eye Centre,Hospital,Geomagnetic,68.96907262135602,100.0,0.0,0.0,0.0,High
HOS_311,The Vission Eye Centre,Hospital,Heat,68.96907262135602,100.0,0.0,0.0,0.0,High
HOS_312,Bandra Pathology Laboratory,Hospital,Flood,69.77245543428518,100.0,0.0,0.0,0.0,High
HOS_312,Bandra Pathology Laboratory,Hospital,Geomagnetic,69.77245543428518,100.0,0.0,0.0,0.0,High
HOS_312,Bandra Pathology Laboratory,Hospital,Heat,69.77245543428518,100.0,0.0,0.0,0.0,High
HOS_313,Ceds The Cneter Of Eye Dianostics And Surgery,Hospital,Flood,69.42115206177554,100.0,0.0,0.0,0.0,High
HOS_313,Ceds The Cneter Of Eye Dianostics And Surgery,Hospital,Geomagnetic,69.42115206177554,100.0,0.0,0.0,0.0,High
HOS_313,Ceds The Cneter Of Eye Dianostics And Surgery,Hospital,Heat,69.42115206177554,100.0,0.0,0.0,0.0,High
HOS_314,Devi Maternity and Surgical,Hospital,Flood,69.46874209671812,100.0,0.0,0.0,0.0,High
HOS_314,Devi Maternity and Surgical,Hospital,Geomagnetic,69.46874209671812,100.0,0.0,0.0,0.0,High
HOS_314,Devi Maternity and Surgical,Hospital,Heat,69.46874209671812,100.0,0.0,0.0,0.0,High
HOS_315,Dr A K Chandiramani Hospital,Hospital,Flood,69.59234695872038,100.0,0.0,0.0,0.0,High
HOS_315,Dr A K Chandiramani Hospital,Hospital,Geomagnetic,69.59234695872038,100.0,0.0,0.0,0.0,High
HOS_315,Dr A K Chandiramani Hospital,Hospital,Heat,69.59234695872038,100.0,0.0,0.0,0.0,High
HOS_316,Dr Jains Dental Speciality Centre,Hospital,Flood,70.15641387545568,100.0,0.0,0.0,0.0,High
HOS_316,Dr Jains Dental Speciality Centre,Hospital,Geomagnetic,70.15641387545568,100.0,0.0,0.0,0.0,High
HOS_316,Dr Jains Dental Speciality Centre,Hospital,Heat,70.15641387545568,100.0,0.0,0.0,0.0,High
HOS_317,Dr Mukul Dabholkar Bandra,Hospital,Flood,69.42115206177554,100.0,0.0,0.0,0.0,High
HOS_317,Dr Mukul Dabholkar Bandra,Hospital,Geomagnetic,69.42115206177554,100.0,0.0,0.0,0.0,High
HOS_317,Dr Mukul Dabholkar Bandra,Hospital,Heat,69.42115206177554,100.0,0.0,0.0,0.0,High
HOS_318,Dr. Pattnaiks Nursing Home,Hospital,Flood,69.42115206177554,100.0,0.0,0.0,0.0,High
HOS_318,Dr. Pattnaiks Nursing Home,Hospital,Geomagnetic,69.42115206177554,100.0,0.0,0.0,0.0,High
HOS_318,Dr. Pattnaiks Nursing Home,Hospital,Heat,69.42115206177554,100.0,0.0,0.0,0.0,High
HOS_319,Dr. R. N. Shetty's Nursing Home,Hospital,Flood,69.42115206177554,100.0,0.0,0.0,0.0,High
HOS_319,Dr. R. N. Shetty's Nursing Home,Hospital,Geomagnetic,69.42115206177554,100.0,0.0,0.0,0.0,High
HOS_319,Dr. R. N. Shetty's Nursing Home,Hospital,Heat,69.42115206177554,100.0,0.0,0.0,0.0,High
HOS_32,Sanjawalas Maternity and Gynacologist,Hospital,Flood,67.5812889293762,100.0,0.0,0.0,0.0,High
HOS_32,Sanjawalas Maternity and Gynacologist,Hospital,Geomagnetic,67.5812889293762,100.0,0.0,0.0,0.0,High
HOS_32,Sanjawalas Maternity and Gynacologist,Hospital,Heat,67.5812889293762,100.0,0.0,0.0,0.0,High
HOS_320,Dr.Mira Raisinghaney Maternity and Surgical Nursing,Hospital,Flood,69.42115206177554,100.0,0.0,0.0,0.0,High
HOS_320,Dr.Mira Raisinghaney Maternity and Surgical Nursing,Hospital,Geomagnetic,69.42115206177554,100.0,0.0,0.0,0.0,High
HOS_320,Dr.Mira Raisinghaney Maternity and Surgical Nursing,Hospital,Heat,69.42115206177554,100.0,0.0,0.0,0.0,High
HOS_321,Empire Centre,Hospital,Flood,69.42115206177554,100.0,0.0,0.0,0.0,High
HOS_321,Empire Centre,Hospital,Geomagnetic,69.42115206177554,100.0,0.0,0.0,0.0,High
HOS_321,Empire Centre,Hospital,Heat,69.42115206177554,100.0,0.0,0.0,0.0,High
HOS_322,Holy Family Hospital,Hospital,Flood,68.89324807817113,100.0,0.0,0.0,0.0,High
HOS_322,Holy Family Hospital,Hospital,Geomagnetic,68.89324807817113,100.0,0.0,0.0,0.0,High
HOS_322,Holy Family Hospital,Hospital,Heat,68.89324807817113,100.0,0.0,0.0,0.0,High
HOS_323,Kiddie Ville Clinic,Hospital,Flood,69.42115206177554,100.0,0.0,0.0,0.0,High
HOS_323,Kiddie Ville Clinic,Hospital,Geomagnetic,69.42115206177554,100.0,0.0,0.0,0.0,High
HOS_323,Kiddie Ville Clinic,Hospital,Heat,69.42115206177554,100.0,0.0,0.0,0.0,High
HOS_324,Lilavati Hospital And Research Centre,Hospital,Flood,69.42115206177554,100.0,0.0,0.0,0.0,High
HOS_324,Lilavati Hospital And Research Centre,Hospital,Geomagnetic,69.42115206177554,100.0,0.0,0.0,0.0,High
HOS_324,Lilavati Hospital And Research Centre,Hospital,Heat,69.42115206177554,100.0,0.0,0.0,0.0,High
HOS_325,Mahatma Gandhi Seva Mandir,Hospital,Flood,69.36031255458255,100.0,0.0,0.0,0.0,High
HOS_325,Mahatma Gandhi Seva Mandir,Hospital,Geomagnetic,69.36031255458255,100.0,0.0,0.0,0.0,High
HOS_325,Mahatma Gandhi Seva Mandir,Hospital,Heat,69.36031255458255,100.0,0.0,0.0,0.0,High
HOS_326,Mumbai Cancer Clinic,Hospital,Flood,69.42115206177554,100.0,0.0,0.0,0.0,High
HOS_326,Mumbai Cancer Clinic,Hospital,Geomagnetic,69.42115206177554,100.0,0.0,0.0,0.0,High
HOS_326,Mumbai Cancer Clinic,Hospital,Heat,69.42115206177554,100.0,0.0,0.0,0.0,High
HOS_327,Neisa Laser Centre,Hospital,Flood,69.42115206177554,100.0,0.0,0.0,0.0,High
HOS_327,Neisa Laser Centre,Hospital,Geomagnetic,69.42115206177554,100.0,0.0,0.0,0.0,High
HOS_327,Neisa Laser Centre,Hospital,Heat,69.42115206177554,100.0,0.0,0.0,0.0,High
HOS_328,Nm Medical Center,Hospital,Flood,69.42115206177554,100.0,0.0,0.0,0.0,High
HOS_328,Nm Medical Center,Hospital,Geomagnetic,69.42115206177554,100.0,0.0,0.0,0.0,High
HOS_328,Nm Medical Center,Hospital,Heat,69.42115206177554,100.0,0.0,0.0,0.0,High
HOS_329,Ojas Laser Eye Surgery Centre,Hospital,Flood,69.42115206177554,100.0,0.0,0.0,0.0,High
HOS_329,Ojas Laser Eye Surgery Centre,Hospital,Geomagnetic,69.42115206177554,100.0,0.0,0.0,0.0,High
HOS_329,Ojas Laser Eye Surgery Centre,Hospital,Heat,69.42115206177554,100.0,0.0,0.0,0.0,High
HOS_33,Sanket Hospital,Hospital,Flood,74.16247797412278,100.0,0.0,0.0,0.0,High
HOS_33,Sanket Hospital,Hospital,Geomagnetic,74.16247797412278,100.0,0.0,0.0,0.0,High
HOS_33,Sanket Hospital,Hospital,Heat,74.16247797412278,100.0,0.0,0.0,0.0,High
HOS_330,Parekh Eye Hospital,Hospital,Flood,69.42115206177554,100.0,0.0,0.0,0.0,High
HOS_330,Parekh Eye Hospital,Hospital,Geomagnetic,69.42115206177554,100.0,0.0,0.0,0.0,High
HOS_330,Parekh Eye Hospital,Hospital,Heat,69.42115206177554,100.0,0.0,0.0,0.0,High
HOS_331,Revival Polyclinic,Hospital,Flood,69.42115206177554,100.0,0.0,0.0,0.0,High
HOS_331,Revival Polyclinic,Hospital,Geomagnetic,69.42115206177554,100.0,0.0,0.0,0.0,High
HOS_331,Revival Polyclinic,Hospital,Heat,69.42115206177554,100.0,0.0,0.0,0.0,High
HOS_332,Satya Shiva Medicals Pvt. Ltd.,Hospital,Flood,70.79698027520664,100.0,0.0,0.0,0.0,High
HOS_332,Satya Shiva Medicals Pvt. Ltd.,Hospital,Geomagnetic,70.79698027520664,100.0,0.0,0.0,0.0,High
HOS_332,Satya Shiva Medicals Pvt. Ltd.,Hospital,Heat,70.79698027520664,100.0,0.0,0.0,0.0,High
HOS_333,Shroff Eye Hospital,Hospital,Flood,69.32540177788975,100.0,0.0,0.0,0.0,High
HOS_333,Shroff Eye Hospital,Hospital,Geomagnetic,69.32540177788975,100.0,0.0,0.0,0.0,High
HOS_333,Shroff Eye Hospital,Hospital,Heat,69.32540177788975,100.0,0.0,0.0,0.0,High
HOS_334,Shruti Nursing Home,Hospital,Flood,69.42115206177554,100.0,0.0,0.0,0.0,High
HOS_334,Shruti Nursing Home,Hospital,Geomagnetic,69.42115206177554,100.0,0.0,0.0,0.0,High
HOS_334,Shruti Nursing Home,Hospital,Heat,69.42115206177554,100.0,0.0,0.0,0.0,High
HOS_335,Sushama Patkar Maternity ( and Surgical) Home - Bandra,Hospital,Flood,71.8496621109139,100.0,0.0,0.0,0.0,High
HOS_335,Sushama Patkar Maternity ( and Surgical) Home - Bandra,Hospital,Geomagnetic,71.8496621109139,100.0,0.0,0.0,0.0,High
HOS_335,Sushama Patkar Maternity ( and Surgical) Home - Bandra,Hospital,Heat,71.8496621109139,100.0,0.0,0.0,0.0,High
HOS_336,The Cosmetic Surgery Institute,Hospital,Flood,69.67090848703378,100.0,0.0,0.0,0.0,High
HOS_336,The Cosmetic Surgery Institute,Hospital,Geomagnetic,69.67090848703378,100.0,0.0,0.0,0.0,High
HOS_336,The Cosmetic Surgery Institute,Hospital,Heat,69.67090848703378,100.0,0.0,0.0,0.0,High
HOS_337,Vision 2000 Laser Surgery Centre,Hospital,Flood,71.8685433800139,100.0,0.0,0.0,0.0,High
HOS_337,Vision 2000 Laser Surgery Centre,Hospital,Geomagnetic,71.8685433800139,100.0,0.0,0.0,0.0,High
HOS_337,Vision 2000 Laser Surgery Centre,Hospital,Heat,71.8685433800139,100.0,0.0,0.0,0.0,High
HOS_338,West Lake Speciality Clinic,Hospital,Flood,69.35018096503781,100.0,0.0,0.0,0.0,High
HOS_338,West Lake Speciality Clinic,Hospital,Geomagnetic,69.35018096503781,100.0,0.0,0.0,0.0,High
HOS_338,West Lake Speciality Clinic,Hospital,Heat,69.35018096503781,100.0,0.0,0.0,0.0,High
HOS_339,Fortis Hospitals Limited,Hospital,Flood,76.12119814017038,100.0,0.0,0.0,0.0,Critical
HOS_339,Fortis Hospitals Limited,Hospital,Geomagnetic,76.12119814017038,100.0,0.0,0.0,0.0,Critical
HOS_339,Fortis Hospitals Limited,Hospital,Heat,76.12119814017038,100.0,0.0,0.0,0.0,Critical
HOS_34,Shree Arihant Eye Care Centre,Hospital,Flood,76.73504453780983,100.0,0.0,0.0,0.0,Critical
HOS_34,Shree Arihant Eye Care Centre,Hospital,Geomagnetic,76.73504453780983,100.0,0.0,0.0,0.0,Critical
HOS_34,Shree Arihant Eye Care Centre,Hospital,Heat,76.73504453780983,100.0,0.0,0.0,0.0,Critical
HOS_340,Laxmi Surgical Clinic,Hospital,Flood,69.09341885019995,100.0,0.0,0.0,0.0,High
HOS_340,Laxmi Surgical Clinic,Hospital,Geomagnetic,69.09341885019995,100.0,0.0,0.0,0.0,High
HOS_340,Laxmi Surgical Clinic,Hospital,Heat,69.09341885019995,100.0,0.0,0.0,0.0,High
HOS_341,Nandini Eye Care Centre,Hospital,Flood,69.04264447802912,100.0,0.0,0.0,0.0,High
HOS_341,Nandini Eye Care Centre,Hospital,Geomagnetic,69.04264447802912,100.0,0.0,0.0,0.0,High
HOS_341,Nandini Eye Care Centre,Hospital,Heat,69.04264447802912,100.0,0.0,0.0,0.0,High
HOS_342,Palvi Maternity and Mother Care Centre - Bandra Mumbai,Hospital,Flood,69.36850645031964,100.0,0.0,0.0,0.0,High
HOS_342,Palvi Maternity and Mother Care Centre - Bandra Mumbai,Hospital,Geomagnetic,69.36850645031964,100.0,0.0,0.0,0.0,High
HOS_342,Palvi Maternity and Mother Care Centre - Bandra Mumbai,Hospital,Heat,69.36850645031964,100.0,0.0,0.0,0.0,High
HOS_343,Shakuntal- Chitra Nursing Home,Hospital,Flood,74.16247797412278,100.0,0.0,0.0,0.0,High
HOS_343,Shakuntal- Chitra Nursing Home,Hospital,Geomagnetic,74.16247797412278,100.0,0.0,0.0,0.0,High
HOS_343,Shakuntal- Chitra Nursing Home,Hospital,Heat,74.16247797412278,100.0,0.0,0.0,0.0,High
HOS_344,Tejas Eye Clinic,Hospital,Flood,69.35099637770243,100.0,0.0,0.0,0.0,High
HOS_344,Tejas Eye Clinic,Hospital,Geomagnetic,69.35099637770243,100.0,0.0,0.0,0.0,High
HOS_344,Tejas Eye Clinic,Hospital,Heat,69.35099637770243,100.0,0.0,0.0,0.0,High
HOS_345,Tushar Maternity and Surgical Nursing Home,Hospital,Flood,70.28235290095608,100.0,0.0,0.0,0.0,High
HOS_345,Tushar Maternity and Surgical Nursing Home,Hospital,Geomagnetic,70.28235290095608,100.0,0.0,0.0,0.0,High
HOS_345,Tushar Maternity and Surgical Nursing Home,Hospital,Heat,70.28235290095608,100.0,0.0,0.0,0.0,High
HOS_346,Bombay Endoscopy Academy and Centre For Minimally In,Hospital,Flood,74.16247797412278,100.0,0.0,0.0,0.0,High
HOS_346,Bombay Endoscopy Academy and Centre For Minimally In,Hospital,Geomagnetic,74.16247797412278,100.0,0.0,0.0,0.0,High
HOS_346,Bombay Endoscopy Academy and Centre For Minimally In,Hospital,Heat,74.16247797412278,100.0,0.0,0.0,0.0,High
HOS_347,Chrysalizz,Hospital,Flood,69.59911368286589,100.0,0.0,0.0,0.0,High
HOS_347,Chrysalizz,Hospital,Geomagnetic,69.59911368286589,100.0,0.0,0.0,0.0,High
HOS_347,Chrysalizz,Hospital,Heat,69.59911368286589,100.0,0.0,0.0,0.0,High
HOS_348,Dr Gupte Lying-In Surgical Hospital,Hospital,Flood,74.16247797412278,100.0,0.0,0.0,0.0,High
HOS_348,Dr Gupte Lying-In Surgical Hospital,Hospital,Geomagnetic,74.16247797412278,100.0,0.0,0.0,0.0,High
HOS_348,Dr Gupte Lying-In Surgical Hospital,Hospital,Heat,74.16247797412278,100.0,0.0,0.0,0.0,High
HOS_349,G.M.Medical Centre - Khar,Hospital,Flood,69.29104028961633,100.0,0.0,0.0,0.0,High
HOS_349,G.M.Medical Centre - Khar,Hospital,Geomagnetic,69.29104028961633,100.0,0.0,0.0,0.0,High
HOS_349,G.M.Medical Centre - Khar,Hospital,Heat,69.29104028961633,100.0,0.0,0.0,0.0,High
HOS_35,Shreeji Hospital,Hospital,Flood,70.50544503062028,100.0,0.0,0.0,0.0,High
HOS_35,Shreeji Hospital,Hospital,Geomagnetic,70.50544503062028,100.0,0.0,0.0,0.0,High
HOS_35,Shreeji Hospital,Hospital,Heat,70.50544503062028,100.0,0.0,0.0,0.0,High
HOS_350,Gopi Nursing Home,Hospital,Flood,69.59911368286589,100.0,0.0,0.0,0.0,High
HOS_350,Gopi Nursing Home,Hospital,Geomagnetic,69.59911368286589,100.0,0.0,0.0,0.0,High
HOS_350,Gopi Nursing Home,Hospital,Heat,69.59911368286589,100.0,0.0,0.0,0.0,High
HOS_351,Hinduja Healthcare,Hospital,Flood,74.16247797412278,100.0,0.0,0.0,0.0,High
HOS_351,Hinduja Healthcare,Hospital,Geomagnetic,74.16247797412278,100.0,0.0,0.0,0.0,High
HOS_351,Hinduja Healthcare,Hospital,Heat,74.16247797412278,100.0,0.0,0.0,0.0,High
HOS_352,I Sight Eyecare And Surgery,Hospital,Flood,71.01813486387144,100.0,0.0,0.0,0.0,High
HOS_352,I Sight Eyecare And Surgery,Hospital,Geomagnetic,71.01813486387144,100.0,0.0,0.0,0.0,High
HOS_352,I Sight Eyecare And Surgery,Hospital,Heat,71.01813486387144,100.0,0.0,0.0,0.0,High
HOS_353,Khar Clinico-Pathological Laboratory,Hospital,Flood,69.31592864304329,100.0,0.0,0.0,0.0,High
HOS_353,Khar Clinico-Pathological Laboratory,Hospital,Geomagnetic,69.31592864304329,100.0,0.0,0.0,0.0,High
HOS_353,Khar Clinico-Pathological Laboratory,Hospital,Heat,69.31592864304329,100.0,0.0,0.0,0.0,High
HOS_354,Kumar Clinic,Hospital,Flood,69.59911368286589,100.0,0.0,0.0,0.0,High
HOS_354,Kumar Clinic,Hospital,Geomagnetic,69.59911368286589,100.0,0.0,0.0,0.0,High
HOS_354,Kumar Clinic,Hospital,Heat,69.59911368286589,100.0,0.0,0.0,0.0,High
HOS_355,Mahavir Medical Research Center,Hospital,Flood,69.35178698924956,100.0,0.0,0.0,0.0,High
HOS_355,Mahavir Medical Research Center,Hospital,Geomagnetic,69.35178698924956,100.0,0.0,0.0,0.0,High
HOS_355,Mahavir Medical Research Center,Hospital,Heat,69.35178698924956,100.0,0.0,0.0,0.0,High
HOS_356,Morwani Nursing Home,Hospital,Flood,74.16247797412278,100.0,0.0,0.0,0.0,High
HOS_356,Morwani Nursing Home,Hospital,Geomagnetic,74.16247797412278,100.0,0.0,0.0,0.0,High
HOS_356,Morwani Nursing Home,Hospital,Heat,74.16247797412278,100.0,0.0,0.0,0.0,High
HOS_358,Ramakrishna Mission Hospital,Hospital,Flood,69.4136031793501,100.0,0.0,0.0,0.0,High
HOS_358,Ramakrishna Mission Hospital,Hospital,Geomagnetic,69.4136031793501,100.0,0.0,0.0,0.0,High
HOS_358,Ramakrishna Mission Hospital,Hospital,Heat,69.4136031793501,100.0,0.0,0.0,0.0,High
HOS_359,Rg Stone Urology and Laproscopy Hospital - Mumbai,Hospital,Flood,74.16247797412278,100.0,0.0,0.0,0.0,High
HOS_359,Rg Stone Urology and Laproscopy Hospital - Mumbai,Hospital,Geomagnetic,74.16247797412278,100.0,0.0,0.0,0.0,High
HOS_359,Rg Stone Urology and Laproscopy Hospital - Mumbai,Hospital,Heat,74.16247797412278,100.0,0.0,0.0,0.0,High
HOS_360,Tulip Womens Healthcare Centre - Khar (W),Hospital,Flood,69.77443744135056,100.0,0.0,0.0,0.0,High
HOS_360,Tulip Womens Healthcare Centre - Khar (W),Hospital,Geomagnetic,69.77443744135056,100.0,0.0,0.0,0.0,High
HOS_360,Tulip Womens Healthcare Centre - Khar (W),Hospital,Heat,69.77443744135056,100.0,0.0,0.0,0.0,High
HOS_361,Vardan Nursing Home Pvt.Ltd.,Hospital,Flood,70.28235290095608,100.0,0.0,0.0,0.0,High
HOS_361,Vardan Nursing Home Pvt.Ltd.,Hospital,Geomagnetic,70.28235290095608,100.0,0.0,0.0,0.0,High
HOS_361,Vardan Nursing Home Pvt.Ltd.,Hospital,Heat,70.28235290095608,100.0,0.0,0.0,0.0,High
HOS_362,Aashna Nursing Home,Hospital,Flood,74.16247797412278,100.0,0.0,0.0,0.0,High
HOS_362,Aashna Nursing Home,Hospital,Geomagnetic,74.16247797412278,100.0,0.0,0.0,0.0,High
HOS_362,Aashna Nursing Home,Hospital,Heat,74.16247797412278,100.0,0.0,0.0,0.0,High
HOS_363,Akanksha Maternity and Surgical Hospital,Hospital,Flood,74.16247797412278,100.0,0.0,0.0,0.0,High
HOS_363,Akanksha Maternity and Surgical Hospital,Hospital,Geomagnetic,74.16247797412278,100.0,0.0,0.0,0.0,High
HOS_363,Akanksha Maternity and Surgical Hospital,Hospital,Heat,74.16247797412278,100.0,0.0,0.0,0.0,High
HOS_364,Ameya Maternity and Nursing Home,Hospital,Flood,71.1963438073447,100.0,0.0,0.0,0.0,High
HOS_364,Ameya Maternity and Nursing Home,Hospital,Geomagnetic,71.1963438073447,100.0,0.0,0.0,0.0,High
HOS_364,Ameya Maternity and Nursing Home,Hospital,Heat,71.1963438073447,100.0,0.0,0.0,0.0,High
HOS_365,Ashwini Clinic,Hospital,Flood,68.89998601483578,100.0,0.0,0.0,0.0,High
HOS_365,Ashwini Clinic,Hospital,Geomagnetic,68.89998601483578,100.0,0.0,0.0,0.0,High
HOS_365,Ashwini Clinic,Hospital,Heat,68.89998601483578,100.0,0.0,0.0,0.0,High
HOS_366,Bellevue Multispeciality Hospital,Hospital,Flood,71.1963438073447,100.0,0.0,0.0,0.0,High
HOS_366,Bellevue Multispeciality Hospital,Hospital,Geomagnetic,71.1963438073447,100.0,0.0,0.0,0.0,High
HOS_366,Bellevue Multispeciality Hospital,Hospital,Heat,71.1963438073447,100.0,0.0,0.0,0.0,High
HOS_367,"Benzer Nursing Home, Andheri",Hospital,Flood,71.1963438073447,100.0,0.0,0.0,0.0,High
HOS_367,"Benzer Nursing Home, Andheri",Hospital,Geomagnetic,71.1963438073447,100.0,0.0,0.0,0.0,High
HOS_367,"Benzer Nursing Home, Andheri",Hospital,Heat,71.1963438073447,100.0,0.0,0.0,0.0,High
HOS_368,Clear Vision Eye Care,Hospital,Flood,74.16247797412278,100.0,0.0,0.0,0.0,High
HOS_368,Clear Vision Eye Care,Hospital,Geomagnetic,74.16247797412278,100.0,0.0,0.0,0.0,High
HOS_368,Clear Vision Eye Care,Hospital,Heat,74.16247797412278,100.0,0.0,0.0,0.0,High
HOS_369,Divyajyoti Eye Clinic,Hospital,Flood,74.16247797412278,100.0,0.0,0.0,0.0,High
HOS_369,Divyajyoti Eye Clinic,Hospital,Geomagnetic,74.16247797412278,100.0,0.0,0.0,0.0,High
HOS_369,Divyajyoti Eye Clinic,Hospital,Heat,74.16247797412278,100.0,0.0,0.0,0.0,High
HOS_37,Surbhi Dental Clinic(Dr.Samata Dhuppad),Hospital,Flood,71.01813486387144,100.0,0.0,0.0,0.0,High
HOS_37,Surbhi Dental Clinic(Dr.Samata Dhuppad),Hospital,Geomagnetic,71.01813486387144,100.0,0.0,0.0,0.0,High
HOS_37,Surbhi Dental Clinic(Dr.Samata Dhuppad),Hospital,Heat,71.01813486387144,100.0,0.0,0.0,0.0,High
HOS_370,Dr Parekhs Deafness Clinic and Ent Hospital,Hospital,Flood,68.89998601483578,100.0,0.0,0.0,0.0,High
HOS_370,Dr Parekhs Deafness Clinic and Ent Hospital,Hospital,Geomagnetic,68.89998601483578,100.0,0.0,0.0,0.0,High
HOS_370,Dr Parekhs Deafness Clinic and Ent Hospital,Hospital,Heat,68.89998601483578,100.0,0.0,0.0,0.0,High
HOS_371,Dr. Indus New Born And Child Care Centre,Hospital,Flood,71.1963438073447,100.0,0.0,0.0,0.0,High
HOS_371,Dr. Indus New Born And Child Care Centre,Hospital,Geomagnetic,71.1963438073447,100.0,0.0,0.0,0.0,High
HOS_371,Dr. Indus New Born And Child Care Centre,Hospital,Heat,71.1963438073447,100.0,0.0,0.0,0.0,High
HOS_372,Dr. Jk Shah's Eye Clinic and Laser Centre,Hospital,Flood,71.1963438073447,100.0,0.0,0.0,0.0,High
HOS_372,Dr. Jk Shah's Eye Clinic and Laser Centre,Hospital,Geomagnetic,71.1963438073447,100.0,0.0,0.0,0.0,High
HOS_372,Dr. Jk Shah's Eye Clinic and Laser Centre,Hospital,Heat,71.1963438073447,100.0,0.0,0.0,0.0,High
HOS_373,Dr. Joshi Surgical and Maternity Hospital,Hospital,Flood,68.89998601483578,100.0,0.0,0.0,0.0,High
HOS_373,Dr. Joshi Surgical and Maternity Hospital,Hospital,Geomagnetic,68.89998601483578,100.0,0.0,0.0,0.0,High
HOS_373,Dr. Joshi Surgical and Maternity Hospital,Hospital,Heat,68.89998601483578,100.0,0.0,0.0,0.0,High
HOS_374,Dr. Khosla`S Dental Centre,Hospital,Flood,72.15223645069834,100.0,0.0,0.0,0.0,High
HOS_374,Dr. Khosla`S Dental Centre,Hospital,Geomagnetic,72.15223645069834,100.0,0.0,0.0,0.0,High
HOS_374,Dr. Khosla`S Dental Centre,Hospital,Heat,72.15223645069834,100.0,0.0,0.0,0.0,High
HOS_375,Dr. M.I.Doongerwala - Andheri,Hospital,Flood,71.1963438073447,100.0,0.0,0.0,0.0,High
HOS_375,Dr. M.I.Doongerwala - Andheri,Hospital,Geomagnetic,71.1963438073447,100.0,0.0,0.0,0.0,High
HOS_375,Dr. M.I.Doongerwala - Andheri,Hospital,Heat,71.1963438073447,100.0,0.0,0.0,0.0,High
HOS_376,Dr. Pareeks Deafness Clinic and Ent Hospital - Andheri,Hospital,Flood,71.1963438073447,100.0,0.0,0.0,0.0,High
HOS_376,Dr. Pareeks Deafness Clinic and Ent Hospital - Andheri,Hospital,Geomagnetic,71.1963438073447,100.0,0.0,0.0,0.0,High
HOS_376,Dr. Pareeks Deafness Clinic and Ent Hospital - Andheri,Hospital,Heat,71.1963438073447,100.0,0.0,0.0,0.0,High
HOS_377,Eva Medicare Center - Andheri,Hospital,Flood,72.0155558582628,100.0,0.0,0.0,0.0,High
HOS_377,Eva Medicare Center - Andheri,Hospital,Geomagnetic,72.0155558582628,100.0,0.0,0.0,0.0,High
HOS_377,Eva Medicare Center - Andheri,Hospital,Heat,72.0155558582628,100.0,0.0,0.0,0.0,High
HOS_378,Gandhi Nursing Home,Hospital,Flood,72.22168850476166,100.0,0.0,0.0,0.0,High
HOS_378,Gandhi Nursing Home,Hospital,Geomagnetic,72.22168850476166,100.0,0.0,0.0,0.0,High
HOS_378,Gandhi Nursing Home,Hospital,Heat,72.22168850476166,100.0,0.0,0.0,0.0,High
HOS_379,Indu Child Care Center,Hospital,Flood,74.16247797412278,100.0,0.0,0.0,0.0,High
HOS_379,Indu Child Care Center,Hospital,Geomagnetic,74.16247797412278,100.0,0.0,0.0,0.0,High
HOS_379,Indu Child Care Center,Hospital,Heat,74.16247797412278,100.0,0.0,0.0,0.0,High
HOS_38,Uday Pathak Hospital,Hospital,Flood,68.20199255607885,100.0,0.0,0.0,0.0,High
HOS_38,Uday Pathak Hospital,Hospital,Geomagnetic,68.20199255607885,100.0,0.0,0.0,0.0,High
HOS_38,Uday Pathak Hospital,Hospital,Heat,68.20199255607885,100.0,0.0,0.0,0.0,High
HOS_380,Kokilaben Dhirubhai Ambani Hospital,Hospital,Flood,71.53199416429388,100.0,0.0,0.0,0.0,High
HOS_380,Kokilaben Dhirubhai Ambani Hospital,Hospital,Geomagnetic,71.53199416429388,100.0,0.0,0.0,0.0,High
HOS_380,Kokilaben Dhirubhai Ambani Hospital,Hospital,Heat,71.53199416429388,100.0,0.0,0.0,0.0,High
HOS_381,Kulkarni Nursing Home and Polyclinic,Hospital,Flood,70.51865514645878,100.0,0.0,0.0,0.0,High
HOS_381,Kulkarni Nursing Home and Polyclinic,Hospital,Geomagnetic,70.51865514645878,100.0,0.0,0.0,0.0,High
HOS_381,Kulkarni Nursing Home and Polyclinic,Hospital,Heat,70.51865514645878,100.0,0.0,0.0,0.0,High
HOS_382,Life Care Medical Centre,Hospital,Flood,71.7260190496805,100.0,0.0,0.0,0.0,High
HOS_382,Life Care Medical Centre,Hospital,Geomagnetic,71.7260190496805,100.0,0.0,0.0,0.0,High
HOS_382,Life Care Medical Centre,Hospital,Heat,71.7260190496805,100.0,0.0,0.0,0.0,High
HOS_383,Manak Healthcare Hospital,Hospital,Flood,74.16247797412278,100.0,0.0,0.0,0.0,High
HOS_383,Manak Healthcare Hospital,Hospital,Geomagnetic,74.16247797412278,100.0,0.0,0.0,0.0,High
HOS_383,Manak Healthcare Hospital,Hospital,Heat,74.16247797412278,100.0,0.0,0.0,0.0,High
HOS_384,Parijat Surgical and General Hospital,Hospital,Flood,71.1963438073447,100.0,0.0,0.0,0.0,High
HOS_384,Parijat Surgical and General Hospital,Hospital,Geomagnetic,71.1963438073447,100.0,0.0,0.0,0.0,High
HOS_384,Parijat Surgical and General Hospital,Hospital,Heat,71.1963438073447,100.0,0.0,0.0,0.0,High
HOS_385,Pushpa Maternity Home,Hospital,Flood,72.65932839616306,100.0,0.0,0.0,0.0,High
HOS_385,Pushpa Maternity Home,Hospital,Geomagnetic,72.65932839616306,100.0,0.0,0.0,0.0,High
HOS_385,Pushpa Maternity Home,Hospital,Heat,72.65932839616306,100.0,0.0,0.0,0.0,High
HOS_386,Reges Bone And Joint Care Centre,Hospital,Flood,72.39501030424523,100.0,0.0,0.0,0.0,High
HOS_386,Reges Bone And Joint Care Centre,Hospital,Geomagnetic,72.39501030424523,100.0,0.0,0.0,0.0,High
HOS_386,Reges Bone And Joint Care Centre,Hospital,Heat,72.39501030424523,100.0,0.0,0.0,0.0,High
HOS_387,Sanghvi Hospital (Andheri),Hospital,Flood,72.65932839616306,100.0,0.0,0.0,0.0,High
HOS_387,Sanghvi Hospital (Andheri),Hospital,Geomagnetic,72.65932839616306,100.0,0.0,0.0,0.0,High
HOS_387,Sanghvi Hospital (Andheri),Hospital,Heat,72.65932839616306,100.0,0.0,0.0,0.0,High
HOS_388,Sengal Patan Lab,Hospital,Flood,71.45081609809388,100.0,0.0,0.0,0.0,High
HOS_388,Sengal Patan Lab,Hospital,Geomagnetic,71.45081609809388,100.0,0.0,0.0,0.0,High
HOS_388,Sengal Patan Lab,Hospital,Heat,71.45081609809388,100.0,0.0,0.0,0.0,High
HOS_389,Shreeji Hospital,Hospital,Flood,72.79046049611158,100.0,0.0,0.0,0.0,High
HOS_389,Shreeji Hospital,Hospital,Geomagnetic,72.79046049611158,100.0,0.0,0.0,0.0,High
HOS_389,Shreeji Hospital,Hospital,Heat,72.79046049611158,100.0,0.0,0.0,0.0,High
HOS_390,Siddhartha Municipal General Hospital,Hospital,Flood,71.04793361773841,100.0,0.0,0.0,0.0,High
HOS_390,Siddhartha Municipal General Hospital,Hospital,Geomagnetic,71.04793361773841,100.0,0.0,0.0,0.0,High
HOS_390,Siddhartha Municipal General Hospital,Hospital,Heat,71.04793361773841,100.0,0.0,0.0,0.0,High
HOS_391,Siddhivinayak Surgical Centre,Hospital,Flood,71.1963438073447,100.0,0.0,0.0,0.0,High
HOS_391,Siddhivinayak Surgical Centre,Hospital,Geomagnetic,71.1963438073447,100.0,0.0,0.0,0.0,High
HOS_391,Siddhivinayak Surgical Centre,Hospital,Heat,71.1963438073447,100.0,0.0,0.0,0.0,High
HOS_392,Suman Eye Clinic And Surgery Centre,Hospital,Flood,72.24445256377686,100.0,0.0,0.0,0.0,High
HOS_392,Suman Eye Clinic And Surgery Centre,Hospital,Geomagnetic,72.24445256377686,100.0,0.0,0.0,0.0,High
HOS_392,Suman Eye Clinic And Surgery Centre,Hospital,Heat,72.24445256377686,100.0,0.0,0.0,0.0,High
HOS_393,Super Religare Laboratories Ltd,Hospital,Flood,71.1963438073447,100.0,0.0,0.0,0.0,High
HOS_393,Super Religare Laboratories Ltd,Hospital,Geomagnetic,71.1963438073447,100.0,0.0,0.0,0.0,High
HOS_393,Super Religare Laboratories Ltd,Hospital,Heat,71.1963438073447,100.0,0.0,0.0,0.0,High
HOS_394,Surgicare Medical Centre - Mumbai,Hospital,Flood,71.27675154141495,100.0,0.0,0.0,0.0,High
HOS_394,Surgicare Medical Centre - Mumbai,Hospital,Geomagnetic,71.27675154141495,100.0,0.0,0.0,0.0,High
HOS_394,Surgicare Medical Centre - Mumbai,Hospital,Heat,71.27675154141495,100.0,0.0,0.0,0.0,High
HOS_395,Vijay Opticians,Hospital,Flood,71.40565274616823,100.0,0.0,0.0,0.0,High
HOS_395,Vijay Opticians,Hospital,Geomagnetic,71.40565274616823,100.0,0.0,0.0,0.0,High
HOS_395,Vijay Opticians,Hospital,Heat,71.40565274616823,100.0,0.0,0.0,0.0,High
HOS_396,Vital Care Centre,Hospital,Flood,71.1963438073447,100.0,0.0,0.0,0.0,High
HOS_396,Vital Care Centre,Hospital,Geomagnetic,71.1963438073447,100.0,0.0,0.0,0.0,High
HOS_396,Vital Care Centre,Hospital,Heat,71.1963438073447,100.0,0.0,0.0,0.0,High
HOS_397,Yash Neel Maternity Home,Hospital,Flood,68.89998601483578,100.0,0.0,0.0,0.0,High
HOS_397,Yash Neel Maternity Home,Hospital,Geomagnetic,68.89998601483578,100.0,0.0,0.0,0.0,High
HOS_397,Yash Neel Maternity Home,Hospital,Heat,68.89998601483578,100.0,0.0,0.0,0.0,High
HOS_398,Aseem Orthopaedic Hospital,Hospital,Flood,68.26944651252315,100.0,0.0,0.0,0.0,High
HOS_398,Aseem Orthopaedic Hospital,Hospital,Geomagnetic,68.26944651252315,100.0,0.0,0.0,0.0,High
HOS_398,Aseem Orthopaedic Hospital,Hospital,Heat,68.26944651252315,100.0,0.0,0.0,0.0,High
HOS_399,Asha Orthopedic Hospital,Hospital,Flood,74.16247797412278,100.0,0.0,0.0,0.0,High
HOS_399,Asha Orthopedic Hospital,Hospital,Geomagnetic,74.16247797412278,100.0,0.0,0.0,0.0,High
HOS_399,Asha Orthopedic Hospital,Hospital,Heat,74.16247797412278,100.0,0.0,0.0,0.0,High
HOS_4,Bhoir Hospital,Hospital,Flood,74.16247797412278,100.0,0.0,0.0,0.0,High
HOS_4,Bhoir Hospital,Hospital,Geomagnetic,74.16247797412278,100.0,0.0,0.0,0.0,High
HOS_4,Bhoir Hospital,Hospital,Heat,74.16247797412278,100.0,0.0,0.0,0.0,High
HOS_400,Bcj Hospital And Asha Parekh Research Centre,Hospital,Flood,68.3874663261687,100.0,0.0,0.0,0.0,High
HOS_400,Bcj Hospital And Asha Parekh Research Centre,Hospital,Geomagnetic,68.3874663261687,100.0,0.0,0.0,0.0,High
HOS_400,Bcj Hospital And Asha Parekh Research Centre,Hospital,Heat,68.3874663261687,100.0,0.0,0.0,0.0,High
HOS_401,Bhargava Nursing Home,Hospital,Flood,68.94109918703589,100.0,0.0,0.0,0.0,High
HOS_401,Bhargava Nursing Home,Hospital,Geomagnetic,68.94109918703589,100.0,0.0,0.0,0.0,High
HOS_401,Bhargava Nursing Home,Hospital,Heat,68.94109918703589,100.0,0.0,0.0,0.0,High
HOS_402,Clilical Pathology and Bacteriology Clinic,Hospital,Flood,68.44557430768344,100.0,0.0,0.0,0.0,High
HOS_402,Clilical Pathology and Bacteriology Clinic,Hospital,Geomagnetic,68.44557430768344,100.0,0.0,0.0,0.0,High
HOS_402,Clilical Pathology and Bacteriology Clinic,Hospital,Heat,68.44557430768344,100.0,0.0,0.0,0.0,High
HOS_403,Dr. Kamdars Nursing Home,Hospital,Flood,74.16247797412278,100.0,0.0,0.0,0.0,High
HOS_403,Dr. Kamdars Nursing Home,Hospital,Geomagnetic,74.16247797412278,100.0,0.0,0.0,0.0,High
HOS_403,Dr. Kamdars Nursing Home,Hospital,Heat,74.16247797412278,100.0,0.0,0.0,0.0,High
HOS_404,Fantasy Clinic,Hospital,Flood,71.1963438073447,100.0,0.0,0.0,0.0,High
HOS_404,Fantasy Clinic,Hospital,Geomagnetic,71.1963438073447,100.0,0.0,0.0,0.0,High
HOS_404,Fantasy Clinic,Hospital,Heat,71.1963438073447,100.0,0.0,0.0,0.0,High
HOS_405,Gandhi Nursing Home,Hospital,Flood,68.54699764993661,100.0,0.0,0.0,0.0,High
HOS_405,Gandhi Nursing Home,Hospital,Geomagnetic,68.54699764993661,100.0,0.0,0.0,0.0,High
HOS_405,Gandhi Nursing Home,Hospital,Heat,68.54699764993661,100.0,0.0,0.0,0.0,High
HOS_406,Kenias Eye Hospital,Hospital,Flood,68.16312522152253,100.0,0.0,0.0,0.0,High
HOS_406,Kenias Eye Hospital,Hospital,Geomagnetic,68.16312522152253,100.0,0.0,0.0,0.0,High
HOS_406,Kenias Eye Hospital,Hospital,Heat,68.16312522152253,100.0,0.0,0.0,0.0,High
HOS_407,Life Line Hospital and Diagnostics Pvt Ltd,Hospital,Flood,68.54699764993661,100.0,0.0,0.0,0.0,High
HOS_407,Life Line Hospital and Diagnostics Pvt Ltd,Hospital,Geomagnetic,68.54699764993661,100.0,0.0,0.0,0.0,High
HOS_407,Life Line Hospital and Diagnostics Pvt Ltd,Hospital,Heat,68.54699764993661,100.0,0.0,0.0,0.0,High
HOS_408,Malhaar Maternity And General Nuring Home,Hospital,Flood,74.16247797412278,100.0,0.0,0.0,0.0,High
HOS_408,Malhaar Maternity And General Nuring Home,Hospital,Geomagnetic,74.16247797412278,100.0,0.0,0.0,0.0,High
HOS_408,Malhaar Maternity And General Nuring Home,Hospital,Heat,74.16247797412278,100.0,0.0,0.0,0.0,High
HOS_409,Malpani Eye Hospital And Laser Centre,Hospital,Flood,68.54699764993661,100.0,0.0,0.0,0.0,High
HOS_409,Malpani Eye Hospital And Laser Centre,Hospital,Geomagnetic,68.54699764993661,100.0,0.0,0.0,0.0,High
HOS_409,Malpani Eye Hospital And Laser Centre,Hospital,Heat,68.54699764993661,100.0,0.0,0.0,0.0,High
HOS_41,Shroff Eye Clinic,Hospital,Flood,79.55707286540515,100.0,0.0,0.0,0.0,Critical
HOS_41,Shroff Eye Clinic,Hospital,Geomagnetic,79.55707286540515,100.0,0.0,0.0,0.0,Critical
HOS_41,Shroff Eye Clinic,Hospital,Heat,79.55707286540515,100.0,0.0,0.0,0.0,Critical
HOS_410,Maniar Clinic,Hospital,Flood,68.71568188219784,100.0,0.0,0.0,0.0,High
HOS_410,Maniar Clinic,Hospital,Geomagnetic,68.71568188219784,100.0,0.0,0.0,0.0,High
HOS_410,Maniar Clinic,Hospital,Heat,68.71568188219784,100.0,0.0,0.0,0.0,High
HOS_411,Mumbai Retina Centre,Hospital,Flood,68.54699764993661,100.0,0.0,0.0,0.0,High
HOS_411,Mumbai Retina Centre,Hospital,Geomagnetic,68.54699764993661,100.0,0.0,0.0,0.0,High
HOS_411,Mumbai Retina Centre,Hospital,Heat,68.54699764993661,100.0,0.0,0.0,0.0,High
HOS_412,Nagvekar Eye Clinic,Hospital,Flood,74.16247797412278,100.0,0.0,0.0,0.0,High
HOS_412,Nagvekar Eye Clinic,Hospital,Geomagnetic,74.16247797412278,100.0,0.0,0.0,0.0,High
HOS_412,Nagvekar Eye Clinic,Hospital,Heat,74.16247797412278,100.0,0.0,0.0,0.0,High
HOS_413,Netrapuja Research Centre,Hospital,Flood,68.79695789258356,100.0,0.0,0.0,0.0,High
HOS_413,Netrapuja Research Centre,Hospital,Geomagnetic,68.79695789258356,100.0,0.0,0.0,0.0,High
HOS_413,Netrapuja Research Centre,Hospital,Heat,68.79695789258356,100.0,0.0,0.0,0.0,High
HOS_414,P.H Medical Centre,Hospital,Flood,74.16247797412278,100.0,0.0,0.0,0.0,High
HOS_414,P.H Medical Centre,Hospital,Geomagnetic,74.16247797412278,100.0,0.0,0.0,0.0,High
HOS_414,P.H Medical Centre,Hospital,Heat,74.16247797412278,100.0,0.0,0.0,0.0,High
HOS_415,Radiance Laser Vision Centre,Hospital,Flood,68.54699764993661,100.0,0.0,0.0,0.0,High
HOS_415,Radiance Laser Vision Centre,Hospital,Geomagnetic,68.54699764993661,100.0,0.0,0.0,0.0,High
HOS_415,Radiance Laser Vision Centre,Hospital,Heat,68.54699764993661,100.0,0.0,0.0,0.0,High
HOS_416,Saifee Polyclinic and Diagnostic Cent,Hospital,Flood,74.16247797412278,100.0,0.0,0.0,0.0,High
HOS_416,Saifee Polyclinic and Diagnostic Cent,Hospital,Geomagnetic,74.16247797412278,100.0,0.0,0.0,0.0,High
HOS_416,Saifee Polyclinic and Diagnostic Cent,Hospital,Heat,74.16247797412278,100.0,0.0,0.0,0.0,High
HOS_417,Samvedan Health Care Clinic,Hospital,Flood,68.54699764993661,100.0,0.0,0.0,0.0,High
HOS_417,Samvedan Health Care Clinic,Hospital,Geomagnetic,68.54699764993661,100.0,0.0,0.0,0.0,High
HOS_417,Samvedan Health Care Clinic,Hospital,Heat,68.54699764993661,100.0,0.0,0.0,0.0,High
HOS_418,Sarla Hospital and Icu,Hospital,Flood,68.70093686341919,100.0,0.0,0.0,0.0,High
HOS_418,Sarla Hospital and Icu,Hospital,Geomagnetic,68.70093686341919,100.0,0.0,0.0,0.0,High
HOS_418,Sarla Hospital and Icu,Hospital,Heat,68.70093686341919,100.0,0.0,0.0,0.0,High
HOS_419,Sarvodaya Eye Hospital,Hospital,Flood,68.4918668856989,100.0,0.0,0.0,0.0,High
HOS_419,Sarvodaya Eye Hospital,Hospital,Geomagnetic,68.4918668856989,100.0,0.0,0.0,0.0,High
HOS_419,Sarvodaya Eye Hospital,Hospital,Heat,68.4918668856989,100.0,0.0,0.0,0.0,High
HOS_42,Smt. Kamladevi Gauridutt Mittal Ayurvedic Hosp,Hospital,Flood,68.119404238003,100.0,0.0,0.0,0.0,High
HOS_42,Smt. Kamladevi Gauridutt Mittal Ayurvedic Hosp,Hospital,Geomagnetic,68.119404238003,100.0,0.0,0.0,0.0,High
HOS_42,Smt. Kamladevi Gauridutt Mittal Ayurvedic Hosp,Hospital,Heat,68.119404238003,100.0,0.0,0.0,0.0,High
HOS_420,Smruti Nursing Home,Hospital,Flood,68.51219629305508,100.0,0.0,0.0,0.0,High
HOS_420,Smruti Nursing Home,Hospital,Geomagnetic,68.51219629305508,100.0,0.0,0.0,0.0,High
HOS_420,Smruti Nursing Home,Hospital,Heat,68.51219629305508,100.0,0.0,0.0,0.0,High
HOS_421,Surya Childrens Hospital,Hospital,Flood,74.16247797412278,100.0,0.0,0.0,0.0,High
HOS_421,Surya Childrens Hospital,Hospital,Geomagnetic,74.16247797412278,100.0,0.0,0.0,0.0,High
HOS_421,Surya Childrens Hospital,Hospital,Heat,74.16247797412278,100.0,0.0,0.0,0.0,High
HOS_422,The Ark Clinic,Hospital,Flood,68.54699764993661,100.0,0.0,0.0,0.0,High
HOS_422,The Ark Clinic,Hospital,Geomagnetic,68.54699764993661,100.0,0.0,0.0,0.0,High
HOS_422,The Ark Clinic,Hospital,Heat,68.54699764993661,100.0,0.0,0.0,0.0,High
HOS_423,Zen Eye Center,Hospital,Flood,74.16247797412278,100.0,0.0,0.0,0.0,High
HOS_423,Zen Eye Center,Hospital,Geomagnetic,74.16247797412278,100.0,0.0,0.0,0.0,High
HOS_423,Zen Eye Center,Hospital,Heat,74.16247797412278,100.0,0.0,0.0,0.0,High
HOS_424,Aastha Surgical Clinic,Hospital,Flood,74.16247797412278,100.0,0.0,0.0,0.0,High
HOS_424,Aastha Surgical Clinic,Hospital,Geomagnetic,74.16247797412278,100.0,0.0,0.0,0.0,High
HOS_424,Aastha Surgical Clinic,Hospital,Heat,74.16247797412278,100.0,0.0,0.0,0.0,High
HOS_425,Dattatreya Nursing Home,Hospital,Flood,68.01930791459091,100.0,0.0,0.0,0.0,High
HOS_425,Dattatreya Nursing Home,Hospital,Geomagnetic,68.01930791459091,100.0,0.0,0.0,0.0,High
HOS_425,Dattatreya Nursing Home,Hospital,Heat,68.01930791459091,100.0,0.0,0.0,0.0,High
HOS_426,Dr. Raut`S Maternity and Surgical Nursing Home,Hospital,Flood,74.91677023971657,100.0,0.0,0.0,0.0,High
HOS_426,Dr. Raut`S Maternity and Surgical Nursing Home,Hospital,Geomagnetic,74.91677023971657,100.0,0.0,0.0,0.0,High
HOS_426,Dr. Raut`S Maternity and Surgical Nursing Home,Hospital,Heat,74.91677023971657,100.0,0.0,0.0,0.0,High
HOS_427,Dr. Sheth Surgical Clinic andGeneral Nursing Home- Santacruz-Mumbai,Hospital,Flood,68.43351872456834,100.0,0.0,0.0,0.0,High
HOS_427,Dr. Sheth Surgical Clinic andGeneral Nursing Home- Santacruz-Mumbai,Hospital,Geomagnetic,68.43351872456834,100.0,0.0,0.0,0.0,High
HOS_427,Dr. Sheth Surgical Clinic andGeneral Nursing Home- Santacruz-Mumbai,Hospital,Heat,68.43351872456834,100.0,0.0,0.0,0.0,High
HOS_428,Nandan Maternity and Surgical Home,Hospital,Flood,68.40735608331065,100.0,0.0,0.0,0.0,High
HOS_428,Nandan Maternity and Surgical Home,Hospital,Geomagnetic,68.40735608331065,100.0,0.0,0.0,0.0,High
HOS_428,Nandan Maternity and Surgical Home,Hospital,Heat,68.40735608331065,100.0,0.0,0.0,0.0,High
HOS_429,Prerana Nursing Home,Hospital,Flood,74.16247797412278,100.0,0.0,0.0,0.0,High
HOS_429,Prerana Nursing Home,Hospital,Geomagnetic,74.16247797412278,100.0,0.0,0.0,0.0,High
HOS_429,Prerana Nursing Home,Hospital,Heat,74.16247797412278,100.0,0.0,0.0,0.0,High
HOS_43,Dholkawalla Maternity Home,Hospital,Flood,77.30661390681239,100.0,0.0,0.0,0.0,Critical
HOS_43,Dholkawalla Maternity Home,Hospital,Geomagnetic,77.30661390681239,100.0,0.0,0.0,0.0,Critical
HOS_43,Dholkawalla Maternity Home,Hospital,Heat,77.30661390681239,100.0,0.0,0.0,0.0,Critical
HOS_430,R. K. Hospital,Hospital,Flood,74.16247797412278,100.0,0.0,0.0,0.0,High
HOS_430,R. K. Hospital,Hospital,Geomagnetic,74.16247797412278,100.0,0.0,0.0,0.0,High
HOS_430,R. K. Hospital,Hospital,Heat,74.16247797412278,100.0,0.0,0.0,0.0,High
HOS_431,Siddhi Nursing Home,Hospital,Flood,68.37681009594938,100.0,0.0,0.0,0.0,High
HOS_431,Siddhi Nursing Home,Hospital,Geomagnetic,68.37681009594938,100.0,0.0,0.0,0.0,High
HOS_431,Siddhi Nursing Home,Hospital,Heat,68.37681009594938,100.0,0.0,0.0,0.0,High
HOS_432,Sona Medical Center,Hospital,Flood,68.20199255607885,100.0,0.0,0.0,0.0,High
HOS_432,Sona Medical Center,Hospital,Geomagnetic,68.20199255607885,100.0,0.0,0.0,0.0,High
HOS_432,Sona Medical Center,Hospital,Heat,68.20199255607885,100.0,0.0,0.0,0.0,High
HOS_433,Upadhyaya Nursing Home,Hospital,Flood,67.67464654717072,100.0,0.0,0.0,0.0,High
HOS_433,Upadhyaya Nursing Home,Hospital,Geomagnetic,67.67464654717072,100.0,0.0,0.0,0.0,High
HOS_433,Upadhyaya Nursing Home,Hospital,Heat,67.67464654717072,100.0,0.0,0.0,0.0,High
HOS_434,Vakola Nursing Home and Polyclinic,Hospital,Flood,70.95014867619372,100.0,0.0,0.0,0.0,High
HOS_434,Vakola Nursing Home and Polyclinic,Hospital,Geomagnetic,70.95014867619372,100.0,0.0,0.0,0.0,High
HOS_434,Vakola Nursing Home and Polyclinic,Hospital,Heat,70.95014867619372,100.0,0.0,0.0,0.0,High
HOS_435,Dr Balabhai Nanavati Hospital,Hospital,Flood,68.1450634502699,100.0,0.0,0.0,0.0,High
HOS_435,Dr Balabhai Nanavati Hospital,Hospital,Geomagnetic,68.1450634502699,100.0,0.0,0.0,0.0,High
HOS_435,Dr Balabhai Nanavati Hospital,Hospital,Heat,68.1450634502699,100.0,0.0,0.0,0.0,High
HOS_436,Dr Jagdish Shahs Clinic,Hospital,Flood,68.12860396988648,100.0,0.0,0.0,0.0,High
HOS_436,Dr Jagdish Shahs Clinic,Hospital,Geomagnetic,68.12860396988648,100.0,0.0,0.0,0.0,High
HOS_436,Dr Jagdish Shahs Clinic,Hospital,Heat,68.12860396988648,100.0,0.0,0.0,0.0,High
HOS_437,Dr Shah Hospital and Acupuncture Research Center,Hospital,Flood,69.77715035808524,100.0,0.0,0.0,0.0,High
HOS_437,Dr Shah Hospital and Acupuncture Research Center,Hospital,Geomagnetic,69.77715035808524,100.0,0.0,0.0,0.0,High
HOS_437,Dr Shah Hospital and Acupuncture Research Center,Hospital,Heat,69.77715035808524,100.0,0.0,0.0,0.0,High
HOS_438,Dr. Kusums Kapadia Clinic,Hospital,Flood,74.16247797412278,100.0,0.0,0.0,0.0,High
HOS_438,Dr. Kusums Kapadia Clinic,Hospital,Geomagnetic,74.16247797412278,100.0,0.0,0.0,0.0,High
HOS_438,Dr. Kusums Kapadia Clinic,Hospital,Heat,74.16247797412278,100.0,0.0,0.0,0.0,High
HOS_439,Dr. Sadiwalas Clinic and Nursing Home,Hospital,Flood,68.24811346642704,100.0,0.0,0.0,0.0,High
HOS_439,Dr. Sadiwalas Clinic and Nursing Home,Hospital,Geomagnetic,68.24811346642704,100.0,0.0,0.0,0.0,High
HOS_439,Dr. Sadiwalas Clinic and Nursing Home,Hospital,Heat,68.24811346642704,100.0,0.0,0.0,0.0,High
HOS_44,The Hussonally Abdulally Dholkawalla Wakf Charity Trust,Hospital,Flood,77.30661390681239,100.0,0.0,0.0,0.0,Critical
HOS_44,The Hussonally Abdulally Dholkawalla Wakf Charity Trust,Hospital,Geomagnetic,77.30661390681239,100.0,0.0,0.0,0.0,Critical
HOS_44,The Hussonally Abdulally Dholkawalla Wakf Charity Trust,Hospital,Heat,77.30661390681239,100.0,0.0,0.0,0.0,Critical
HOS_440,Dr. Sanjay Soni,Hospital,Flood,69.06346070062182,100.0,0.0,0.0,0.0,High
HOS_440,Dr. Sanjay Soni,Hospital,Geomagnetic,69.06346070062182,100.0,0.0,0.0,0.0,High
HOS_440,Dr. Sanjay Soni,Hospital,Heat,69.06346070062182,100.0,0.0,0.0,0.0,High
HOS_441,Eclat Polyclinic,Hospital,Flood,68.20199255607885,100.0,0.0,0.0,0.0,High
HOS_441,Eclat Polyclinic,Hospital,Geomagnetic,68.20199255607885,100.0,0.0,0.0,0.0,High
HOS_441,Eclat Polyclinic,Hospital,Heat,68.20199255607885,100.0,0.0,0.0,0.0,High
HOS_442,Eyeris Medical Center Pvt. Ltd.,Hospital,Flood,68.15814651145226,100.0,0.0,0.0,0.0,High
HOS_442,Eyeris Medical Center Pvt. Ltd.,Hospital,Geomagnetic,68.15814651145226,100.0,0.0,0.0,0.0,High
HOS_442,Eyeris Medical Center Pvt. Ltd.,Hospital,Heat,68.15814651145226,100.0,0.0,0.0,0.0,High
HOS_443,Iris Eye Center,Hospital,Flood,68.3642445304303,100.0,0.0,0.0,0.0,High
HOS_443,Iris Eye Center,Hospital,Geomagnetic,68.3642445304303,100.0,0.0,0.0,0.0,High
HOS_443,Iris Eye Center,Hospital,Heat,68.3642445304303,100.0,0.0,0.0,0.0,High
HOS_444,Irla Nursing Home and Polyclinic,Hospital,Flood,68.3642445304303,100.0,0.0,0.0,0.0,High
HOS_444,Irla Nursing Home and Polyclinic,Hospital,Geomagnetic,68.3642445304303,100.0,0.0,0.0,0.0,High
HOS_444,Irla Nursing Home and Polyclinic,Hospital,Heat,68.3642445304303,100.0,0.0,0.0,0.0,High
HOS_445,Khandwala Eye Hospital and Polyclinic,Hospital,Flood,74.16247797412278,100.0,0.0,0.0,0.0,High
HOS_445,Khandwala Eye Hospital and Polyclinic,Hospital,Geomagnetic,74.16247797412278,100.0,0.0,0.0,0.0,High
HOS_445,Khandwala Eye Hospital and Polyclinic,Hospital,Heat,74.16247797412278,100.0,0.0,0.0,0.0,High
HOS_446,"Life Care Iccu , Medical and Surgical Emergencies",Hospital,Flood,68.36001266489143,100.0,0.0,0.0,0.0,High
HOS_446,"Life Care Iccu , Medical and Surgical Emergencies",Hospital,Geomagnetic,68.36001266489143,100.0,0.0,0.0,0.0,High
HOS_446,"Life Care Iccu , Medical and Surgical Emergencies",Hospital,Heat,68.36001266489143,100.0,0.0,0.0,0.0,High
HOS_447,Mahaveer Health Care Centre,Hospital,Flood,68.14832971394738,100.0,0.0,0.0,0.0,High
HOS_447,Mahaveer Health Care Centre,Hospital,Geomagnetic,68.14832971394738,100.0,0.0,0.0,0.0,High
HOS_447,Mahaveer Health Care Centre,Hospital,Heat,68.14832971394738,100.0,0.0,0.0,0.0,High
HOS_448,Navkar Eye Care Center,Hospital,Flood,68.3642445304303,100.0,0.0,0.0,0.0,High
HOS_448,Navkar Eye Care Center,Hospital,Geomagnetic,68.3642445304303,100.0,0.0,0.0,0.0,High
HOS_448,Navkar Eye Care Center,Hospital,Heat,68.3642445304303,100.0,0.0,0.0,0.0,High
HOS_449,Shruti Clinic - Vile Parle,Hospital,Flood,68.3642445304303,100.0,0.0,0.0,0.0,High
HOS_449,Shruti Clinic - Vile Parle,Hospital,Geomagnetic,68.3642445304303,100.0,0.0,0.0,0.0,High
HOS_449,Shruti Clinic - Vile Parle,Hospital,Heat,68.3642445304303,100.0,0.0,0.0,0.0,High
HOS_45,Advanced Cardiovascular Specialists Pvt Ltd,Hospital,Flood,74.16247797412278,100.0,0.0,0.0,0.0,High
HOS_45,Advanced Cardiovascular Specialists Pvt Ltd,Hospital,Geomagnetic,74.16247797412278,100.0,0.0,0.0,0.0,High
HOS_45,Advanced Cardiovascular Specialists Pvt Ltd,Hospital,Heat,74.16247797412278,100.0,0.0,0.0,0.0,High
HOS_450,Sunflower Nursing Home,Hospital,Flood,74.16247797412278,100.0,0.0,0.0,0.0,High
HOS_450,Sunflower Nursing Home,Hospital,Geomagnetic,74.16247797412278,100.0,0.0,0.0,0.0,High
HOS_450,Sunflower Nursing Home,Hospital,Heat,74.16247797412278,100.0,0.0,0.0,0.0,High
HOS_451,The Mediheights Shreeji Hospital and Research Center,Hospital,Flood,68.36001266489143,100.0,0.0,0.0,0.0,High
HOS_451,The Mediheights Shreeji Hospital and Research Center,Hospital,Geomagnetic,68.36001266489143,100.0,0.0,0.0,0.0,High
HOS_451,The Mediheights Shreeji Hospital and Research Center,Hospital,Heat,68.36001266489143,100.0,0.0,0.0,0.0,High
HOS_452,Voras Clinical Laboratory,Hospital,Flood,68.30536529484417,100.0,0.0,0.0,0.0,High
HOS_452,Voras Clinical Laboratory,Hospital,Geomagnetic,68.30536529484417,100.0,0.0,0.0,0.0,High
HOS_452,Voras Clinical Laboratory,Hospital,Heat,68.30536529484417,100.0,0.0,0.0,0.0,High
HOS_453,"Aggarwal Eye Hospital , Vile Parle",Hospital,Flood,68.47220696107532,100.0,0.0,0.0,0.0,High
HOS_453,"Aggarwal Eye Hospital , Vile Parle",Hospital,Geomagnetic,68.47220696107532,100.0,0.0,0.0,0.0,High
HOS_453,"Aggarwal Eye Hospital , Vile Parle",Hospital,Heat,68.47220696107532,100.0,0.0,0.0,0.0,High
HOS_454,Ashish Maternity and Nursing Home - Vile Parle (E),Hospital,Flood,67.5812889293762,100.0,0.0,0.0,0.0,High
HOS_454,Ashish Maternity and Nursing Home - Vile Parle (E),Hospital,Geomagnetic,67.5812889293762,100.0,0.0,0.0,0.0,High
HOS_454,Ashish Maternity and Nursing Home - Vile Parle (E),Hospital,Heat,67.5812889293762,100.0,0.0,0.0,0.0,High
HOS_455,Dr. Kirits Nursing Home-Vile Parle,Hospital,Flood,67.5812889293762,100.0,0.0,0.0,0.0,High
HOS_455,Dr. Kirits Nursing Home-Vile Parle,Hospital,Geomagnetic,67.5812889293762,100.0,0.0,0.0,0.0,High
HOS_455,Dr. Kirits Nursing Home-Vile Parle,Hospital,Heat,67.5812889293762,100.0,0.0,0.0,0.0,High
HOS_456,Dr. Umesh Nisar Dental Clinic,Hospital,Flood,74.16247797412278,100.0,0.0,0.0,0.0,High
HOS_456,Dr. Umesh Nisar Dental Clinic,Hospital,Geomagnetic,74.16247797412278,100.0,0.0,0.0,0.0,High
HOS_456,Dr. Umesh Nisar Dental Clinic,Hospital,Heat,74.16247797412278,100.0,0.0,0.0,0.0,High
HOS_457,Dr.Satish G.Desai,Hospital,Flood,74.16247797412278,100.0,0.0,0.0,0.0,High
HOS_457,Dr.Satish G.Desai,Hospital,Geomagnetic,74.16247797412278,100.0,0.0,0.0,0.0,High
HOS_457,Dr.Satish G.Desai,Hospital,Heat,74.16247797412278,100.0,0.0,0.0,0.0,High
HOS_458,Dr.Tushar Shah,Hospital,Flood,68.26568067968068,100.0,0.0,0.0,0.0,High
HOS_458,Dr.Tushar Shah,Hospital,Geomagnetic,68.26568067968068,100.0,0.0,0.0,0.0,High
HOS_458,Dr.Tushar Shah,Hospital,Heat,68.26568067968068,100.0,0.0,0.0,0.0,High
HOS_459,Kirit Nursing Home,Hospital,Flood,67.5812889293762,100.0,0.0,0.0,0.0,High
HOS_459,Kirit Nursing Home,Hospital,Geomagnetic,67.5812889293762,100.0,0.0,0.0,0.0,High
HOS_459,Kirit Nursing Home,Hospital,Heat,67.5812889293762,100.0,0.0,0.0,0.0,High
HOS_46,Bay View Clinic,Hospital,Flood,68.20199255607885,100.0,0.0,0.0,0.0,High
HOS_46,Bay View Clinic,Hospital,Geomagnetic,68.20199255607885,100.0,0.0,0.0,0.0,High
HOS_46,Bay View Clinic,Hospital,Heat,68.20199255607885,100.0,0.0,0.0,0.0,High
HOS_460,Navjivan Maternity and Surgical Nursing Home,Hospital,Flood,67.5812889293762,100.0,0.0,0.0,0.0,High
HOS_460,Navjivan Maternity and Surgical Nursing Home,Hospital,Geomagnetic,67.5812889293762,100.0,0.0,0.0,0.0,High
HOS_460,Navjivan Maternity and Surgical Nursing Home,Hospital,Heat,67.5812889293762,100.0,0.0,0.0,0.0,High
HOS_461,Nityanand Iccu and Nursing Home,Hospital,Flood,74.16247797412278,100.0,0.0,0.0,0.0,High
HOS_461,Nityanand Iccu and Nursing Home,Hospital,Geomagnetic,74.16247797412278,100.0,0.0,0.0,0.0,High
HOS_461,Nityanand Iccu and Nursing Home,Hospital,Heat,74.16247797412278,100.0,0.0,0.0,0.0,High
HOS_462,Parle Eye Hospital,Hospital,Flood,68.21641140898306,100.0,0.0,0.0,0.0,High
HOS_462,Parle Eye Hospital,Hospital,Geomagnetic,68.21641140898306,100.0,0.0,0.0,0.0,High
HOS_462,Parle Eye Hospital,Hospital,Heat,68.21641140898306,100.0,0.0,0.0,0.0,High
HOS_463,Sarafs Diagnostic Center,Hospital,Flood,68.23586872213276,100.0,0.0,0.0,0.0,High
HOS_463,Sarafs Diagnostic Center,Hospital,Geomagnetic,68.23586872213276,100.0,0.0,0.0,0.0,High
HOS_463,Sarafs Diagnostic Center,Hospital,Heat,68.23586872213276,100.0,0.0,0.0,0.0,High
HOS_464,Sarda Clinic,Hospital,Flood,68.20199255607885,100.0,0.0,0.0,0.0,High
HOS_464,Sarda Clinic,Hospital,Geomagnetic,68.20199255607885,100.0,0.0,0.0,0.0,High
HOS_464,Sarda Clinic,Hospital,Heat,68.20199255607885,100.0,0.0,0.0,0.0,High
HOS_465,Saurabh Sanjanwala`S Maternity Gync.and Surgical Nur,Hospital,Flood,68.33347406937679,100.0,0.0,0.0,0.0,High
HOS_465,Saurabh Sanjanwala`S Maternity Gync.and Surgical Nur,Hospital,Geomagnetic,68.33347406937679,100.0,0.0,0.0,0.0,High
HOS_465,Saurabh Sanjanwala`S Maternity Gync.and Surgical Nur,Hospital,Heat,68.33347406937679,100.0,0.0,0.0,0.0,High
HOS_466,Shreeji Associates C/O Dr Ranes Nursing Home,Hospital,Flood,68.00634359340307,100.0,0.0,0.0,0.0,High
HOS_466,Shreeji Associates C/O Dr Ranes Nursing Home,Hospital,Geomagnetic,68.00634359340307,100.0,0.0,0.0,0.0,High
HOS_466,Shreeji Associates C/O Dr Ranes Nursing Home,Hospital,Heat,68.00634359340307,100.0,0.0,0.0,0.0,High
HOS_467,Smt. Laxmiben Dharamsi Karsan Gala Eye Hospital,Hospital,Flood,67.5812889293762,100.0,0.0,0.0,0.0,High
HOS_467,Smt. Laxmiben Dharamsi Karsan Gala Eye Hospital,Hospital,Geomagnetic,67.5812889293762,100.0,0.0,0.0,0.0,High
HOS_467,Smt. Laxmiben Dharamsi Karsan Gala Eye Hospital,Hospital,Heat,67.5812889293762,100.0,0.0,0.0,0.0,High
HOS_468,Sunder Pathology Laboratory,Hospital,Flood,67.5812889293762,100.0,0.0,0.0,0.0,High
HOS_468,Sunder Pathology Laboratory,Hospital,Geomagnetic,67.5812889293762,100.0,0.0,0.0,0.0,High
HOS_468,Sunder Pathology Laboratory,Hospital,Heat,67.5812889293762,100.0,0.0,0.0,0.0,High
HOS_469,Vasudev Eye Clinic,Hospital,Flood,67.5812889293762,100.0,0.0,0.0,0.0,High
HOS_469,Vasudev Eye Clinic,Hospital,Geomagnetic,67.5812889293762,100.0,0.0,0.0,0.0,High
HOS_469,Vasudev Eye Clinic,Hospital,Heat,67.5812889293762,100.0,0.0,0.0,0.0,High
HOS_47,Beramjis Hospital,Hospital,Flood,74.16247797412278,100.0,0.0,0.0,0.0,High
HOS_47,Beramjis Hospital,Hospital,Geomagnetic,74.16247797412278,100.0,0.0,0.0,0.0,High
HOS_47,Beramjis Hospital,Hospital,Heat,74.16247797412278,100.0,0.0,0.0,0.0,High
HOS_470,Vivek Pathology Laboratory,Hospital,Flood,68.06550981563232,100.0,0.0,0.0,0.0,High
HOS_470,Vivek Pathology Laboratory,Hospital,Geomagnetic,68.06550981563232,100.0,0.0,0.0,0.0,High
HOS_470,Vivek Pathology Laboratory,Hospital,Heat,68.06550981563232,100.0,0.0,0.0,0.0,High
HOS_471,Aastha Nursing Home - Andheri,Hospital,Flood,71.1963438073447,100.0,0.0,0.0,0.0,High
HOS_471,Aastha Nursing Home - Andheri,Hospital,Geomagnetic,71.1963438073447,100.0,0.0,0.0,0.0,High
HOS_471,Aastha Nursing Home - Andheri,Hospital,Heat,71.1963438073447,100.0,0.0,0.0,0.0,High
HOS_472,Bses Mg Hospital (Managed By)Brahma Kumari Global Hospital and Res Center,Hospital,Flood,68.89998601483578,100.0,0.0,0.0,0.0,High
HOS_472,Bses Mg Hospital (Managed By)Brahma Kumari Global Hospital and Res Center,Hospital,Geomagnetic,68.89998601483578,100.0,0.0,0.0,0.0,High
HOS_472,Bses Mg Hospital (Managed By)Brahma Kumari Global Hospital and Res Center,Hospital,Heat,68.89998601483578,100.0,0.0,0.0,0.0,High
HOS_473,Doctor Eye Hospital,Hospital,Flood,71.1963438073447,100.0,0.0,0.0,0.0,High
HOS_473,Doctor Eye Hospital,Hospital,Geomagnetic,71.1963438073447,100.0,0.0,0.0,0.0,High
HOS_473,Doctor Eye Hospital,Hospital,Heat,71.1963438073447,100.0,0.0,0.0,0.0,High
HOS_474,Dr Eye Institute Pvi Ltd,Hospital,Flood,71.1963438073447,100.0,0.0,0.0,0.0,High
HOS_474,Dr Eye Institute Pvi Ltd,Hospital,Geomagnetic,71.1963438073447,100.0,0.0,0.0,0.0,High
HOS_474,Dr Eye Institute Pvi Ltd,Hospital,Heat,71.1963438073447,100.0,0.0,0.0,0.0,High
HOS_475,Dr Gadams Nursing Home,Hospital,Flood,71.1963438073447,100.0,0.0,0.0,0.0,High
HOS_475,Dr Gadams Nursing Home,Hospital,Geomagnetic,71.1963438073447,100.0,0.0,0.0,0.0,High
HOS_475,Dr Gadams Nursing Home,Hospital,Heat,71.1963438073447,100.0,0.0,0.0,0.0,High
HOS_476,Dr Parmars Surgical Hospital,Hospital,Flood,68.71684284040127,100.0,0.0,0.0,0.0,High
HOS_476,Dr Parmars Surgical Hospital,Hospital,Geomagnetic,68.71684284040127,100.0,0.0,0.0,0.0,High
HOS_476,Dr Parmars Surgical Hospital,Hospital,Heat,68.71684284040127,100.0,0.0,0.0,0.0,High
HOS_477,Dr. Kirit Ichhashanker Oza - Andheri,Hospital,Flood,71.1963438073447,100.0,0.0,0.0,0.0,High
HOS_477,Dr. Kirit Ichhashanker Oza - Andheri,Hospital,Geomagnetic,71.1963438073447,100.0,0.0,0.0,0.0,High
HOS_477,Dr. Kirit Ichhashanker Oza - Andheri,Hospital,Heat,71.1963438073447,100.0,0.0,0.0,0.0,High
HOS_478,Dr. Patel Nursing Home,Hospital,Flood,71.1963438073447,100.0,0.0,0.0,0.0,High
HOS_478,Dr. Patel Nursing Home,Hospital,Geomagnetic,71.1963438073447,100.0,0.0,0.0,0.0,High
HOS_478,Dr. Patel Nursing Home,Hospital,Heat,71.1963438073447,100.0,0.0,0.0,0.0,High
HOS_479,Dr. Vaidya Eye Hospital,Hospital,Flood,74.16247797412278,100.0,0.0,0.0,0.0,High
HOS_479,Dr. Vaidya Eye Hospital,Hospital,Geomagnetic,74.16247797412278,100.0,0.0,0.0,0.0,High
HOS_479,Dr. Vaidya Eye Hospital,Hospital,Heat,74.16247797412278,100.0,0.0,0.0,0.0,High
HOS_48,"Brahman Sabha, Mumbai. Mhaskar Gruh And General Nu",Hospital,Flood,78.42056340821281,100.0,0.0,0.0,0.0,Critical
HOS_48,"Brahman Sabha, Mumbai. Mhaskar Gruh And General Nu",Hospital,Geomagnetic,78.42056340821281,100.0,0.0,0.0,0.0,Critical
HOS_48,"Brahman Sabha, Mumbai. Mhaskar Gruh And General Nu",Hospital,Heat,78.42056340821281,100.0,0.0,0.0,0.0,Critical
HOS_480,Eye And Contact Lens Clinic,Hospital,Flood,68.89998601483578,100.0,0.0,0.0,0.0,High
HOS_480,Eye And Contact Lens Clinic,Hospital,Geomagnetic,68.89998601483578,100.0,0.0,0.0,0.0,High
HOS_480,Eye And Contact Lens Clinic,Hospital,Heat,68.89998601483578,100.0,0.0,0.0,0.0,High
HOS_481,Kaveri Eye Care Centre,Hospital,Flood,71.1963438073447,100.0,0.0,0.0,0.0,High
HOS_481,Kaveri Eye Care Centre,Hospital,Geomagnetic,71.1963438073447,100.0,0.0,0.0,0.0,High
HOS_481,Kaveri Eye Care Centre,Hospital,Heat,71.1963438073447,100.0,0.0,0.0,0.0,High
HOS_482,Ladies Clinic and Hospital,Hospital,Flood,74.16247797412278,100.0,0.0,0.0,0.0,High
HOS_482,Ladies Clinic and Hospital,Hospital,Geomagnetic,74.16247797412278,100.0,0.0,0.0,0.0,High
HOS_482,Ladies Clinic and Hospital,Hospital,Heat,74.16247797412278,100.0,0.0,0.0,0.0,High
HOS_483,Masrani Clinic For Women and Mimas,Hospital,Flood,68.63202552252685,100.0,0.0,0.0,0.0,High
HOS_483,Masrani Clinic For Women and Mimas,Hospital,Geomagnetic,68.63202552252685,100.0,0.0,0.0,0.0,High
HOS_483,Masrani Clinic For Women and Mimas,Hospital,Heat,68.63202552252685,100.0,0.0,0.0,0.0,High
HOS_484,Mediwavw Clinic,Hospital,Flood,71.1963438073447,100.0,0.0,0.0,0.0,High
HOS_484,Mediwavw Clinic,Hospital,Geomagnetic,71.1963438073447,100.0,0.0,0.0,0.0,High
HOS_484,Mediwavw Clinic,Hospital,Heat,71.1963438073447,100.0,0.0,0.0,0.0,High
HOS_485,Nivaran Hospital,Hospital,Flood,74.16247797412278,100.0,0.0,0.0,0.0,High
HOS_485,Nivaran Hospital,Hospital,Geomagnetic,74.16247797412278,100.0,0.0,0.0,0.0,High
HOS_485,Nivaran Hospital,Hospital,Heat,74.16247797412278,100.0,0.0,0.0,0.0,High
HOS_486,Patil Hospital,Hospital,Flood,71.1963438073447,100.0,0.0,0.0,0.0,High
HOS_486,Patil Hospital,Hospital,Geomagnetic,71.1963438073447,100.0,0.0,0.0,0.0,High
HOS_486,Patil Hospital,Hospital,Heat,71.1963438073447,100.0,0.0,0.0,0.0,High
HOS_488,Purandare Hospital,Hospital,Flood,71.99300070536124,100.0,0.0,0.0,0.0,High
HOS_488,Purandare Hospital,Hospital,Geomagnetic,71.99300070536124,100.0,0.0,0.0,0.0,High
HOS_488,Purandare Hospital,Hospital,Heat,71.99300070536124,100.0,0.0,0.0,0.0,High
HOS_489,R.G. Scientific Enterprises Ltd,Hospital,Flood,70.19477222552356,100.0,0.0,0.0,0.0,High
HOS_489,R.G. Scientific Enterprises Ltd,Hospital,Geomagnetic,70.19477222552356,100.0,0.0,0.0,0.0,High
HOS_489,R.G. Scientific Enterprises Ltd,Hospital,Heat,70.19477222552356,100.0,0.0,0.0,0.0,High
HOS_49,Chhaya Surgical Home,Hospital,Flood,76.49336037343545,100.0,0.0,0.0,0.0,Critical
HOS_49,Chhaya Surgical Home,Hospital,Geomagnetic,76.49336037343545,100.0,0.0,0.0,0.0,Critical
HOS_49,Chhaya Surgical Home,Hospital,Heat,76.49336037343545,100.0,0.0,0.0,0.0,Critical
HOS_490,Roshni Eye Hospital,Hospital,Flood,68.48809202522024,100.0,0.0,0.0,0.0,High
HOS_490,Roshni Eye Hospital,Hospital,Geomagnetic,68.48809202522024,100.0,0.0,0.0,0.0,High
HOS_490,Roshni Eye Hospital,Hospital,Heat,68.48809202522024,100.0,0.0,0.0,0.0,High
HOS_491,Sainath Polyclinic,Hospital,Flood,71.1963438073447,100.0,0.0,0.0,0.0,High
HOS_491,Sainath Polyclinic,Hospital,Geomagnetic,71.1963438073447,100.0,0.0,0.0,0.0,High
HOS_491,Sainath Polyclinic,Hospital,Heat,71.1963438073447,100.0,0.0,0.0,0.0,High
HOS_492,Sangeeta Maternity Surgical and Diagnostic Centre,Hospital,Flood,68.48809202522024,100.0,0.0,0.0,0.0,High
HOS_492,Sangeeta Maternity Surgical and Diagnostic Centre,Hospital,Geomagnetic,68.48809202522024,100.0,0.0,0.0,0.0,High
HOS_492,Sangeeta Maternity Surgical and Diagnostic Centre,Hospital,Heat,68.48809202522024,100.0,0.0,0.0,0.0,High
HOS_493,Society Of The Helpers Of Mary Shraddha Vihar Hosp,Hospital,Flood,68.89998601483578,100.0,0.0,0.0,0.0,High
HOS_493,Society Of The Helpers Of Mary Shraddha Vihar Hosp,Hospital,Geomagnetic,68.89998601483578,100.0,0.0,0.0,0.0,High
HOS_493,Society Of The Helpers Of Mary Shraddha Vihar Hosp,Hospital,Heat,68.89998601483578,100.0,0.0,0.0,0.0,High
HOS_494,Srl Ranbaxy Ltd,Hospital,Flood,68.5477770218829,100.0,0.0,0.0,0.0,High
HOS_494,Srl Ranbaxy Ltd,Hospital,Geomagnetic,68.5477770218829,100.0,0.0,0.0,0.0,High
HOS_494,Srl Ranbaxy Ltd,Hospital,Heat,68.5477770218829,100.0,0.0,0.0,0.0,High
HOS_495,Sushrut Clinic Orthosurgical Nursing Home,Hospital,Flood,68.20199255607885,100.0,0.0,0.0,0.0,High
HOS_495,Sushrut Clinic Orthosurgical Nursing Home,Hospital,Geomagnetic,68.20199255607885,100.0,0.0,0.0,0.0,High
HOS_495,Sushrut Clinic Orthosurgical Nursing Home,Hospital,Heat,68.20199255607885,100.0,0.0,0.0,0.0,High
HOS_496,Swati Eye Clinic,Hospital,Flood,71.1963438073447,100.0,0.0,0.0,0.0,High
HOS_496,Swati Eye Clinic,Hospital,Geomagnetic,71.1963438073447,100.0,0.0,0.0,0.0,High
HOS_496,Swati Eye Clinic,Hospital,Heat,71.1963438073447,100.0,0.0,0.0,0.0,High
HOS_497,Unique Hospital And Polyclinic,Hospital,Flood,74.16247797412278,100.0,0.0,0.0,0.0,High
HOS_497,Unique Hospital And Polyclinic,Hospital,Geomagnetic,74.16247797412278,100.0,0.0,0.0,0.0,High
HOS_497,Unique Hospital And Polyclinic,Hospital,Heat,74.16247797412278,100.0,0.0,0.0,0.0,High
HOS_498,Vibha Maternity And Surgical Nursing Home,Hospital,Flood,71.1963438073447,100.0,0.0,0.0,0.0,High
HOS_498,Vibha Maternity And Surgical Nursing Home,Hospital,Geomagnetic,71.1963438073447,100.0,0.0,0.0,0.0,High
HOS_498,Vibha Maternity And Surgical Nursing Home,Hospital,Heat,71.1963438073447,100.0,0.0,0.0,0.0,High
HOS_499,Vishal X-Ray Clinic,Hospital,Flood,71.1963438073447,100.0,0.0,0.0,0.0,High
HOS_499,Vishal X-Ray Clinic,Hospital,Geomagnetic,71.1963438073447,100.0,0.0,0.0,0.0,High
HOS_499,Vishal X-Ray Clinic,Hospital,Heat,71.1963438073447,100.0,0.0,0.0,0.0,High
HOS_5,Charak Clinic Nursing Home,Hospital,Flood,78.7850287972476,100.0,0.0,0.0,0.0,Critical
HOS_5,Charak Clinic Nursing Home,Hospital,Geomagnetic,78.7850287972476,100.0,0.0,0.0,0.0,Critical
HOS_5,Charak Clinic Nursing Home,Hospital,Heat,78.7850287972476,100.0,0.0,0.0,0.0,Critical
HOS_50,Conwest Jain Clinic Group Of Hospitals,Hospital,Flood,74.16247797412278,100.0,0.0,0.0,0.0,High
HOS_50,Conwest Jain Clinic Group Of Hospitals,Hospital,Geomagnetic,74.16247797412278,100.0,0.0,0.0,0.0,High
HOS_50,Conwest Jain Clinic Group Of Hospitals,Hospital,Heat,74.16247797412278,100.0,0.0,0.0,0.0,High
HOS_500,Ameya Surgical and General Nursing Home,Hospital,Flood,67.82532871210775,100.0,0.0,0.0,0.0,High
HOS_500,Ameya Surgical and General Nursing Home,Hospital,Geomagnetic,67.82532871210775,100.0,0.0,0.0,0.0,High
HOS_500,Ameya Surgical and General Nursing Home,Hospital,Heat,67.82532871210775,100.0,0.0,0.0,0.0,High
HOS_501,Chiranjeevi Nursing Home,Hospital,Flood,68.48809202522024,100.0,0.0,0.0,0.0,High
HOS_501,Chiranjeevi Nursing Home,Hospital,Geomagnetic,68.48809202522024,100.0,0.0,0.0,0.0,High
HOS_501,Chiranjeevi Nursing Home,Hospital,Heat,68.48809202522024,100.0,0.0,0.0,0.0,High
HOS_502,Dadhich Nursing Home,Hospital,Flood,68.10344311694861,100.0,0.0,0.0,0.0,High
HOS_502,Dadhich Nursing Home,Hospital,Geomagnetic,68.10344311694861,100.0,0.0,0.0,0.0,High
HOS_502,Dadhich Nursing Home,Hospital,Heat,68.10344311694861,100.0,0.0,0.0,0.0,High
HOS_503,Diamond Hospital,Hospital,Flood,69.77715035808524,100.0,0.0,0.0,0.0,High
HOS_503,Diamond Hospital,Hospital,Geomagnetic,69.77715035808524,100.0,0.0,0.0,0.0,High
HOS_503,Diamond Hospital,Hospital,Heat,69.77715035808524,100.0,0.0,0.0,0.0,High
HOS_504,Dr Desai Eye Clinic and Phacoemulsification Center,Hospital,Flood,74.16247797412278,100.0,0.0,0.0,0.0,High
HOS_504,Dr Desai Eye Clinic and Phacoemulsification Center,Hospital,Geomagnetic,74.16247797412278,100.0,0.0,0.0,0.0,High
HOS_504,Dr Desai Eye Clinic and Phacoemulsification Center,Hospital,Heat,74.16247797412278,100.0,0.0,0.0,0.0,High
HOS_505,Dr Goels Maternity and General Hospital,Hospital,Flood,67.98763506277102,100.0,0.0,0.0,0.0,High
HOS_505,Dr Goels Maternity and General Hospital,Hospital,Geomagnetic,67.98763506277102,100.0,0.0,0.0,0.0,High
HOS_505,Dr Goels Maternity and General Hospital,Hospital,Heat,67.98763506277102,100.0,0.0,0.0,0.0,High
HOS_506,Dr Punjabis Laboratory,Hospital,Flood,68.46748011945414,100.0,0.0,0.0,0.0,High
HOS_506,Dr Punjabis Laboratory,Hospital,Geomagnetic,68.46748011945414,100.0,0.0,0.0,0.0,High
HOS_506,Dr Punjabis Laboratory,Hospital,Heat,68.46748011945414,100.0,0.0,0.0,0.0,High
HOS_507,Dr.Pintos Pathological Laboratory,Hospital,Flood,69.3067124664325,100.0,0.0,0.0,0.0,High
HOS_507,Dr.Pintos Pathological Laboratory,Hospital,Geomagnetic,69.3067124664325,100.0,0.0,0.0,0.0,High
HOS_507,Dr.Pintos Pathological Laboratory,Hospital,Heat,69.3067124664325,100.0,0.0,0.0,0.0,High
HOS_508,Dr.Sandip Anand,Hospital,Flood,68.15466057329802,100.0,0.0,0.0,0.0,High
HOS_508,Dr.Sandip Anand,Hospital,Geomagnetic,68.15466057329802,100.0,0.0,0.0,0.0,High
HOS_508,Dr.Sandip Anand,Hospital,Heat,68.15466057329802,100.0,0.0,0.0,0.0,High
HOS_509,Kiran Care and Cure Hospital,Hospital,Flood,68.15466057329802,100.0,0.0,0.0,0.0,High
HOS_509,Kiran Care and Cure Hospital,Hospital,Geomagnetic,68.15466057329802,100.0,0.0,0.0,0.0,High
HOS_509,Kiran Care and Cure Hospital,Hospital,Heat,68.15466057329802,100.0,0.0,0.0,0.0,High
HOS_51,D S Kothari Hospital,Hospital,Flood,74.16247797412278,100.0,0.0,0.0,0.0,High
HOS_51,D S Kothari Hospital,Hospital,Geomagnetic,74.16247797412278,100.0,0.0,0.0,0.0,High
HOS_51,D S Kothari Hospital,Hospital,Heat,74.16247797412278,100.0,0.0,0.0,0.0,High
HOS_510,Mukund Maternity And Surgical Nursing Home,Hospital,Flood,68.89998601483578,100.0,0.0,0.0,0.0,High
HOS_510,Mukund Maternity And Surgical Nursing Home,Hospital,Geomagnetic,68.89998601483578,100.0,0.0,0.0,0.0,High
HOS_510,Mukund Maternity And Surgical Nursing Home,Hospital,Heat,68.89998601483578,100.0,0.0,0.0,0.0,High
HOS_511,Nutan Mammography And Sonography Centre,Hospital,Flood,68.48809202522024,100.0,0.0,0.0,0.0,High
HOS_511,Nutan Mammography And Sonography Centre,Hospital,Geomagnetic,68.48809202522024,100.0,0.0,0.0,0.0,High
HOS_511,Nutan Mammography And Sonography Centre,Hospital,Heat,68.48809202522024,100.0,0.0,0.0,0.0,High
HOS_512,Paramount General Hospital and Icu,Hospital,Flood,68.46748011945414,100.0,0.0,0.0,0.0,High
HOS_512,Paramount General Hospital and Icu,Hospital,Geomagnetic,68.46748011945414,100.0,0.0,0.0,0.0,High
HOS_512,Paramount General Hospital and Icu,Hospital,Heat,68.46748011945414,100.0,0.0,0.0,0.0,High
HOS_513,Priyanka Maternity And Surgical Nursing Home,Hospital,Flood,74.16247797412278,100.0,0.0,0.0,0.0,High
HOS_513,Priyanka Maternity And Surgical Nursing Home,Hospital,Geomagnetic,74.16247797412278,100.0,0.0,0.0,0.0,High
HOS_513,Priyanka Maternity And Surgical Nursing Home,Hospital,Heat,74.16247797412278,100.0,0.0,0.0,0.0,High
HOS_514,Rachana Maternity Paediatric and Surgical Nursing Ho,Hospital,Flood,68.15466057329802,100.0,0.0,0.0,0.0,High
HOS_514,Rachana Maternity Paediatric and Surgical Nursing Ho,Hospital,Geomagnetic,68.15466057329802,100.0,0.0,0.0,0.0,High
HOS_514,Rachana Maternity Paediatric and Surgical Nursing Ho,Hospital,Heat,68.15466057329802,100.0,0.0,0.0,0.0,High
HOS_515,Ratika Hospital and Research Center Pvt Ltd,Hospital,Flood,74.16247797412278,100.0,0.0,0.0,0.0,High
HOS_515,Ratika Hospital and Research Center Pvt Ltd,Hospital,Geomagnetic,74.16247797412278,100.0,0.0,0.0,0.0,High
HOS_515,Ratika Hospital and Research Center Pvt Ltd,Hospital,Heat,74.16247797412278,100.0,0.0,0.0,0.0,High
HOS_516,Rg Stone Urology And Laparoscopy Hospital,Hospital,Flood,69.65945204555608,100.0,0.0,0.0,0.0,High
HOS_516,Rg Stone Urology And Laparoscopy Hospital,Hospital,Geomagnetic,69.65945204555608,100.0,0.0,0.0,0.0,High
HOS_516,Rg Stone Urology And Laparoscopy Hospital,Hospital,Heat,69.65945204555608,100.0,0.0,0.0,0.0,High
HOS_517,Saish Nursing Home and Icu,Hospital,Flood,69.26107428607561,100.0,0.0,0.0,0.0,High
HOS_517,Saish Nursing Home and Icu,Hospital,Geomagnetic,69.26107428607561,100.0,0.0,0.0,0.0,High
HOS_517,Saish Nursing Home and Icu,Hospital,Heat,69.26107428607561,100.0,0.0,0.0,0.0,High
HOS_518,Sevenhills Healthcare Private Limited,Hospital,Flood,69.05828253545187,100.0,0.0,0.0,0.0,High
HOS_518,Sevenhills Healthcare Private Limited,Hospital,Geomagnetic,69.05828253545187,100.0,0.0,0.0,0.0,High
HOS_518,Sevenhills Healthcare Private Limited,Hospital,Heat,69.05828253545187,100.0,0.0,0.0,0.0,High
HOS_519,Spectacles And Contact Lens Clinic,Hospital,Flood,68.34624089925485,100.0,0.0,0.0,0.0,High
HOS_519,Spectacles And Contact Lens Clinic,Hospital,Geomagnetic,68.34624089925485,100.0,0.0,0.0,0.0,High
HOS_519,Spectacles And Contact Lens Clinic,Hospital,Heat,68.34624089925485,100.0,0.0,0.0,0.0,High
HOS_52,Dr. Rajesh D Mody - V.P.Road,Hospital,Flood,68.20199255607885,100.0,0.0,0.0,0.0,High
HOS_52,Dr. Rajesh D Mody - V.P.Road,Hospital,Geomagnetic,68.20199255607885,100.0,0.0,0.0,0.0,High
HOS_52,Dr. Rajesh D Mody - V.P.Road,Hospital,Heat,68.20199255607885,100.0,0.0,0.0,0.0,High
HOS_520,"Sugun Hospital Multispeciality Diagnostic, Icu",Hospital,Flood,69.2888833604479,100.0,0.0,0.0,0.0,High
HOS_520,"Sugun Hospital Multispeciality Diagnostic, Icu",Hospital,Geomagnetic,69.2888833604479,100.0,0.0,0.0,0.0,High
HOS_520,"Sugun Hospital Multispeciality Diagnostic, Icu",Hospital,Heat,69.2888833604479,100.0,0.0,0.0,0.0,High
HOS_521,Umang Maternity And Surgical Nursing Home -Andheri (E),Hospital,Flood,68.46748011945414,100.0,0.0,0.0,0.0,High
HOS_521,Umang Maternity And Surgical Nursing Home -Andheri (E),Hospital,Geomagnetic,68.46748011945414,100.0,0.0,0.0,0.0,High
HOS_521,Umang Maternity And Surgical Nursing Home -Andheri (E),Hospital,Heat,68.46748011945414,100.0,0.0,0.0,0.0,High
HOS_522,Ashish Eye Hospital,Hospital,Flood,74.16247797412278,100.0,0.0,0.0,0.0,High
HOS_522,Ashish Eye Hospital,Hospital,Geomagnetic,74.16247797412278,100.0,0.0,0.0,0.0,High
HOS_522,Ashish Eye Hospital,Hospital,Heat,74.16247797412278,100.0,0.0,0.0,0.0,High
HOS_523,Dr Mandot Modern Clinical Pathology Laboratory,Hospital,Flood,71.40404569957646,100.0,0.0,0.0,0.0,High
HOS_523,Dr Mandot Modern Clinical Pathology Laboratory,Hospital,Geomagnetic,71.40404569957646,100.0,0.0,0.0,0.0,High
HOS_523,Dr Mandot Modern Clinical Pathology Laboratory,Hospital,Heat,71.40404569957646,100.0,0.0,0.0,0.0,High
HOS_524,Dr. Kamats Hospital - Jogeshwari - Mumbai,Hospital,Flood,69.61163990169243,100.0,0.0,0.0,0.0,High
HOS_524,Dr. Kamats Hospital - Jogeshwari - Mumbai,Hospital,Geomagnetic,69.61163990169243,100.0,0.0,0.0,0.0,High
HOS_524,Dr. Kamats Hospital - Jogeshwari - Mumbai,Hospital,Heat,69.61163990169243,100.0,0.0,0.0,0.0,High
HOS_525,Dr. Kulkarni Hospital,Hospital,Flood,69.91870802912814,100.0,0.0,0.0,0.0,High
HOS_525,Dr. Kulkarni Hospital,Hospital,Geomagnetic,69.91870802912814,100.0,0.0,0.0,0.0,High
HOS_525,Dr. Kulkarni Hospital,Hospital,Heat,69.91870802912814,100.0,0.0,0.0,0.0,High
HOS_526,Dr. Shindes Childrens Hospital And Nicu,Hospital,Flood,69.61163990169243,100.0,0.0,0.0,0.0,High
HOS_526,Dr. Shindes Childrens Hospital And Nicu,Hospital,Geomagnetic,69.61163990169243,100.0,0.0,0.0,0.0,High
HOS_526,Dr. Shindes Childrens Hospital And Nicu,Hospital,Heat,69.61163990169243,100.0,0.0,0.0,0.0,High
HOS_527,Global Diagnostic Centre,Hospital,Flood,68.20199255607885,100.0,0.0,0.0,0.0,High
HOS_527,Global Diagnostic Centre,Hospital,Geomagnetic,68.20199255607885,100.0,0.0,0.0,0.0,High
HOS_527,Global Diagnostic Centre,Hospital,Heat,68.20199255607885,100.0,0.0,0.0,0.0,High
HOS_528,Kokan Hospital,Hospital,Flood,74.16247797412278,100.0,0.0,0.0,0.0,High
HOS_528,Kokan Hospital,Hospital,Geomagnetic,74.16247797412278,100.0,0.0,0.0,0.0,High
HOS_528,Kokan Hospital,Hospital,Heat,74.16247797412278,100.0,0.0,0.0,0.0,High
HOS_529,Parulekar Maternity And Surgical Nursing Home - Mumbai,Hospital,Flood,69.22365788930635,100.0,0.0,0.0,0.0,High
HOS_529,Parulekar Maternity And Surgical Nursing Home - Mumbai,Hospital,Geomagnetic,69.22365788930635,100.0,0.0,0.0,0.0,High
HOS_529,Parulekar Maternity And Surgical Nursing Home - Mumbai,Hospital,Heat,69.22365788930635,100.0,0.0,0.0,0.0,High
HOS_53,Dr. Yash Shah Total Eye Care,Hospital,Flood,74.16247797412278,100.0,0.0,0.0,0.0,High
HOS_53,Dr. Yash Shah Total Eye Care,Hospital,Geomagnetic,74.16247797412278,100.0,0.0,0.0,0.0,High
HOS_53,Dr. Yash Shah Total Eye Care,Hospital,Heat,74.16247797412278,100.0,0.0,0.0,0.0,High
HOS_530,A.E.Kalsekar Hospital,Hospital,Flood,74.08070107356644,100.0,0.0,0.0,0.0,High
HOS_530,A.E.Kalsekar Hospital,Hospital,Geomagnetic,74.08070107356644,100.0,0.0,0.0,0.0,High
HOS_530,A.E.Kalsekar Hospital,Hospital,Heat,74.08070107356644,100.0,0.0,0.0,0.0,High
HOS_531,Mahima Hospital and Polyclinic,Hospital,Flood,72.64343788096055,100.0,0.0,0.0,0.0,High
HOS_531,Mahima Hospital and Polyclinic,Hospital,Geomagnetic,72.64343788096055,100.0,0.0,0.0,0.0,High
HOS_531,Mahima Hospital and Polyclinic,Hospital,Heat,72.64343788096055,100.0,0.0,0.0,0.0,High
HOS_532,Mamta Maternity and Nursing Home,Hospital,Flood,68.20199255607885,100.0,0.0,0.0,0.0,High
HOS_532,Mamta Maternity and Nursing Home,Hospital,Geomagnetic,68.20199255607885,100.0,0.0,0.0,0.0,High
HOS_532,Mamta Maternity and Nursing Home,Hospital,Heat,68.20199255607885,100.0,0.0,0.0,0.0,High
HOS_533,Piyush Hospital,Hospital,Flood,74.16247797412278,100.0,0.0,0.0,0.0,High
HOS_533,Piyush Hospital,Hospital,Geomagnetic,74.16247797412278,100.0,0.0,0.0,0.0,High
HOS_533,Piyush Hospital,Hospital,Heat,74.16247797412278,100.0,0.0,0.0,0.0,High
HOS_534,Saket Maternity and Nursing Home,Hospital,Flood,74.16247797412278,100.0,0.0,0.0,0.0,High
HOS_534,Saket Maternity and Nursing Home,Hospital,Geomagnetic,74.16247797412278,100.0,0.0,0.0,0.0,High
HOS_534,Saket Maternity and Nursing Home,Hospital,Heat,74.16247797412278,100.0,0.0,0.0,0.0,High
HOS_535,The Clinique and Nursing Home - Andheri,Hospital,Flood,73.3944856997127,100.0,0.0,0.0,0.0,High
HOS_535,The Clinique and Nursing Home - Andheri,Hospital,Geomagnetic,73.3944856997127,100.0,0.0,0.0,0.0,High
HOS_535,The Clinique and Nursing Home - Andheri,Hospital,Heat,73.3944856997127,100.0,0.0,0.0,0.0,High
HOS_536,Dr. (Mrs.) S.D.Patki Clinic,Hospital,Flood,71.17345072128005,100.0,0.0,0.0,0.0,High
HOS_536,Dr. (Mrs.) S.D.Patki Clinic,Hospital,Geomagnetic,71.17345072128005,100.0,0.0,0.0,0.0,High
HOS_536,Dr. (Mrs.) S.D.Patki Clinic,Hospital,Heat,71.17345072128005,100.0,0.0,0.0,0.0,High
HOS_537,Dr.Ganaskars Pathology Laboratory,Hospital,Flood,68.20199255607885,100.0,0.0,0.0,0.0,High
HOS_537,Dr.Ganaskars Pathology Laboratory,Hospital,Geomagnetic,68.20199255607885,100.0,0.0,0.0,0.0,High
HOS_537,Dr.Ganaskars Pathology Laboratory,Hospital,Heat,68.20199255607885,100.0,0.0,0.0,0.0,High
HOS_538,Enclave Maternity Home,Hospital,Flood,71.50491105530092,100.0,0.0,0.0,0.0,High
HOS_538,Enclave Maternity Home,Hospital,Geomagnetic,71.50491105530092,100.0,0.0,0.0,0.0,High
HOS_538,Enclave Maternity Home,Hospital,Heat,71.50491105530092,100.0,0.0,0.0,0.0,High
HOS_539,Eye Smile Clinic,Hospital,Flood,71.46411978905672,100.0,0.0,0.0,0.0,High
HOS_539,Eye Smile Clinic,Hospital,Geomagnetic,71.46411978905672,100.0,0.0,0.0,0.0,High
HOS_539,Eye Smile Clinic,Hospital,Heat,71.46411978905672,100.0,0.0,0.0,0.0,High
HOS_54,Dr.Pai Dhungat Maternity and Nursing Home,Hospital,Flood,71.01813486387144,100.0,0.0,0.0,0.0,High
HOS_54,Dr.Pai Dhungat Maternity and Nursing Home,Hospital,Geomagnetic,71.01813486387144,100.0,0.0,0.0,0.0,High
HOS_54,Dr.Pai Dhungat Maternity and Nursing Home,Hospital,Heat,71.01813486387144,100.0,0.0,0.0,0.0,High
HOS_540,Gokuldham Medical Centre,Hospital,Flood,70.83555112809182,100.0,0.0,0.0,0.0,High
HOS_540,Gokuldham Medical Centre,Hospital,Geomagnetic,70.83555112809182,100.0,0.0,0.0,0.0,High
HOS_540,Gokuldham Medical Centre,Hospital,Heat,70.83555112809182,100.0,0.0,0.0,0.0,High
HOS_541,Kanchi Nursing Home,Hospital,Flood,70.28235290095608,100.0,0.0,0.0,0.0,High
HOS_541,Kanchi Nursing Home,Hospital,Geomagnetic,70.28235290095608,100.0,0.0,0.0,0.0,High
HOS_541,Kanchi Nursing Home,Hospital,Heat,70.28235290095608,100.0,0.0,0.0,0.0,High
HOS_542,Life Line Medicare Hospital Pvt Ltd,Hospital,Flood,74.16247797412278,100.0,0.0,0.0,0.0,High
HOS_542,Life Line Medicare Hospital Pvt Ltd,Hospital,Geomagnetic,74.16247797412278,100.0,0.0,0.0,0.0,High
HOS_542,Life Line Medicare Hospital Pvt Ltd,Hospital,Heat,74.16247797412278,100.0,0.0,0.0,0.0,High
HOS_543,Sai Sparsh Critical Care Centre,Hospital,Flood,74.16247797412278,100.0,0.0,0.0,0.0,High
HOS_543,Sai Sparsh Critical Care Centre,Hospital,Geomagnetic,74.16247797412278,100.0,0.0,0.0,0.0,High
HOS_543,Sai Sparsh Critical Care Centre,Hospital,Heat,74.16247797412278,100.0,0.0,0.0,0.0,High
HOS_544,Sudha Hospital and Polyclinic,Hospital,Flood,70.83555112809182,100.0,0.0,0.0,0.0,High
HOS_544,Sudha Hospital and Polyclinic,Hospital,Geomagnetic,70.83555112809182,100.0,0.0,0.0,0.0,High
HOS_544,Sudha Hospital and Polyclinic,Hospital,Heat,70.83555112809182,100.0,0.0,0.0,0.0,High
HOS_545,Surya Eye Clinic,Hospital,Flood,70.91701301639509,100.0,0.0,0.0,0.0,High
HOS_545,Surya Eye Clinic,Hospital,Geomagnetic,70.91701301639509,100.0,0.0,0.0,0.0,High
HOS_545,Surya Eye Clinic,Hospital,Heat,70.91701301639509,100.0,0.0,0.0,0.0,High
HOS_546,Tushar Nursing Home,Hospital,Flood,74.16247797412278,100.0,0.0,0.0,0.0,High
HOS_546,Tushar Nursing Home,Hospital,Geomagnetic,74.16247797412278,100.0,0.0,0.0,0.0,High
HOS_546,Tushar Nursing Home,Hospital,Heat,74.16247797412278,100.0,0.0,0.0,0.0,High
HOS_547,Vishwa Kripa Hospital,Hospital,Flood,74.16247797412278,100.0,0.0,0.0,0.0,High
HOS_547,Vishwa Kripa Hospital,Hospital,Geomagnetic,74.16247797412278,100.0,0.0,0.0,0.0,High
HOS_547,Vishwa Kripa Hospital,Hospital,Heat,74.16247797412278,100.0,0.0,0.0,0.0,High
HOS_548,Yashada Maternity and Surgical Home,Hospital,Flood,70.19115089337122,100.0,0.0,0.0,0.0,High
HOS_548,Yashada Maternity and Surgical Home,Hospital,Geomagnetic,70.19115089337122,100.0,0.0,0.0,0.0,High
HOS_548,Yashada Maternity and Surgical Home,Hospital,Heat,70.19115089337122,100.0,0.0,0.0,0.0,High
HOS_549,Aashirwad Nursing Home,Hospital,Flood,74.16247797412278,100.0,0.0,0.0,0.0,High
HOS_549,Aashirwad Nursing Home,Hospital,Geomagnetic,74.16247797412278,100.0,0.0,0.0,0.0,High
HOS_549,Aashirwad Nursing Home,Hospital,Heat,74.16247797412278,100.0,0.0,0.0,0.0,High
HOS_55,Endocrine Metabolic Laboratory,Hospital,Flood,79.21168955922293,100.0,0.0,0.0,0.0,Critical
HOS_55,Endocrine Metabolic Laboratory,Hospital,Geomagnetic,79.21168955922293,100.0,0.0,0.0,0.0,Critical
HOS_55,Endocrine Metabolic Laboratory,Hospital,Heat,79.21168955922293,100.0,0.0,0.0,0.0,Critical
HOS_550,Abhijit Hospital,Hospital,Flood,71.96111141093843,100.0,0.0,0.0,0.0,High
HOS_550,Abhijit Hospital,Hospital,Geomagnetic,71.96111141093843,100.0,0.0,0.0,0.0,High
HOS_550,Abhijit Hospital,Hospital,Heat,71.96111141093843,100.0,0.0,0.0,0.0,High
HOS_551,Adarsh Hospital,Hospital,Flood,76.95754820156623,100.0,0.0,0.0,0.0,Critical
HOS_551,Adarsh Hospital,Hospital,Geomagnetic,76.95754820156623,100.0,0.0,0.0,0.0,Critical
HOS_551,Adarsh Hospital,Hospital,Heat,76.95754820156623,100.0,0.0,0.0,0.0,Critical
HOS_552,Advanced Orthopaedic Centre,Hospital,Flood,71.87825709352785,100.0,0.0,0.0,0.0,High
HOS_552,Advanced Orthopaedic Centre,Hospital,Geomagnetic,71.87825709352785,100.0,0.0,0.0,0.0,High
HOS_552,Advanced Orthopaedic Centre,Hospital,Heat,71.87825709352785,100.0,0.0,0.0,0.0,High
HOS_553,Agrawal Eye Hospital,Hospital,Flood,74.16247797412278,100.0,0.0,0.0,0.0,High
HOS_553,Agrawal Eye Hospital,Hospital,Geomagnetic,74.16247797412278,100.0,0.0,0.0,0.0,High
HOS_553,Agrawal Eye Hospital,Hospital,Heat,74.16247797412278,100.0,0.0,0.0,0.0,High
HOS_554,Ahura Nursing Home,Hospital,Flood,74.16247797412278,100.0,0.0,0.0,0.0,High
HOS_554,Ahura Nursing Home,Hospital,Geomagnetic,74.16247797412278,100.0,0.0,0.0,0.0,High
HOS_554,Ahura Nursing Home,Hospital,Heat,74.16247797412278,100.0,0.0,0.0,0.0,High
HOS_555,Akshar Eye Clinic P P N,Hospital,Flood,74.16247797412278,100.0,0.0,0.0,0.0,High
HOS_555,Akshar Eye Clinic P P N,Hospital,Geomagnetic,74.16247797412278,100.0,0.0,0.0,0.0,High
HOS_555,Akshar Eye Clinic P P N,Hospital,Heat,74.16247797412278,100.0,0.0,0.0,0.0,High
HOS_556,Amar Nursing Home,Hospital,Flood,74.16247797412278,100.0,0.0,0.0,0.0,High
HOS_556,Amar Nursing Home,Hospital,Geomagnetic,74.16247797412278,100.0,0.0,0.0,0.0,High
HOS_556,Amar Nursing Home,Hospital,Heat,74.16247797412278,100.0,0.0,0.0,0.0,High
HOS_557,Bahl Nursing Home - Malad (W),Hospital,Flood,74.16247797412278,100.0,0.0,0.0,0.0,High
HOS_557,Bahl Nursing Home - Malad (W),Hospital,Geomagnetic,74.16247797412278,100.0,0.0,0.0,0.0,High
HOS_557,Bahl Nursing Home - Malad (W),Hospital,Heat,74.16247797412278,100.0,0.0,0.0,0.0,High
HOS_558,Darshan Orthopaedic and Surgical Clinic - Malad (W),Hospital,Flood,74.16247797412278,100.0,0.0,0.0,0.0,High
HOS_558,Darshan Orthopaedic and Surgical Clinic - Malad (W),Hospital,Geomagnetic,74.16247797412278,100.0,0.0,0.0,0.0,High
HOS_558,Darshan Orthopaedic and Surgical Clinic - Malad (W),Hospital,Heat,74.16247797412278,100.0,0.0,0.0,0.0,High
HOS_559,Dr Pagruts Fracture Orthopaedic And Surgical Hospital,Hospital,Flood,74.16247797412278,100.0,0.0,0.0,0.0,High
HOS_559,Dr Pagruts Fracture Orthopaedic And Surgical Hospital,Hospital,Geomagnetic,74.16247797412278,100.0,0.0,0.0,0.0,High
HOS_559,Dr Pagruts Fracture Orthopaedic And Surgical Hospital,Hospital,Heat,74.16247797412278,100.0,0.0,0.0,0.0,High
HOS_56,Harkissondass and Narottamdass Hospital and Research Centre,Hospital,Flood,74.16247797412278,100.0,0.0,0.0,0.0,High
HOS_56,Harkissondass and Narottamdass Hospital and Research Centre,Hospital,Geomagnetic,74.16247797412278,100.0,0.0,0.0,0.0,High
HOS_56,Harkissondass and Narottamdass Hospital and Research Centre,Hospital,Heat,74.16247797412278,100.0,0.0,0.0,0.0,High
HOS_560,Dr Panchals Ishita Nursing Home,Hospital,Flood,74.16247797412278,100.0,0.0,0.0,0.0,High
HOS_560,Dr Panchals Ishita Nursing Home,Hospital,Geomagnetic,74.16247797412278,100.0,0.0,0.0,0.0,High
HOS_560,Dr Panchals Ishita Nursing Home,Hospital,Heat,74.16247797412278,100.0,0.0,0.0,0.0,High
HOS_561,Dr. Bet Hospital and Polyclinic,Hospital,Flood,74.16247797412278,100.0,0.0,0.0,0.0,High
HOS_561,Dr. Bet Hospital and Polyclinic,Hospital,Geomagnetic,74.16247797412278,100.0,0.0,0.0,0.0,High
HOS_561,Dr. Bet Hospital and Polyclinic,Hospital,Heat,74.16247797412278,100.0,0.0,0.0,0.0,High
HOS_562,"Dr. Manoj Shah , Fractureaccident - Orthopaedic",Hospital,Flood,68.06083214245315,100.0,0.0,0.0,0.0,High
HOS_562,"Dr. Manoj Shah , Fractureaccident - Orthopaedic",Hospital,Geomagnetic,68.06083214245315,100.0,0.0,0.0,0.0,High
HOS_562,"Dr. Manoj Shah , Fractureaccident - Orthopaedic",Hospital,Heat,68.06083214245315,100.0,0.0,0.0,0.0,High
HOS_563,Dr. Paralkars Shree Surgical and Maternity Nursing Home - Malad (W),Hospital,Flood,74.16247797412278,100.0,0.0,0.0,0.0,High
HOS_563,Dr. Paralkars Shree Surgical and Maternity Nursing Home - Malad (W),Hospital,Geomagnetic,74.16247797412278,100.0,0.0,0.0,0.0,High
HOS_563,Dr. Paralkars Shree Surgical and Maternity Nursing Home - Malad (W),Hospital,Heat,74.16247797412278,100.0,0.0,0.0,0.0,High
HOS_564,Dr. Vasa Hospital,Hospital,Flood,76.95754820156623,100.0,0.0,0.0,0.0,Critical
HOS_564,Dr. Vasa Hospital,Hospital,Geomagnetic,76.95754820156623,100.0,0.0,0.0,0.0,Critical
HOS_564,Dr. Vasa Hospital,Hospital,Heat,76.95754820156623,100.0,0.0,0.0,0.0,Critical
HOS_565,Dr.Guptas Nursing Home,Hospital,Flood,71.42175329824484,100.0,0.0,0.0,0.0,High
HOS_565,Dr.Guptas Nursing Home,Hospital,Geomagnetic,71.42175329824484,100.0,0.0,0.0,0.0,High
HOS_565,Dr.Guptas Nursing Home,Hospital,Heat,71.42175329824484,100.0,0.0,0.0,0.0,High
HOS_566,Dr.Ronak Prakash Bhandari,Hospital,Flood,72.79099541577907,100.0,0.0,0.0,0.0,High
HOS_566,Dr.Ronak Prakash Bhandari,Hospital,Geomagnetic,72.79099541577907,100.0,0.0,0.0,0.0,High
HOS_566,Dr.Ronak Prakash Bhandari,Hospital,Heat,72.79099541577907,100.0,0.0,0.0,0.0,High
HOS_567,Ear-Nose-Throat And Eye Clinic,Hospital,Flood,71.41549010741721,100.0,0.0,0.0,0.0,High
HOS_567,Ear-Nose-Throat And Eye Clinic,Hospital,Geomagnetic,71.41549010741721,100.0,0.0,0.0,0.0,High
HOS_567,Ear-Nose-Throat And Eye Clinic,Hospital,Heat,71.41549010741721,100.0,0.0,0.0,0.0,High
HOS_568,Elite Maternity Home and Polyclinic,Hospital,Flood,74.16247797412278,100.0,0.0,0.0,0.0,High
HOS_568,Elite Maternity Home and Polyclinic,Hospital,Geomagnetic,74.16247797412278,100.0,0.0,0.0,0.0,High
HOS_568,Elite Maternity Home and Polyclinic,Hospital,Heat,74.16247797412278,100.0,0.0,0.0,0.0,High
HOS_569,Evershine Nursing Home,Hospital,Flood,73.57422845662059,100.0,0.0,0.0,0.0,High
HOS_569,Evershine Nursing Home,Hospital,Geomagnetic,73.57422845662059,100.0,0.0,0.0,0.0,High
HOS_569,Evershine Nursing Home,Hospital,Heat,73.57422845662059,100.0,0.0,0.0,0.0,High
HOS_57,Hematology Laboratory,Hospital,Flood,68.20199255607885,100.0,0.0,0.0,0.0,High
HOS_57,Hematology Laboratory,Hospital,Geomagnetic,68.20199255607885,100.0,0.0,0.0,0.0,High
HOS_57,Hematology Laboratory,Hospital,Heat,68.20199255607885,100.0,0.0,0.0,0.0,High
HOS_570,Fracture - Accident - Orthopaedic Hospital,Hospital,Flood,74.16247797412278,100.0,0.0,0.0,0.0,High
HOS_570,Fracture - Accident - Orthopaedic Hospital,Hospital,Geomagnetic,74.16247797412278,100.0,0.0,0.0,0.0,High
HOS_570,Fracture - Accident - Orthopaedic Hospital,Hospital,Heat,74.16247797412278,100.0,0.0,0.0,0.0,High
HOS_571,Girnar Orthopaedic Surgical Hospital,Hospital,Flood,74.16247797412278,100.0,0.0,0.0,0.0,High
HOS_571,Girnar Orthopaedic Surgical Hospital,Hospital,Geomagnetic,74.16247797412278,100.0,0.0,0.0,0.0,High
HOS_571,Girnar Orthopaedic Surgical Hospital,Hospital,Heat,74.16247797412278,100.0,0.0,0.0,0.0,High
HOS_572,Ishita Nursing Home,Hospital,Flood,74.16247797412278,100.0,0.0,0.0,0.0,High
HOS_572,Ishita Nursing Home,Hospital,Geomagnetic,74.16247797412278,100.0,0.0,0.0,0.0,High
HOS_572,Ishita Nursing Home,Hospital,Heat,74.16247797412278,100.0,0.0,0.0,0.0,High
HOS_573,Janhvi Nursing Home,Hospital,Flood,71.95265587470053,100.0,0.0,0.0,0.0,High
HOS_573,Janhvi Nursing Home,Hospital,Geomagnetic,71.95265587470053,100.0,0.0,0.0,0.0,High
HOS_573,Janhvi Nursing Home,Hospital,Heat,71.95265587470053,100.0,0.0,0.0,0.0,High
HOS_574,Jay Polyclinic Surgical and Maternity Nursing Home and Iccu,Hospital,Flood,71.9123019112193,100.0,0.0,0.0,0.0,High
HOS_574,Jay Polyclinic Surgical and Maternity Nursing Home and Iccu,Hospital,Geomagnetic,71.9123019112193,100.0,0.0,0.0,0.0,High
HOS_574,Jay Polyclinic Surgical and Maternity Nursing Home and Iccu,Hospital,Heat,71.9123019112193,100.0,0.0,0.0,0.0,High
HOS_575,Khandelwal Ent and General Hospital and Polyclinic,Hospital,Flood,71.87825709352785,100.0,0.0,0.0,0.0,High
HOS_575,Khandelwal Ent and General Hospital and Polyclinic,Hospital,Geomagnetic,71.87825709352785,100.0,0.0,0.0,0.0,High
HOS_575,Khandelwal Ent and General Hospital and Polyclinic,Hospital,Heat,71.87825709352785,100.0,0.0,0.0,0.0,High
HOS_576,Kumta Eye and Retina Clinic and Laser Center,Hospital,Flood,74.16247797412278,100.0,0.0,0.0,0.0,High
HOS_576,Kumta Eye and Retina Clinic and Laser Center,Hospital,Geomagnetic,74.16247797412278,100.0,0.0,0.0,0.0,High
HOS_576,Kumta Eye and Retina Clinic and Laser Center,Hospital,Heat,74.16247797412278,100.0,0.0,0.0,0.0,High
HOS_577,Le Nest,Hospital,Flood,71.4866985912424,100.0,0.0,0.0,0.0,High
HOS_577,Le Nest,Hospital,Geomagnetic,71.4866985912424,100.0,0.0,0.0,0.0,High
HOS_577,Le Nest,Hospital,Heat,71.4866985912424,100.0,0.0,0.0,0.0,High
HOS_578,Lifeline Hospital Heart Insititute and Diagnostic Centre,Hospital,Flood,71.87825709352785,100.0,0.0,0.0,0.0,High
HOS_578,Lifeline Hospital Heart Insititute and Diagnostic Centre,Hospital,Geomagnetic,71.87825709352785,100.0,0.0,0.0,0.0,High
HOS_578,Lifeline Hospital Heart Insititute and Diagnostic Centre,Hospital,Heat,71.87825709352785,100.0,0.0,0.0,0.0,High
HOS_579,Maa Nursing Home And Netrajyoti Eyecare Centre - Mumbai,Hospital,Flood,74.16247797412278,100.0,0.0,0.0,0.0,High
HOS_579,Maa Nursing Home And Netrajyoti Eyecare Centre - Mumbai,Hospital,Geomagnetic,74.16247797412278,100.0,0.0,0.0,0.0,High
HOS_579,Maa Nursing Home And Netrajyoti Eyecare Centre - Mumbai,Hospital,Heat,74.16247797412278,100.0,0.0,0.0,0.0,High
HOS_58,Inkus Ivf Centre,Hospital,Flood,74.16247797412278,100.0,0.0,0.0,0.0,High
HOS_58,Inkus Ivf Centre,Hospital,Geomagnetic,74.16247797412278,100.0,0.0,0.0,0.0,High
HOS_58,Inkus Ivf Centre,Hospital,Heat,74.16247797412278,100.0,0.0,0.0,0.0,High
HOS_580,Manish Nursing Home,Hospital,Flood,71.90426186958204,100.0,0.0,0.0,0.0,High
HOS_580,Manish Nursing Home,Hospital,Geomagnetic,71.90426186958204,100.0,0.0,0.0,0.0,High
HOS_580,Manish Nursing Home,Hospital,Heat,71.90426186958204,100.0,0.0,0.0,0.0,High
HOS_581,Manorama Hospital,Hospital,Flood,74.16247797412278,100.0,0.0,0.0,0.0,High
HOS_581,Manorama Hospital,Hospital,Geomagnetic,74.16247797412278,100.0,0.0,0.0,0.0,High
HOS_581,Manorama Hospital,Hospital,Heat,74.16247797412278,100.0,0.0,0.0,0.0,High
HOS_582,Navkar Child Care Centre and Nursing Home,Hospital,Flood,72.76762886413177,100.0,0.0,0.0,0.0,High
HOS_582,Navkar Child Care Centre and Nursing Home,Hospital,Geomagnetic,72.76762886413177,100.0,0.0,0.0,0.0,High
HOS_582,Navkar Child Care Centre and Nursing Home,Hospital,Heat,72.76762886413177,100.0,0.0,0.0,0.0,High
HOS_583,Neelam Nursing Home (Lenest) - Malad (W),Hospital,Flood,74.42041644327026,100.0,0.0,0.0,0.0,High
HOS_583,Neelam Nursing Home (Lenest) - Malad (W),Hospital,Geomagnetic,74.42041644327026,100.0,0.0,0.0,0.0,High
HOS_583,Neelam Nursing Home (Lenest) - Malad (W),Hospital,Heat,74.42041644327026,100.0,0.0,0.0,0.0,High
HOS_584,Neon Critical Care,Hospital,Flood,76.11246380913283,100.0,0.0,0.0,0.0,Critical
HOS_584,Neon Critical Care,Hospital,Geomagnetic,76.11246380913283,100.0,0.0,0.0,0.0,Critical
HOS_584,Neon Critical Care,Hospital,Heat,76.11246380913283,100.0,0.0,0.0,0.0,Critical
HOS_585,New Hope Fertility andIvf Center,Hospital,Flood,74.16247797412278,100.0,0.0,0.0,0.0,High
HOS_585,New Hope Fertility andIvf Center,Hospital,Geomagnetic,74.16247797412278,100.0,0.0,0.0,0.0,High
HOS_585,New Hope Fertility andIvf Center,Hospital,Heat,74.16247797412278,100.0,0.0,0.0,0.0,High
HOS_586,Nirman Diagnostic Imaging Centre,Hospital,Flood,71.87825709352785,100.0,0.0,0.0,0.0,High
HOS_586,Nirman Diagnostic Imaging Centre,Hospital,Geomagnetic,71.87825709352785,100.0,0.0,0.0,0.0,High
HOS_586,Nirman Diagnostic Imaging Centre,Hospital,Heat,71.87825709352785,100.0,0.0,0.0,0.0,High
HOS_587,Puranik Hospital,Hospital,Flood,71.91967594850139,100.0,0.0,0.0,0.0,High
HOS_587,Puranik Hospital,Hospital,Geomagnetic,71.91967594850139,100.0,0.0,0.0,0.0,High
HOS_587,Puranik Hospital,Hospital,Heat,71.91967594850139,100.0,0.0,0.0,0.0,High
HOS_588,Rahul Eye Clinic,Hospital,Flood,69.6304028933908,100.0,0.0,0.0,0.0,High
HOS_588,Rahul Eye Clinic,Hospital,Geomagnetic,69.6304028933908,100.0,0.0,0.0,0.0,High
HOS_588,Rahul Eye Clinic,Hospital,Heat,69.6304028933908,100.0,0.0,0.0,0.0,High
HOS_589,Rajathani Seva Samiti,Hospital,Flood,71.87825709352785,100.0,0.0,0.0,0.0,High
HOS_589,Rajathani Seva Samiti,Hospital,Geomagnetic,71.87825709352785,100.0,0.0,0.0,0.0,High
HOS_589,Rajathani Seva Samiti,Hospital,Heat,71.87825709352785,100.0,0.0,0.0,0.0,High
HOS_59,Kamla Eye Clinic,Hospital,Flood,74.16247797412278,100.0,0.0,0.0,0.0,High
HOS_59,Kamla Eye Clinic,Hospital,Geomagnetic,74.16247797412278,100.0,0.0,0.0,0.0,High
HOS_59,Kamla Eye Clinic,Hospital,Heat,74.16247797412278,100.0,0.0,0.0,0.0,High
HOS_590,Riddhi Vinayak Critical Care And Cardiac Centre - Mumbai,Hospital,Flood,74.16247797412278,100.0,0.0,0.0,0.0,High
HOS_590,Riddhi Vinayak Critical Care And Cardiac Centre - Mumbai,Hospital,Geomagnetic,74.16247797412278,100.0,0.0,0.0,0.0,High
HOS_590,Riddhi Vinayak Critical Care And Cardiac Centre - Mumbai,Hospital,Heat,74.16247797412278,100.0,0.0,0.0,0.0,High
HOS_591,Royal Health Care Pvt Ltd,Hospital,Flood,74.16247797412278,100.0,0.0,0.0,0.0,High
HOS_591,Royal Health Care Pvt Ltd,Hospital,Geomagnetic,74.16247797412278,100.0,0.0,0.0,0.0,High
HOS_591,Royal Health Care Pvt Ltd,Hospital,Heat,74.16247797412278,100.0,0.0,0.0,0.0,High
HOS_592,"Sahu Eye Hospital Branch Of Kamal Netralaya Pvt. Ltd.,",Hospital,Flood,74.16247797412278,100.0,0.0,0.0,0.0,High
HOS_592,"Sahu Eye Hospital Branch Of Kamal Netralaya Pvt. Ltd.,",Hospital,Geomagnetic,74.16247797412278,100.0,0.0,0.0,0.0,High
HOS_592,"Sahu Eye Hospital Branch Of Kamal Netralaya Pvt. Ltd.,",Hospital,Heat,74.16247797412278,100.0,0.0,0.0,0.0,High
HOS_593,Saraogi Maternity and General Hospital,Hospital,Flood,72.28919807000852,100.0,0.0,0.0,0.0,High
HOS_593,Saraogi Maternity and General Hospital,Hospital,Geomagnetic,72.28919807000852,100.0,0.0,0.0,0.0,High
HOS_593,Saraogi Maternity and General Hospital,Hospital,Heat,72.28919807000852,100.0,0.0,0.0,0.0,High
HOS_594,Saraswati Hospital,Hospital,Flood,74.16247797412278,100.0,0.0,0.0,0.0,High
HOS_594,Saraswati Hospital,Hospital,Geomagnetic,74.16247797412278,100.0,0.0,0.0,0.0,High
HOS_594,Saraswati Hospital,Hospital,Heat,74.16247797412278,100.0,0.0,0.0,0.0,High
HOS_595,Shah Fracture-Orthopaedic Hospital,Hospital,Flood,74.16247797412278,100.0,0.0,0.0,0.0,High
HOS_595,Shah Fracture-Orthopaedic Hospital,Hospital,Geomagnetic,74.16247797412278,100.0,0.0,0.0,0.0,High
HOS_595,Shah Fracture-Orthopaedic Hospital,Hospital,Heat,74.16247797412278,100.0,0.0,0.0,0.0,High
HOS_596,Shree Surgical and Maternity Nursing Home,Hospital,Flood,74.16247797412278,100.0,0.0,0.0,0.0,High
HOS_596,Shree Surgical and Maternity Nursing Home,Hospital,Geomagnetic,74.16247797412278,100.0,0.0,0.0,0.0,High
HOS_596,Shree Surgical and Maternity Nursing Home,Hospital,Heat,74.16247797412278,100.0,0.0,0.0,0.0,High
HOS_597,Shreeji Eye Clinic Phako Surgery Centre,Hospital,Flood,74.16247797412278,100.0,0.0,0.0,0.0,High
HOS_597,Shreeji Eye Clinic Phako Surgery Centre,Hospital,Geomagnetic,74.16247797412278,100.0,0.0,0.0,0.0,High
HOS_597,Shreeji Eye Clinic Phako Surgery Centre,Hospital,Heat,74.16247797412278,100.0,0.0,0.0,0.0,High
HOS_598,Suburban Diagnostics India Pvt Ltd,Hospital,Flood,74.16247797412278,100.0,0.0,0.0,0.0,High
HOS_598,Suburban Diagnostics India Pvt Ltd,Hospital,Geomagnetic,74.16247797412278,100.0,0.0,0.0,0.0,High
HOS_598,Suburban Diagnostics India Pvt Ltd,Hospital,Heat,74.16247797412278,100.0,0.0,0.0,0.0,High
HOS_599,Sunflowar Laboratory and Diagnostic Centre,Hospital,Flood,71.87825709352785,100.0,0.0,0.0,0.0,High
HOS_599,Sunflowar Laboratory and Diagnostic Centre,Hospital,Geomagnetic,71.87825709352785,100.0,0.0,0.0,0.0,High
HOS_599,Sunflowar Laboratory and Diagnostic Centre,Hospital,Heat,71.87825709352785,100.0,0.0,0.0,0.0,High
HOS_6,Dalvi Plus,Hospital,Flood,69.75161011566225,100.0,0.0,0.0,0.0,High
HOS_6,Dalvi Plus,Hospital,Geomagnetic,69.75161011566225,100.0,0.0,0.0,0.0,High
HOS_6,Dalvi Plus,Hospital,Heat,69.75161011566225,100.0,0.0,0.0,0.0,High
HOS_600,Surana Hospital And Research Centre,Hospital,Flood,72.68315836112687,100.0,0.0,0.0,0.0,High
HOS_600,Surana Hospital And Research Centre,Hospital,Geomagnetic,72.68315836112687,100.0,0.0,0.0,0.0,High
HOS_600,Surana Hospital And Research Centre,Hospital,Heat,72.68315836112687,100.0,0.0,0.0,0.0,High
HOS_601,The Healthcare and Diagnostic Center,Hospital,Flood,74.16247797412278,100.0,0.0,0.0,0.0,High
HOS_601,The Healthcare and Diagnostic Center,Hospital,Geomagnetic,74.16247797412278,100.0,0.0,0.0,0.0,High
HOS_601,The Healthcare and Diagnostic Center,Hospital,Heat,74.16247797412278,100.0,0.0,0.0,0.0,High
HOS_602,The Laser Vision Centre,Hospital,Flood,74.16247797412278,100.0,0.0,0.0,0.0,High
HOS_602,The Laser Vision Centre,Hospital,Geomagnetic,74.16247797412278,100.0,0.0,0.0,0.0,High
HOS_602,The Laser Vision Centre,Hospital,Heat,74.16247797412278,100.0,0.0,0.0,0.0,High
HOS_603,Vardhaman Iccu And Nursing Home,Hospital,Flood,74.16247797412278,100.0,0.0,0.0,0.0,High
HOS_603,Vardhaman Iccu And Nursing Home,Hospital,Geomagnetic,74.16247797412278,100.0,0.0,0.0,0.0,High
HOS_603,Vardhaman Iccu And Nursing Home,Hospital,Heat,74.16247797412278,100.0,0.0,0.0,0.0,High
HOS_604,Vinayak Maternity and General Hospital,Hospital,Flood,71.87825709352785,100.0,0.0,0.0,0.0,High
HOS_604,Vinayak Maternity and General Hospital,Hospital,Geomagnetic,71.87825709352785,100.0,0.0,0.0,0.0,High
HOS_604,Vinayak Maternity and General Hospital,Hospital,Heat,71.87825709352785,100.0,0.0,0.0,0.0,High
HOS_605,Yogi Eyecare Clinic,Hospital,Flood,74.16247797412278,100.0,0.0,0.0,0.0,High
HOS_605,Yogi Eyecare Clinic,Hospital,Geomagnetic,74.16247797412278,100.0,0.0,0.0,0.0,High
HOS_605,Yogi Eyecare Clinic,Hospital,Heat,74.16247797412278,100.0,0.0,0.0,0.0,High
HOS_606,Zenith Hospital,Hospital,Flood,74.16247797412278,100.0,0.0,0.0,0.0,High
HOS_606,Zenith Hospital,Hospital,Geomagnetic,74.16247797412278,100.0,0.0,0.0,0.0,High
HOS_606,Zenith Hospital,Hospital,Heat,74.16247797412278,100.0,0.0,0.0,0.0,High
HOS_607,Clear Vision Eye Center,Hospital,Flood,69.38076126302926,100.0,0.0,0.0,0.0,High
HOS_607,Clear Vision Eye Center,Hospital,Geomagnetic,69.38076126302926,100.0,0.0,0.0,0.0,High
HOS_607,Clear Vision Eye Center,Hospital,Heat,69.38076126302926,100.0,0.0,0.0,0.0,High
HOS_608,Dhanshri Hospital,Hospital,Flood,74.32586407290587,100.0,0.0,0.0,0.0,High
HOS_608,Dhanshri Hospital,Hospital,Geomagnetic,74.32586407290587,100.0,0.0,0.0,0.0,High
HOS_608,Dhanshri Hospital,Hospital,Heat,74.32586407290587,100.0,0.0,0.0,0.0,High
HOS_609,Doshi Maternity Nursing Home,Hospital,Flood,74.16247797412278,100.0,0.0,0.0,0.0,High
HOS_609,Doshi Maternity Nursing Home,Hospital,Geomagnetic,74.16247797412278,100.0,0.0,0.0,0.0,High
HOS_609,Doshi Maternity Nursing Home,Hospital,Heat,74.16247797412278,100.0,0.0,0.0,0.0,High
HOS_61,Mother and Child Care Clinic,Hospital,Flood,74.16247797412278,100.0,0.0,0.0,0.0,High
HOS_61,Mother and Child Care Clinic,Hospital,Geomagnetic,74.16247797412278,100.0,0.0,0.0,0.0,High
HOS_61,Mother and Child Care Clinic,Hospital,Heat,74.16247797412278,100.0,0.0,0.0,0.0,High
HOS_610,Dr Baliga Nursing Home,Hospital,Flood,71.04493496618299,100.0,0.0,0.0,0.0,High
HOS_610,Dr Baliga Nursing Home,Hospital,Geomagnetic,71.04493496618299,100.0,0.0,0.0,0.0,High
HOS_610,Dr Baliga Nursing Home,Hospital,Heat,71.04493496618299,100.0,0.0,0.0,0.0,High
HOS_611,"Dr Shah""S Eye and Laser Center",Hospital,Flood,74.16247797412278,100.0,0.0,0.0,0.0,High
HOS_611,"Dr Shah""S Eye and Laser Center",Hospital,Geomagnetic,74.16247797412278,100.0,0.0,0.0,0.0,High
HOS_611,"Dr Shah""S Eye and Laser Center",Hospital,Heat,74.16247797412278,100.0,0.0,0.0,0.0,High
HOS_612,Jain Hospital and Medical Research Center,Hospital,Flood,68.20199255607885,100.0,0.0,0.0,0.0,High
HOS_612,Jain Hospital and Medical Research Center,Hospital,Geomagnetic,68.20199255607885,100.0,0.0,0.0,0.0,High
HOS_612,Jain Hospital and Medical Research Center,Hospital,Heat,68.20199255607885,100.0,0.0,0.0,0.0,High
HOS_613,Jhanvi Nursing Home and Iccu,Hospital,Flood,74.16247797412278,100.0,0.0,0.0,0.0,High
HOS_613,Jhanvi Nursing Home and Iccu,Hospital,Geomagnetic,74.16247797412278,100.0,0.0,0.0,0.0,High
HOS_613,Jhanvi Nursing Home and Iccu,Hospital,Heat,74.16247797412278,100.0,0.0,0.0,0.0,High
HOS_614,Kolekar Hospiatl,Hospital,Flood,71.32930662575092,100.0,0.0,0.0,0.0,High
HOS_614,Kolekar Hospiatl,Hospital,Geomagnetic,71.32930662575092,100.0,0.0,0.0,0.0,High
HOS_614,Kolekar Hospiatl,Hospital,Heat,71.32930662575092,100.0,0.0,0.0,0.0,High
HOS_615,Om Gangagiri Hospital,Hospital,Flood,74.16247797412278,100.0,0.0,0.0,0.0,High
HOS_615,Om Gangagiri Hospital,Hospital,Geomagnetic,74.16247797412278,100.0,0.0,0.0,0.0,High
HOS_615,Om Gangagiri Hospital,Hospital,Heat,74.16247797412278,100.0,0.0,0.0,0.0,High
HOS_616,Omkar Eye Care Center,Hospital,Flood,76.81585233816894,100.0,0.0,0.0,0.0,Critical
HOS_616,Omkar Eye Care Center,Hospital,Geomagnetic,76.81585233816894,100.0,0.0,0.0,0.0,Critical
HOS_616,Omkar Eye Care Center,Hospital,Heat,76.81585233816894,100.0,0.0,0.0,0.0,Critical
HOS_617,Pratik Hospital and Maternity Home,Hospital,Flood,72.76164168269331,100.0,0.0,0.0,0.0,High
HOS_617,Pratik Hospital and Maternity Home,Hospital,Geomagnetic,72.76164168269331,100.0,0.0,0.0,0.0,High
HOS_617,Pratik Hospital and Maternity Home,Hospital,Heat,72.76164168269331,100.0,0.0,0.0,0.0,High
HOS_618,Sai Sanjivani Criticare Hospital,Hospital,Flood,74.16247797412278,100.0,0.0,0.0,0.0,High
HOS_618,Sai Sanjivani Criticare Hospital,Hospital,Geomagnetic,74.16247797412278,100.0,0.0,0.0,0.0,High
HOS_618,Sai Sanjivani Criticare Hospital,Hospital,Heat,74.16247797412278,100.0,0.0,0.0,0.0,High
HOS_619,Saibaba Hospital and Polyclinic,Hospital,Flood,74.16247797412278,100.0,0.0,0.0,0.0,High
HOS_619,Saibaba Hospital and Polyclinic,Hospital,Geomagnetic,74.16247797412278,100.0,0.0,0.0,0.0,High
HOS_619,Saibaba Hospital and Polyclinic,Hospital,Heat,74.16247797412278,100.0,0.0,0.0,0.0,High
HOS_62,Shivneh,Hospital,Flood,74.16247797412278,100.0,0.0,0.0,0.0,High
HOS_62,Shivneh,Hospital,Geomagnetic,74.16247797412278,100.0,0.0,0.0,0.0,High
HOS_62,Shivneh,Hospital,Heat,74.16247797412278,100.0,0.0,0.0,0.0,High
HOS_620,Shaha Children Hospital,Hospital,Flood,74.16247797412278,100.0,0.0,0.0,0.0,High
HOS_620,Shaha Children Hospital,Hospital,Geomagnetic,74.16247797412278,100.0,0.0,0.0,0.0,High
HOS_620,Shaha Children Hospital,Hospital,Heat,74.16247797412278,100.0,0.0,0.0,0.0,High
HOS_623,Anand Nursing Home - Borivali (E),Hospital,Flood,74.88432607225633,100.0,0.0,0.0,0.0,High
HOS_623,Anand Nursing Home - Borivali (E),Hospital,Geomagnetic,74.88432607225633,100.0,0.0,0.0,0.0,High
HOS_623,Anand Nursing Home - Borivali (E),Hospital,Heat,74.88432607225633,100.0,0.0,0.0,0.0,High
HOS_624,"Ankit Fracture, Maternity and Surgical Hospital",Hospital,Flood,74.88432607225633,100.0,0.0,0.0,0.0,High
HOS_624,"Ankit Fracture, Maternity and Surgical Hospital",Hospital,Geomagnetic,74.88432607225633,100.0,0.0,0.0,0.0,High
HOS_624,"Ankit Fracture, Maternity and Surgical Hospital",Hospital,Heat,74.88432607225633,100.0,0.0,0.0,0.0,High
HOS_625,Asian Eye Institute And Laser Centre,Hospital,Flood,74.87356968637431,100.0,0.0,0.0,0.0,High
HOS_625,Asian Eye Institute And Laser Centre,Hospital,Geomagnetic,74.87356968637431,100.0,0.0,0.0,0.0,High
HOS_625,Asian Eye Institute And Laser Centre,Hospital,Heat,74.87356968637431,100.0,0.0,0.0,0.0,High
HOS_626,Crystal Hospitals,Hospital,Flood,74.88432607225633,100.0,0.0,0.0,0.0,High
HOS_626,Crystal Hospitals,Hospital,Geomagnetic,74.88432607225633,100.0,0.0,0.0,0.0,High
HOS_626,Crystal Hospitals,Hospital,Heat,74.88432607225633,100.0,0.0,0.0,0.0,High
HOS_627,"Dr Parikhs Maternity, Gynaec, and General Hospital",Hospital,Flood,74.19894712361048,100.0,0.0,0.0,0.0,High
HOS_627,"Dr Parikhs Maternity, Gynaec, and General Hospital",Hospital,Geomagnetic,74.19894712361048,100.0,0.0,0.0,0.0,High
HOS_627,"Dr Parikhs Maternity, Gynaec, and General Hospital",Hospital,Heat,74.19894712361048,100.0,0.0,0.0,0.0,High
HOS_628,"Dr. Mehta,S Maternity Home",Hospital,Flood,68.20199255607885,100.0,0.0,0.0,0.0,High
HOS_628,"Dr. Mehta,S Maternity Home",Hospital,Geomagnetic,68.20199255607885,100.0,0.0,0.0,0.0,High
HOS_628,"Dr. Mehta,S Maternity Home",Hospital,Heat,68.20199255607885,100.0,0.0,0.0,0.0,High
HOS_629,Elite Hospital - Mumbai - Borivali (W),Hospital,Flood,74.16247797412278,100.0,0.0,0.0,0.0,High
HOS_629,Elite Hospital - Mumbai - Borivali (W),Hospital,Geomagnetic,74.16247797412278,100.0,0.0,0.0,0.0,High
HOS_629,Elite Hospital - Mumbai - Borivali (W),Hospital,Heat,74.16247797412278,100.0,0.0,0.0,0.0,High
HOS_63,Sir Hurkisondas Nurrotumdas Hospital and Research Center,Hospital,Flood,74.16247797412278,100.0,0.0,0.0,0.0,High
HOS_63,Sir Hurkisondas Nurrotumdas Hospital and Research Center,Hospital,Geomagnetic,74.16247797412278,100.0,0.0,0.0,0.0,High
HOS_63,Sir Hurkisondas Nurrotumdas Hospital and Research Center,Hospital,Heat,74.16247797412278,100.0,0.0,0.0,0.0,High
HOS_630,Mohit Hospital and Heart Centre,Hospital,Flood,75.6181700729784,100.0,0.0,0.0,0.0,Critical
HOS_630,Mohit Hospital and Heart Centre,Hospital,Geomagnetic,75.6181700729784,100.0,0.0,0.0,0.0,Critical
HOS_630,Mohit Hospital and Heart Centre,Hospital,Heat,75.6181700729784,100.0,0.0,0.0,0.0,Critical
HOS_631,Mukti Nursing Home,Hospital,Flood,68.20199255607885,100.0,0.0,0.0,0.0,High
HOS_631,Mukti Nursing Home,Hospital,Geomagnetic,68.20199255607885,100.0,0.0,0.0,0.0,High
HOS_631,Mukti Nursing Home,Hospital,Heat,68.20199255607885,100.0,0.0,0.0,0.0,High
HOS_632,Narendra Hospital,Hospital,Flood,68.20199255607885,100.0,0.0,0.0,0.0,High
HOS_632,Narendra Hospital,Hospital,Geomagnetic,68.20199255607885,100.0,0.0,0.0,0.0,High
HOS_632,Narendra Hospital,Hospital,Heat,68.20199255607885,100.0,0.0,0.0,0.0,High
HOS_633,"National Hospital, Borivli",Hospital,Flood,74.16247797412278,100.0,0.0,0.0,0.0,High
HOS_633,"National Hospital, Borivli",Hospital,Geomagnetic,74.16247797412278,100.0,0.0,0.0,0.0,High
HOS_633,"National Hospital, Borivli",Hospital,Heat,74.16247797412278,100.0,0.0,0.0,0.0,High
HOS_634,Navjeevan Global Heart Centre,Hospital,Flood,74.30282121336717,100.0,0.0,0.0,0.0,High
HOS_634,Navjeevan Global Heart Centre,Hospital,Geomagnetic,74.30282121336717,100.0,0.0,0.0,0.0,High
HOS_634,Navjeevan Global Heart Centre,Hospital,Heat,74.30282121336717,100.0,0.0,0.0,0.0,High
HOS_635,Nirmay Mother Care Centre,Hospital,Flood,74.42315035267362,100.0,0.0,0.0,0.0,High
HOS_635,Nirmay Mother Care Centre,Hospital,Geomagnetic,74.42315035267362,100.0,0.0,0.0,0.0,High
HOS_635,Nirmay Mother Care Centre,Hospital,Heat,74.42315035267362,100.0,0.0,0.0,0.0,High
HOS_636,Parijat Child Health Clinic,Hospital,Flood,77.81075230473994,100.0,0.0,0.0,0.0,Critical
HOS_636,Parijat Child Health Clinic,Hospital,Geomagnetic,77.81075230473994,100.0,0.0,0.0,0.0,Critical
HOS_636,Parijat Child Health Clinic,Hospital,Heat,77.81075230473994,100.0,0.0,0.0,0.0,Critical
HOS_637,Parmar Hospital,Hospital,Flood,74.64649496078317,100.0,0.0,0.0,0.0,High
HOS_637,Parmar Hospital,Hospital,Geomagnetic,74.64649496078317,100.0,0.0,0.0,0.0,High
HOS_637,Parmar Hospital,Hospital,Heat,74.64649496078317,100.0,0.0,0.0,0.0,High
HOS_638,Purnima Hospital,Hospital,Flood,75.6081428450209,100.0,0.0,0.0,0.0,Critical
HOS_638,Purnima Hospital,Hospital,Geomagnetic,75.6081428450209,100.0,0.0,0.0,0.0,Critical
HOS_638,Purnima Hospital,Hospital,Heat,75.6081428450209,100.0,0.0,0.0,0.0,Critical
HOS_639,Qualitas Diagnostics Center,Hospital,Flood,74.88432607225633,100.0,0.0,0.0,0.0,High
HOS_639,Qualitas Diagnostics Center,Hospital,Geomagnetic,74.88432607225633,100.0,0.0,0.0,0.0,High
HOS_639,Qualitas Diagnostics Center,Hospital,Heat,74.88432607225633,100.0,0.0,0.0,0.0,High
HOS_64,Slr Fortis,Hospital,Flood,74.16247797412278,100.0,0.0,0.0,0.0,High
HOS_64,Slr Fortis,Hospital,Geomagnetic,74.16247797412278,100.0,0.0,0.0,0.0,High
HOS_64,Slr Fortis,Hospital,Heat,74.16247797412278,100.0,0.0,0.0,0.0,High
HOS_640,Raj Jyoti Heart Hospital,Hospital,Flood,74.16247797412278,100.0,0.0,0.0,0.0,High
HOS_640,Raj Jyoti Heart Hospital,Hospital,Geomagnetic,74.16247797412278,100.0,0.0,0.0,0.0,High
HOS_640,Raj Jyoti Heart Hospital,Hospital,Heat,74.16247797412278,100.0,0.0,0.0,0.0,High
HOS_641,Ratika Hospital and Research Centre,Hospital,Flood,74.88432607225633,100.0,0.0,0.0,0.0,High
HOS_641,Ratika Hospital and Research Centre,Hospital,Geomagnetic,74.88432607225633,100.0,0.0,0.0,0.0,High
HOS_641,Ratika Hospital and Research Centre,Hospital,Heat,74.88432607225633,100.0,0.0,0.0,0.0,High
HOS_642,Riddhi Eye Clinic,Hospital,Flood,74.88432607225633,100.0,0.0,0.0,0.0,High
HOS_642,Riddhi Eye Clinic,Hospital,Geomagnetic,74.88432607225633,100.0,0.0,0.0,0.0,High
HOS_642,Riddhi Eye Clinic,Hospital,Heat,74.88432607225633,100.0,0.0,0.0,0.0,High
HOS_643,Robindra Nursing Home,Hospital,Flood,74.88432607225633,100.0,0.0,0.0,0.0,High
HOS_643,Robindra Nursing Home,Hospital,Geomagnetic,74.88432607225633,100.0,0.0,0.0,0.0,High
HOS_643,Robindra Nursing Home,Hospital,Heat,74.88432607225633,100.0,0.0,0.0,0.0,High
HOS_644,Roshni Eye Clinic,Hospital,Flood,74.46961932679388,100.0,0.0,0.0,0.0,High
HOS_644,Roshni Eye Clinic,Hospital,Geomagnetic,74.46961932679388,100.0,0.0,0.0,0.0,High
HOS_644,Roshni Eye Clinic,Hospital,Heat,74.46961932679388,100.0,0.0,0.0,0.0,High
HOS_645,Saurin Hospital,Hospital,Flood,74.16247797412278,100.0,0.0,0.0,0.0,High
HOS_645,Saurin Hospital,Hospital,Geomagnetic,74.16247797412278,100.0,0.0,0.0,0.0,High
HOS_645,Saurin Hospital,Hospital,Heat,74.16247797412278,100.0,0.0,0.0,0.0,High
HOS_646,Shivam Eye Care Centre,Hospital,Flood,74.88432607225633,100.0,0.0,0.0,0.0,High
HOS_646,Shivam Eye Care Centre,Hospital,Geomagnetic,74.88432607225633,100.0,0.0,0.0,0.0,High
HOS_646,Shivam Eye Care Centre,Hospital,Heat,74.88432607225633,100.0,0.0,0.0,0.0,High
HOS_647,Shree Krishna Hospital,Hospital,Flood,76.08861192592173,100.0,0.0,0.0,0.0,Critical
HOS_647,Shree Krishna Hospital,Hospital,Geomagnetic,76.08861192592173,100.0,0.0,0.0,0.0,Critical
HOS_647,Shree Krishna Hospital,Hospital,Heat,76.08861192592173,100.0,0.0,0.0,0.0,Critical
HOS_648,Shri K V O Jain Manav Seva Kendra Navneet Hospital,Hospital,Flood,74.88432607225633,100.0,0.0,0.0,0.0,High
HOS_648,Shri K V O Jain Manav Seva Kendra Navneet Hospital,Hospital,Geomagnetic,74.88432607225633,100.0,0.0,0.0,0.0,High
HOS_648,Shri K V O Jain Manav Seva Kendra Navneet Hospital,Hospital,Heat,74.88432607225633,100.0,0.0,0.0,0.0,High
HOS_649,Sumeet Nursing Home,Hospital,Flood,68.20199255607885,100.0,0.0,0.0,0.0,High
HOS_649,Sumeet Nursing Home,Hospital,Geomagnetic,68.20199255607885,100.0,0.0,0.0,0.0,High
HOS_649,Sumeet Nursing Home,Hospital,Heat,68.20199255607885,100.0,0.0,0.0,0.0,High
HOS_65,Trinity Clinic Pvt.Ltd,Hospital,Flood,78.11805093553104,100.0,0.0,0.0,0.0,Critical
HOS_65,Trinity Clinic Pvt.Ltd,Hospital,Geomagnetic,78.11805093553104,100.0,0.0,0.0,0.0,Critical
HOS_65,Trinity Clinic Pvt.Ltd,Hospital,Heat,78.11805093553104,100.0,0.0,0.0,0.0,Critical
HOS_650,Utkarsh Nursing Home,Hospital,Flood,74.38815063604187,100.0,0.0,0.0,0.0,High
HOS_650,Utkarsh Nursing Home,Hospital,Geomagnetic,74.38815063604187,100.0,0.0,0.0,0.0,High
HOS_650,Utkarsh Nursing Home,Hospital,Heat,74.38815063604187,100.0,0.0,0.0,0.0,High
HOS_651,Aditya Eye Clinic,Hospital,Flood,74.16247797412278,100.0,0.0,0.0,0.0,High
HOS_651,Aditya Eye Clinic,Hospital,Geomagnetic,74.16247797412278,100.0,0.0,0.0,0.0,High
HOS_651,Aditya Eye Clinic,Hospital,Heat,74.16247797412278,100.0,0.0,0.0,0.0,High
HOS_652,Akshar Eye Clinic,Hospital,Flood,72.76164168269331,100.0,0.0,0.0,0.0,High
HOS_652,Akshar Eye Clinic,Hospital,Geomagnetic,72.76164168269331,100.0,0.0,0.0,0.0,High
HOS_652,Akshar Eye Clinic,Hospital,Heat,72.76164168269331,100.0,0.0,0.0,0.0,High
HOS_653,Anand Nursing Home,Hospital,Flood,74.16247797412278,100.0,0.0,0.0,0.0,High
HOS_653,Anand Nursing Home,Hospital,Geomagnetic,74.16247797412278,100.0,0.0,0.0,0.0,High
HOS_653,Anand Nursing Home,Hospital,Heat,74.16247797412278,100.0,0.0,0.0,0.0,High
HOS_654,Ankur Hospital,Hospital,Flood,74.16247797412278,100.0,0.0,0.0,0.0,High
HOS_654,Ankur Hospital,Hospital,Geomagnetic,74.16247797412278,100.0,0.0,0.0,0.0,High
HOS_654,Ankur Hospital,Hospital,Heat,74.16247797412278,100.0,0.0,0.0,0.0,High
HOS_655,Arya Womens Health Care Centre Surgical And Maternity Home,Hospital,Flood,74.16247797412278,100.0,0.0,0.0,0.0,High
HOS_655,Arya Womens Health Care Centre Surgical And Maternity Home,Hospital,Geomagnetic,74.16247797412278,100.0,0.0,0.0,0.0,High
HOS_655,Arya Womens Health Care Centre Surgical And Maternity Home,Hospital,Heat,74.16247797412278,100.0,0.0,0.0,0.0,High
HOS_656,Bhatia Maternity and Ivf Centre,Hospital,Flood,72.68315836112687,100.0,0.0,0.0,0.0,High
HOS_656,Bhatia Maternity and Ivf Centre,Hospital,Geomagnetic,72.68315836112687,100.0,0.0,0.0,0.0,High
HOS_656,Bhatia Maternity and Ivf Centre,Hospital,Heat,72.68315836112687,100.0,0.0,0.0,0.0,High
HOS_657,Cocoon Lyfcare,Hospital,Flood,74.16247797412278,100.0,0.0,0.0,0.0,High
HOS_657,Cocoon Lyfcare,Hospital,Geomagnetic,74.16247797412278,100.0,0.0,0.0,0.0,High
HOS_657,Cocoon Lyfcare,Hospital,Heat,74.16247797412278,100.0,0.0,0.0,0.0,High
HOS_658,Dr Reena Mokal Nursing Home and Polyclinic,Hospital,Flood,78.03554777467396,100.0,0.0,0.0,0.0,Critical
HOS_658,Dr Reena Mokal Nursing Home and Polyclinic,Hospital,Geomagnetic,78.03554777467396,100.0,0.0,0.0,0.0,Critical
HOS_658,Dr Reena Mokal Nursing Home and Polyclinic,Hospital,Heat,78.03554777467396,100.0,0.0,0.0,0.0,Critical
HOS_659,Dr. Vora`S Premature Critical Care and General Hospital,Hospital,Flood,73.27532514623529,100.0,0.0,0.0,0.0,High
HOS_659,Dr. Vora`S Premature Critical Care and General Hospital,Hospital,Geomagnetic,73.27532514623529,100.0,0.0,0.0,0.0,High
HOS_659,Dr. Vora`S Premature Critical Care and General Hospital,Hospital,Heat,73.27532514623529,100.0,0.0,0.0,0.0,High
HOS_66,Ursekar Laser and Microssurgery Eye Clinic,Hospital,Flood,74.16247797412278,100.0,0.0,0.0,0.0,High
HOS_66,Ursekar Laser and Microssurgery Eye Clinic,Hospital,Geomagnetic,74.16247797412278,100.0,0.0,0.0,0.0,High
HOS_66,Ursekar Laser and Microssurgery Eye Clinic,Hospital,Heat,74.16247797412278,100.0,0.0,0.0,0.0,High
HOS_660,Dwarkesh Nursing Home,Hospital,Flood,74.16247797412278,100.0,0.0,0.0,0.0,High
HOS_660,Dwarkesh Nursing Home,Hospital,Geomagnetic,74.16247797412278,100.0,0.0,0.0,0.0,High
HOS_660,Dwarkesh Nursing Home,Hospital,Heat,74.16247797412278,100.0,0.0,0.0,0.0,High
HOS_661,Gayatri Maternity and Gynaec Clinic,Hospital,Flood,77.14350528817477,100.0,0.0,0.0,0.0,Critical
HOS_661,Gayatri Maternity and Gynaec Clinic,Hospital,Geomagnetic,77.14350528817477,100.0,0.0,0.0,0.0,Critical
HOS_661,Gayatri Maternity and Gynaec Clinic,Hospital,Heat,77.14350528817477,100.0,0.0,0.0,0.0,Critical
HOS_662,Grace Maternity and Nursing Home - Kandivli (W),Hospital,Flood,73.55442927294949,100.0,0.0,0.0,0.0,High
HOS_662,Grace Maternity and Nursing Home - Kandivli (W),Hospital,Geomagnetic,73.55442927294949,100.0,0.0,0.0,0.0,High
HOS_662,Grace Maternity and Nursing Home - Kandivli (W),Hospital,Heat,73.55442927294949,100.0,0.0,0.0,0.0,High
HOS_663,Gyatri Maternity and Gynaec Clinc,Hospital,Flood,77.14350528817477,100.0,0.0,0.0,0.0,Critical
HOS_663,Gyatri Maternity and Gynaec Clinc,Hospital,Geomagnetic,77.14350528817477,100.0,0.0,0.0,0.0,Critical
HOS_663,Gyatri Maternity and Gynaec Clinc,Hospital,Heat,77.14350528817477,100.0,0.0,0.0,0.0,Critical
HOS_664,Hi-Tech Urology Centre,Hospital,Flood,74.16247797412278,100.0,0.0,0.0,0.0,High
HOS_664,Hi-Tech Urology Centre,Hospital,Geomagnetic,74.16247797412278,100.0,0.0,0.0,0.0,High
HOS_664,Hi-Tech Urology Centre,Hospital,Heat,74.16247797412278,100.0,0.0,0.0,0.0,High
HOS_665,Jay Maternity and Nursing Home,Hospital,Flood,74.16247797412278,100.0,0.0,0.0,0.0,High
HOS_665,Jay Maternity and Nursing Home,Hospital,Geomagnetic,74.16247797412278,100.0,0.0,0.0,0.0,High
HOS_665,Jay Maternity and Nursing Home,Hospital,Heat,74.16247797412278,100.0,0.0,0.0,0.0,High
HOS_666,Jaydeep Eye and Physiotherapy Clinic - Kandivli,Hospital,Flood,68.20199255607885,100.0,0.0,0.0,0.0,High
HOS_666,Jaydeep Eye and Physiotherapy Clinic - Kandivli,Hospital,Geomagnetic,68.20199255607885,100.0,0.0,0.0,0.0,High
HOS_666,Jaydeep Eye and Physiotherapy Clinic - Kandivli,Hospital,Heat,68.20199255607885,100.0,0.0,0.0,0.0,High
HOS_667,Jobanputra Nursing Home,Hospital,Flood,73.12065921668645,100.0,0.0,0.0,0.0,High
HOS_667,Jobanputra Nursing Home,Hospital,Geomagnetic,73.12065921668645,100.0,0.0,0.0,0.0,High
HOS_667,Jobanputra Nursing Home,Hospital,Heat,73.12065921668645,100.0,0.0,0.0,0.0,High
HOS_668,Kanchanganga Polyclinic and Nursing H0Me,Hospital,Flood,68.20199255607885,100.0,0.0,0.0,0.0,High
HOS_668,Kanchanganga Polyclinic and Nursing H0Me,Hospital,Geomagnetic,68.20199255607885,100.0,0.0,0.0,0.0,High
HOS_668,Kanchanganga Polyclinic and Nursing H0Me,Hospital,Heat,68.20199255607885,100.0,0.0,0.0,0.0,High
HOS_669,Khm Medical Centre Shree Kandivli Hitwardhak Mandal Kandivali,Hospital,Flood,74.16247797412278,100.0,0.0,0.0,0.0,High
HOS_669,Khm Medical Centre Shree Kandivli Hitwardhak Mandal Kandivali,Hospital,Geomagnetic,74.16247797412278,100.0,0.0,0.0,0.0,High
HOS_669,Khm Medical Centre Shree Kandivli Hitwardhak Mandal Kandivali,Hospital,Heat,74.16247797412278,100.0,0.0,0.0,0.0,High
HOS_67,V.A.D.T Nursing Home,Hospital,Flood,68.20199255607885,100.0,0.0,0.0,0.0,High
HOS_67,V.A.D.T Nursing Home,Hospital,Geomagnetic,68.20199255607885,100.0,0.0,0.0,0.0,High
HOS_67,V.A.D.T Nursing Home,Hospital,Heat,68.20199255607885,100.0,0.0,0.0,0.0,High
HOS_671,Kshar Eye Clinic,Hospital,Flood,74.16247797412278,100.0,0.0,0.0,0.0,High
HOS_671,Kshar Eye Clinic,Hospital,Geomagnetic,74.16247797412278,100.0,0.0,0.0,0.0,High
HOS_671,Kshar Eye Clinic,Hospital,Heat,74.16247797412278,100.0,0.0,0.0,0.0,High
HOS_672,"Matushree Maternity, Surgical and General Nursing Home",Hospital,Flood,74.16247797412278,100.0,0.0,0.0,0.0,High
HOS_672,"Matushree Maternity, Surgical and General Nursing Home",Hospital,Geomagnetic,74.16247797412278,100.0,0.0,0.0,0.0,High
HOS_672,"Matushree Maternity, Surgical and General Nursing Home",Hospital,Heat,74.16247797412278,100.0,0.0,0.0,0.0,High
HOS_673,Medicenter Nursing Home,Hospital,Flood,68.20199255607885,100.0,0.0,0.0,0.0,High
HOS_673,Medicenter Nursing Home,Hospital,Geomagnetic,68.20199255607885,100.0,0.0,0.0,0.0,High
HOS_673,Medicenter Nursing Home,Hospital,Heat,68.20199255607885,100.0,0.0,0.0,0.0,High
HOS_674,Mediheights Health Care Foundation,Hospital,Flood,74.16247797412278,100.0,0.0,0.0,0.0,High
HOS_674,Mediheights Health Care Foundation,Hospital,Geomagnetic,74.16247797412278,100.0,0.0,0.0,0.0,High
HOS_674,Mediheights Health Care Foundation,Hospital,Heat,74.16247797412278,100.0,0.0,0.0,0.0,High
HOS_675,Mediheights Shreeji Healthcare Hospitals Private Limited,Hospital,Flood,74.16247797412278,100.0,0.0,0.0,0.0,High
HOS_675,Mediheights Shreeji Healthcare Hospitals Private Limited,Hospital,Geomagnetic,74.16247797412278,100.0,0.0,0.0,0.0,High
HOS_675,Mediheights Shreeji Healthcare Hospitals Private Limited,Hospital,Heat,74.16247797412278,100.0,0.0,0.0,0.0,High
HOS_676,Nidhi Nursing Home and Iccu,Hospital,Flood,73.31134250584071,100.0,0.0,0.0,0.0,High
HOS_676,Nidhi Nursing Home and Iccu,Hospital,Geomagnetic,73.31134250584071,100.0,0.0,0.0,0.0,High
HOS_676,Nidhi Nursing Home and Iccu,Hospital,Heat,73.31134250584071,100.0,0.0,0.0,0.0,High
HOS_677,Paarth Hospital,Hospital,Flood,72.76164168269331,100.0,0.0,0.0,0.0,High
HOS_677,Paarth Hospital,Hospital,Geomagnetic,72.76164168269331,100.0,0.0,0.0,0.0,High
HOS_677,Paarth Hospital,Hospital,Heat,72.76164168269331,100.0,0.0,0.0,0.0,High
HOS_678,Panorama Eye Clinic Superspeciality Eye Care,Hospital,Flood,73.20137891884721,100.0,0.0,0.0,0.0,High
HOS_678,Panorama Eye Clinic Superspeciality Eye Care,Hospital,Geomagnetic,73.20137891884721,100.0,0.0,0.0,0.0,High
HOS_678,Panorama Eye Clinic Superspeciality Eye Care,Hospital,Heat,73.20137891884721,100.0,0.0,0.0,0.0,High
HOS_679,Paras Nuriing Home,Hospital,Flood,74.16247797412278,100.0,0.0,0.0,0.0,High
HOS_679,Paras Nuriing Home,Hospital,Geomagnetic,74.16247797412278,100.0,0.0,0.0,0.0,High
HOS_679,Paras Nuriing Home,Hospital,Heat,74.16247797412278,100.0,0.0,0.0,0.0,High
HOS_68,Yogeshwar Surgical Clinic and Nursing Home - Mumbai,Hospital,Flood,74.16247797412278,100.0,0.0,0.0,0.0,High
HOS_68,Yogeshwar Surgical Clinic and Nursing Home - Mumbai,Hospital,Geomagnetic,74.16247797412278,100.0,0.0,0.0,0.0,High
HOS_68,Yogeshwar Surgical Clinic and Nursing Home - Mumbai,Hospital,Heat,74.16247797412278,100.0,0.0,0.0,0.0,High
HOS_680,Parvatibai Chavan Charitable Trust - Kandivli,Hospital,Flood,68.20199255607885,100.0,0.0,0.0,0.0,High
HOS_680,Parvatibai Chavan Charitable Trust - Kandivli,Hospital,Geomagnetic,68.20199255607885,100.0,0.0,0.0,0.0,High
HOS_680,Parvatibai Chavan Charitable Trust - Kandivli,Hospital,Heat,68.20199255607885,100.0,0.0,0.0,0.0,High
HOS_681,Raichura Prasuti Gruha,Hospital,Flood,68.20199255607885,100.0,0.0,0.0,0.0,High
HOS_681,Raichura Prasuti Gruha,Hospital,Geomagnetic,68.20199255607885,100.0,0.0,0.0,0.0,High
HOS_681,Raichura Prasuti Gruha,Hospital,Heat,68.20199255607885,100.0,0.0,0.0,0.0,High
HOS_682,Sai Pratik Surgical Clinic - Kandivli (W),Hospital,Flood,74.16247797412278,100.0,0.0,0.0,0.0,High
HOS_682,Sai Pratik Surgical Clinic - Kandivli (W),Hospital,Geomagnetic,74.16247797412278,100.0,0.0,0.0,0.0,High
HOS_682,Sai Pratik Surgical Clinic - Kandivli (W),Hospital,Heat,74.16247797412278,100.0,0.0,0.0,0.0,High
HOS_683,Sai Vilayatrai Charitable Polyclinc,Hospital,Flood,72.9500565438147,100.0,0.0,0.0,0.0,High
HOS_683,Sai Vilayatrai Charitable Polyclinc,Hospital,Geomagnetic,72.9500565438147,100.0,0.0,0.0,0.0,High
HOS_683,Sai Vilayatrai Charitable Polyclinc,Hospital,Heat,72.9500565438147,100.0,0.0,0.0,0.0,High
HOS_684,Saraswati Hospital(Kandivali),Hospital,Flood,72.76164168269331,100.0,0.0,0.0,0.0,High
HOS_684,Saraswati Hospital(Kandivali),Hospital,Geomagnetic,72.76164168269331,100.0,0.0,0.0,0.0,High
HOS_684,Saraswati Hospital(Kandivali),Hospital,Heat,72.76164168269331,100.0,0.0,0.0,0.0,High
HOS_685,Shah Surgical Hospital and Maternity Home P. Ltd.,Hospital,Flood,73.11799876553161,100.0,0.0,0.0,0.0,High
HOS_685,Shah Surgical Hospital and Maternity Home P. Ltd.,Hospital,Geomagnetic,73.11799876553161,100.0,0.0,0.0,0.0,High
HOS_685,Shah Surgical Hospital and Maternity Home P. Ltd.,Hospital,Heat,73.11799876553161,100.0,0.0,0.0,0.0,High
HOS_686,Shakuntala Bhatia Maternity and Gen Hospital,Hospital,Flood,74.16247797412278,100.0,0.0,0.0,0.0,High
HOS_686,Shakuntala Bhatia Maternity and Gen Hospital,Hospital,Geomagnetic,74.16247797412278,100.0,0.0,0.0,0.0,High
HOS_686,Shakuntala Bhatia Maternity and Gen Hospital,Hospital,Heat,74.16247797412278,100.0,0.0,0.0,0.0,High
HOS_687,Shivam Nursing Home,Hospital,Flood,68.20199255607885,100.0,0.0,0.0,0.0,High
HOS_687,Shivam Nursing Home,Hospital,Geomagnetic,68.20199255607885,100.0,0.0,0.0,0.0,High
HOS_687,Shivam Nursing Home,Hospital,Heat,68.20199255607885,100.0,0.0,0.0,0.0,High
HOS_688,Shree Krishna Hospital - Kandivali,Hospital,Flood,72.49310729988987,100.0,0.0,0.0,0.0,High
HOS_688,Shree Krishna Hospital - Kandivali,Hospital,Geomagnetic,72.49310729988987,100.0,0.0,0.0,0.0,High
HOS_688,Shree Krishna Hospital - Kandivali,Hospital,Heat,72.49310729988987,100.0,0.0,0.0,0.0,High
HOS_689,Shree Nagesh Childrens Hospital,Hospital,Flood,76.11531149894185,100.0,0.0,0.0,0.0,Critical
HOS_689,Shree Nagesh Childrens Hospital,Hospital,Geomagnetic,76.11531149894185,100.0,0.0,0.0,0.0,Critical
HOS_689,Shree Nagesh Childrens Hospital,Hospital,Heat,76.11531149894185,100.0,0.0,0.0,0.0,Critical
HOS_69,Indu Clinic,Hospital,Flood,78.52403819745177,100.0,0.0,0.0,0.0,Critical
HOS_69,Indu Clinic,Hospital,Geomagnetic,78.52403819745177,100.0,0.0,0.0,0.0,Critical
HOS_69,Indu Clinic,Hospital,Heat,78.52403819745177,100.0,0.0,0.0,0.0,Critical
HOS_690,Sumangal Hospital,Hospital,Flood,72.76164168269331,100.0,0.0,0.0,0.0,High
HOS_690,Sumangal Hospital,Hospital,Geomagnetic,72.76164168269331,100.0,0.0,0.0,0.0,High
HOS_690,Sumangal Hospital,Hospital,Heat,72.76164168269331,100.0,0.0,0.0,0.0,High
HOS_691,Swapneel Nursing Home,Hospital,Flood,68.20199255607885,100.0,0.0,0.0,0.0,High
HOS_691,Swapneel Nursing Home,Hospital,Geomagnetic,68.20199255607885,100.0,0.0,0.0,0.0,High
HOS_691,Swapneel Nursing Home,Hospital,Heat,68.20199255607885,100.0,0.0,0.0,0.0,High
HOS_692,Vinayak Nursing Home`,Hospital,Flood,73.41154374522411,100.0,0.0,0.0,0.0,High
HOS_692,Vinayak Nursing Home`,Hospital,Geomagnetic,73.41154374522411,100.0,0.0,0.0,0.0,High
HOS_692,Vinayak Nursing Home`,Hospital,Heat,73.41154374522411,100.0,0.0,0.0,0.0,High
HOS_693,Vrindavan Nursing Home,Hospital,Flood,74.16247797412278,100.0,0.0,0.0,0.0,High
HOS_693,Vrindavan Nursing Home,Hospital,Geomagnetic,74.16247797412278,100.0,0.0,0.0,0.0,High
HOS_693,Vrindavan Nursing Home,Hospital,Heat,74.16247797412278,100.0,0.0,0.0,0.0,High
HOS_694,Abhinav Sushrut Hospital,Hospital,Flood,76.68920699136501,100.0,0.0,0.0,0.0,Critical
HOS_694,Abhinav Sushrut Hospital,Hospital,Geomagnetic,76.68920699136501,100.0,0.0,0.0,0.0,Critical
HOS_694,Abhinav Sushrut Hospital,Hospital,Heat,76.68920699136501,100.0,0.0,0.0,0.0,Critical
HOS_695,Akshit Maternity Home,Hospital,Flood,76.98771062338068,100.0,0.0,0.0,0.0,Critical
HOS_695,Akshit Maternity Home,Hospital,Geomagnetic,76.98771062338068,100.0,0.0,0.0,0.0,Critical
HOS_695,Akshit Maternity Home,Hospital,Heat,76.98771062338068,100.0,0.0,0.0,0.0,Critical
HOS_697,Arihant Eye Care Centre,Hospital,Flood,74.16247797412278,100.0,0.0,0.0,0.0,High
HOS_697,Arihant Eye Care Centre,Hospital,Geomagnetic,74.16247797412278,100.0,0.0,0.0,0.0,High
HOS_697,Arihant Eye Care Centre,Hospital,Heat,74.16247797412278,100.0,0.0,0.0,0.0,High
HOS_698,Ashirwad Maternity and Nursing Home - Dahisar,Hospital,Flood,77.11452374177226,100.0,0.0,0.0,0.0,Critical
HOS_698,Ashirwad Maternity and Nursing Home - Dahisar,Hospital,Geomagnetic,77.11452374177226,100.0,0.0,0.0,0.0,Critical
HOS_698,Ashirwad Maternity and Nursing Home - Dahisar,Hospital,Heat,77.11452374177226,100.0,0.0,0.0,0.0,Critical
HOS_699,Balaji Polyclinic and Criticare Centre,Hospital,Flood,76.61140788056447,100.0,0.0,0.0,0.0,Critical
HOS_699,Balaji Polyclinic and Criticare Centre,Hospital,Geomagnetic,76.61140788056447,100.0,0.0,0.0,0.0,Critical
HOS_699,Balaji Polyclinic and Criticare Centre,Hospital,Heat,76.61140788056447,100.0,0.0,0.0,0.0,Critical
HOS_7,Doshi Nursing Home,Hospital,Flood,70.43571470598988,100.0,0.0,0.0,0.0,High
HOS_7,Doshi Nursing Home,Hospital,Geomagnetic,70.43571470598988,100.0,0.0,0.0,0.0,High
HOS_7,Doshi Nursing Home,Hospital,Heat,70.43571470598988,100.0,0.0,0.0,0.0,High
HOS_70,Inhs Asvini,Hospital,Flood,81.3443154879495,100.0,0.0,0.0,0.0,Critical
HOS_70,Inhs Asvini,Hospital,Geomagnetic,81.3443154879495,100.0,0.0,0.0,0.0,Critical
HOS_70,Inhs Asvini,Hospital,Heat,81.3443154879495,100.0,0.0,0.0,0.0,Critical
HOS_700,Dr Ajay Shah Pathology,Hospital,Flood,77.11452374177226,100.0,0.0,0.0,0.0,Critical
HOS_700,Dr Ajay Shah Pathology,Hospital,Geomagnetic,77.11452374177226,100.0,0.0,0.0,0.0,Critical
HOS_700,Dr Ajay Shah Pathology,Hospital,Heat,77.11452374177226,100.0,0.0,0.0,0.0,Critical
HOS_701,Dr Mandar Pandit Clinic,Hospital,Flood,76.63368692305266,100.0,0.0,0.0,0.0,Critical
HOS_701,Dr Mandar Pandit Clinic,Hospital,Geomagnetic,76.63368692305266,100.0,0.0,0.0,0.0,Critical
HOS_701,Dr Mandar Pandit Clinic,Hospital,Heat,76.63368692305266,100.0,0.0,0.0,0.0,Critical
HOS_702,Dr Worlikar's Shree Surgical and General Nursing Home,Hospital,Flood,77.11452374177226,100.0,0.0,0.0,0.0,Critical
HOS_702,Dr Worlikar's Shree Surgical and General Nursing Home,Hospital,Geomagnetic,77.11452374177226,100.0,0.0,0.0,0.0,Critical
HOS_702,Dr Worlikar's Shree Surgical and General Nursing Home,Hospital,Heat,77.11452374177226,100.0,0.0,0.0,0.0,Critical
HOS_703,Dr. M. L Dhawale Memorial Trust,Hospital,Flood,76.75033590288834,100.0,0.0,0.0,0.0,Critical
HOS_703,Dr. M. L Dhawale Memorial Trust,Hospital,Geomagnetic,76.75033590288834,100.0,0.0,0.0,0.0,Critical
HOS_703,Dr. M. L Dhawale Memorial Trust,Hospital,Heat,76.75033590288834,100.0,0.0,0.0,0.0,Critical
HOS_704,Dr.Nikams Eye Care And Laser Centre,Hospital,Flood,76.66109032333533,100.0,0.0,0.0,0.0,Critical
HOS_704,Dr.Nikams Eye Care And Laser Centre,Hospital,Geomagnetic,76.66109032333533,100.0,0.0,0.0,0.0,Critical
HOS_704,Dr.Nikams Eye Care And Laser Centre,Hospital,Heat,76.66109032333533,100.0,0.0,0.0,0.0,Critical
HOS_705,Jai Ambe Poly Clinic Nursing Home and Maternity Hosp,Hospital,Flood,77.11452374177226,100.0,0.0,0.0,0.0,Critical
HOS_705,Jai Ambe Poly Clinic Nursing Home and Maternity Hosp,Hospital,Geomagnetic,77.11452374177226,100.0,0.0,0.0,0.0,Critical
HOS_705,Jai Ambe Poly Clinic Nursing Home and Maternity Hosp,Hospital,Heat,77.11452374177226,100.0,0.0,0.0,0.0,Critical
HOS_706,Kk Maternity And General Hospital,Hospital,Flood,76.48672579333771,100.0,0.0,0.0,0.0,Critical
HOS_706,Kk Maternity And General Hospital,Hospital,Geomagnetic,76.48672579333771,100.0,0.0,0.0,0.0,Critical
HOS_706,Kk Maternity And General Hospital,Hospital,Heat,76.48672579333771,100.0,0.0,0.0,0.0,Critical
HOS_707,"Life Line Hospital - Dahisar,Mumbai",Hospital,Flood,77.11452374177226,100.0,0.0,0.0,0.0,Critical
HOS_707,"Life Line Hospital - Dahisar,Mumbai",Hospital,Geomagnetic,77.11452374177226,100.0,0.0,0.0,0.0,Critical
HOS_707,"Life Line Hospital - Dahisar,Mumbai",Hospital,Heat,77.11452374177226,100.0,0.0,0.0,0.0,Critical
HOS_708,Namitha Polyclinic and Hospital,Hospital,Flood,77.11452374177226,100.0,0.0,0.0,0.0,Critical
HOS_708,Namitha Polyclinic and Hospital,Hospital,Geomagnetic,77.11452374177226,100.0,0.0,0.0,0.0,Critical
HOS_708,Namitha Polyclinic and Hospital,Hospital,Heat,77.11452374177226,100.0,0.0,0.0,0.0,Critical
HOS_709,Navdurga Fracture And Accident Centre,Hospital,Flood,77.11452374177226,100.0,0.0,0.0,0.0,Critical
HOS_709,Navdurga Fracture And Accident Centre,Hospital,Geomagnetic,77.11452374177226,100.0,0.0,0.0,0.0,Critical
HOS_709,Navdurga Fracture And Accident Centre,Hospital,Heat,77.11452374177226,100.0,0.0,0.0,0.0,Critical
HOS_71,Sujata Medicare (Sujata Gyanaecology Clinic),Hospital,Flood,68.89998601483578,100.0,0.0,0.0,0.0,High
HOS_71,Sujata Medicare (Sujata Gyanaecology Clinic),Hospital,Geomagnetic,68.89998601483578,100.0,0.0,0.0,0.0,High
HOS_71,Sujata Medicare (Sujata Gyanaecology Clinic),Hospital,Heat,68.89998601483578,100.0,0.0,0.0,0.0,High
HOS_710,Navjeevan Urology and Stone Care Centre,Hospital,Flood,70.28235290095608,100.0,0.0,0.0,0.0,High
HOS_710,Navjeevan Urology and Stone Care Centre,Hospital,Geomagnetic,70.28235290095608,100.0,0.0,0.0,0.0,High
HOS_710,Navjeevan Urology and Stone Care Centre,Hospital,Heat,70.28235290095608,100.0,0.0,0.0,0.0,High
HOS_711,Navneet Hi-Tech,Hospital,Flood,77.11452374177226,100.0,0.0,0.0,0.0,Critical
HOS_711,Navneet Hi-Tech,Hospital,Geomagnetic,77.11452374177226,100.0,0.0,0.0,0.0,Critical
HOS_711,Navneet Hi-Tech,Hospital,Heat,77.11452374177226,100.0,0.0,0.0,0.0,Critical
HOS_712,Rohit Nursing Home - Dahisar,Hospital,Flood,76.8132744330238,100.0,0.0,0.0,0.0,Critical
HOS_712,Rohit Nursing Home - Dahisar,Hospital,Geomagnetic,76.8132744330238,100.0,0.0,0.0,0.0,Critical
HOS_712,Rohit Nursing Home - Dahisar,Hospital,Heat,76.8132744330238,100.0,0.0,0.0,0.0,Critical
HOS_713,Sanghavi Eye and Diabetes Care Center,Hospital,Flood,77.11452374177226,100.0,0.0,0.0,0.0,Critical
HOS_713,Sanghavi Eye and Diabetes Care Center,Hospital,Geomagnetic,77.11452374177226,100.0,0.0,0.0,0.0,Critical
HOS_713,Sanghavi Eye and Diabetes Care Center,Hospital,Heat,77.11452374177226,100.0,0.0,0.0,0.0,Critical
HOS_714,Sanjivani Hospital,Hospital,Flood,74.16247797412278,100.0,0.0,0.0,0.0,High
HOS_714,Sanjivani Hospital,Hospital,Geomagnetic,74.16247797412278,100.0,0.0,0.0,0.0,High
HOS_714,Sanjivani Hospital,Hospital,Heat,74.16247797412278,100.0,0.0,0.0,0.0,High
HOS_715,Shri K.V.O.Jain Manav Seva Kendra Navneet High -Te,Hospital,Flood,76.83959335132049,100.0,0.0,0.0,0.0,Critical
HOS_715,Shri K.V.O.Jain Manav Seva Kendra Navneet High -Te,Hospital,Geomagnetic,76.83959335132049,100.0,0.0,0.0,0.0,Critical
HOS_715,Shri K.V.O.Jain Manav Seva Kendra Navneet High -Te,Hospital,Heat,76.83959335132049,100.0,0.0,0.0,0.0,Critical
HOS_716,Sukhsagar Hospital,Hospital,Flood,76.93323293516242,100.0,0.0,0.0,0.0,Critical
HOS_716,Sukhsagar Hospital,Hospital,Geomagnetic,76.93323293516242,100.0,0.0,0.0,0.0,Critical
HOS_716,Sukhsagar Hospital,Hospital,Heat,76.93323293516242,100.0,0.0,0.0,0.0,Critical
HOS_717,Total Woman Medical Centre - Dahisar,Hospital,Flood,76.61936593866585,100.0,0.0,0.0,0.0,Critical
HOS_717,Total Woman Medical Centre - Dahisar,Hospital,Geomagnetic,76.61936593866585,100.0,0.0,0.0,0.0,Critical
HOS_717,Total Woman Medical Centre - Dahisar,Hospital,Heat,76.61936593866585,100.0,0.0,0.0,0.0,Critical
HOS_718,Vdurga Fracture And Accident Centre,Hospital,Flood,77.11452374177226,100.0,0.0,0.0,0.0,Critical
HOS_718,Vdurga Fracture And Accident Centre,Hospital,Geomagnetic,77.11452374177226,100.0,0.0,0.0,0.0,Critical
HOS_718,Vdurga Fracture And Accident Centre,Hospital,Heat,77.11452374177226,100.0,0.0,0.0,0.0,Critical
HOS_719,Vijay Polyclinic and Care Centre,Hospital,Flood,77.11452374177226,100.0,0.0,0.0,0.0,Critical
HOS_719,Vijay Polyclinic and Care Centre,Hospital,Geomagnetic,77.11452374177226,100.0,0.0,0.0,0.0,Critical
HOS_719,Vijay Polyclinic and Care Centre,Hospital,Heat,77.11452374177226,100.0,0.0,0.0,0.0,Critical
HOS_72,Zaveri Eye Clinic,Hospital,Flood,81.02308773704517,100.0,0.0,0.0,0.0,Critical
HOS_72,Zaveri Eye Clinic,Hospital,Geomagnetic,81.02308773704517,100.0,0.0,0.0,0.0,Critical
HOS_72,Zaveri Eye Clinic,Hospital,Heat,81.02308773704517,100.0,0.0,0.0,0.0,Critical
HOS_720,Vishwanath Hospital,Hospital,Flood,76.56296697034354,100.0,0.0,0.0,0.0,Critical
HOS_720,Vishwanath Hospital,Hospital,Geomagnetic,76.56296697034354,100.0,0.0,0.0,0.0,Critical
HOS_720,Vishwanath Hospital,Hospital,Heat,76.56296697034354,100.0,0.0,0.0,0.0,Critical
HOS_721,Amardeep Nursing Home,Hospital,Flood,74.16247797412278,100.0,0.0,0.0,0.0,High
HOS_721,Amardeep Nursing Home,Hospital,Geomagnetic,74.16247797412278,100.0,0.0,0.0,0.0,High
HOS_721,Amardeep Nursing Home,Hospital,Heat,74.16247797412278,100.0,0.0,0.0,0.0,High
HOS_722,Carewell Nursing Home,Hospital,Flood,68.32074016771766,100.0,0.0,0.0,0.0,High
HOS_722,Carewell Nursing Home,Hospital,Geomagnetic,68.32074016771766,100.0,0.0,0.0,0.0,High
HOS_722,Carewell Nursing Home,Hospital,Heat,68.32074016771766,100.0,0.0,0.0,0.0,High
HOS_723,Dr. M.C.Desai Eye Clinic and Microsurgury Eye Centre,Hospital,Flood,69.26107428607561,100.0,0.0,0.0,0.0,High
HOS_723,Dr. M.C.Desai Eye Clinic and Microsurgury Eye Centre,Hospital,Geomagnetic,69.26107428607561,100.0,0.0,0.0,0.0,High
HOS_723,Dr. M.C.Desai Eye Clinic and Microsurgury Eye Centre,Hospital,Heat,69.26107428607561,100.0,0.0,0.0,0.0,High
HOS_724,E N T Clinic and Deafness Center,Hospital,Flood,68.46748011945414,100.0,0.0,0.0,0.0,High
HOS_724,E N T Clinic and Deafness Center,Hospital,Geomagnetic,68.46748011945414,100.0,0.0,0.0,0.0,High
HOS_724,E N T Clinic and Deafness Center,Hospital,Heat,68.46748011945414,100.0,0.0,0.0,0.0,High
HOS_725,Jain Nursing Home,Hospital,Flood,68.42626933750475,100.0,0.0,0.0,0.0,High
HOS_725,Jain Nursing Home,Hospital,Geomagnetic,68.42626933750475,100.0,0.0,0.0,0.0,High
HOS_725,Jain Nursing Home,Hospital,Heat,68.42626933750475,100.0,0.0,0.0,0.0,High
HOS_726,Kripa Eye Clinic,Hospital,Flood,67.76393444934892,100.0,0.0,0.0,0.0,High
HOS_726,Kripa Eye Clinic,Hospital,Geomagnetic,67.76393444934892,100.0,0.0,0.0,0.0,High
HOS_726,Kripa Eye Clinic,Hospital,Heat,67.76393444934892,100.0,0.0,0.0,0.0,High
HOS_727,Laxmi Mirat Eye Clinic And Day Care Centre,Hospital,Flood,67.71022158121387,100.0,0.0,0.0,0.0,High
HOS_727,Laxmi Mirat Eye Clinic And Day Care Centre,Hospital,Geomagnetic,67.71022158121387,100.0,0.0,0.0,0.0,High
HOS_727,Laxmi Mirat Eye Clinic And Day Care Centre,Hospital,Heat,67.71022158121387,100.0,0.0,0.0,0.0,High
HOS_728,M.M.Hospital,Hospital,Flood,76.08861192592173,100.0,0.0,0.0,0.0,Critical
HOS_728,M.M.Hospital,Hospital,Geomagnetic,76.08861192592173,100.0,0.0,0.0,0.0,Critical
HOS_728,M.M.Hospital,Hospital,Heat,76.08861192592173,100.0,0.0,0.0,0.0,Critical
HOS_729,Mahesh Hospital,Hospital,Flood,74.16247797412278,100.0,0.0,0.0,0.0,High
HOS_729,Mahesh Hospital,Hospital,Geomagnetic,74.16247797412278,100.0,0.0,0.0,0.0,High
HOS_729,Mahesh Hospital,Hospital,Heat,74.16247797412278,100.0,0.0,0.0,0.0,High
HOS_73,Kataria Eye Clinic,Hospital,Flood,79.35740509788637,100.0,0.0,0.0,0.0,Critical
HOS_73,Kataria Eye Clinic,Hospital,Geomagnetic,79.35740509788637,100.0,0.0,0.0,0.0,Critical
HOS_73,Kataria Eye Clinic,Hospital,Heat,79.35740509788637,100.0,0.0,0.0,0.0,Critical
HOS_730,Mangala Nursing Home,Hospital,Flood,68.46748011945414,100.0,0.0,0.0,0.0,High
HOS_730,Mangala Nursing Home,Hospital,Geomagnetic,68.46748011945414,100.0,0.0,0.0,0.0,High
HOS_730,Mangala Nursing Home,Hospital,Heat,68.46748011945414,100.0,0.0,0.0,0.0,High
HOS_731,"Parvish Nursing Home Pvt Ltd, Mumbai",Hospital,Flood,74.16247797412278,100.0,0.0,0.0,0.0,High
HOS_731,"Parvish Nursing Home Pvt Ltd, Mumbai",Hospital,Geomagnetic,74.16247797412278,100.0,0.0,0.0,0.0,High
HOS_731,"Parvish Nursing Home Pvt Ltd, Mumbai",Hospital,Heat,74.16247797412278,100.0,0.0,0.0,0.0,High
HOS_732,Patel Nursing Home  Andheri (E),Hospital,Flood,68.46748011945414,100.0,0.0,0.0,0.0,High
HOS_732,Patel Nursing Home  Andheri (E),Hospital,Geomagnetic,68.46748011945414,100.0,0.0,0.0,0.0,High
HOS_732,Patel Nursing Home  Andheri (E),Hospital,Heat,68.46748011945414,100.0,0.0,0.0,0.0,High
HOS_733,Raj Nursing Home,Hospital,Flood,74.16247797412278,100.0,0.0,0.0,0.0,High
HOS_733,Raj Nursing Home,Hospital,Geomagnetic,74.16247797412278,100.0,0.0,0.0,0.0,High
HOS_733,Raj Nursing Home,Hospital,Heat,74.16247797412278,100.0,0.0,0.0,0.0,High
HOS_734,Sadanand Danait Hospital,Hospital,Flood,68.42104316342396,100.0,0.0,0.0,0.0,High
HOS_734,Sadanand Danait Hospital,Hospital,Geomagnetic,68.42104316342396,100.0,0.0,0.0,0.0,High
HOS_734,Sadanand Danait Hospital,Hospital,Heat,68.42104316342396,100.0,0.0,0.0,0.0,High
HOS_735,Saheli Clinic,Hospital,Flood,68.46748011945414,100.0,0.0,0.0,0.0,High
HOS_735,Saheli Clinic,Hospital,Geomagnetic,68.46748011945414,100.0,0.0,0.0,0.0,High
HOS_735,Saheli Clinic,Hospital,Heat,68.46748011945414,100.0,0.0,0.0,0.0,High
HOS_736,Sanjeevani Hospital,Hospital,Flood,67.81294777620377,100.0,0.0,0.0,0.0,High
HOS_736,Sanjeevani Hospital,Hospital,Geomagnetic,67.81294777620377,100.0,0.0,0.0,0.0,High
HOS_736,Sanjeevani Hospital,Hospital,Heat,67.81294777620377,100.0,0.0,0.0,0.0,High
HOS_737,Satyam Hospital,Hospital,Flood,74.16247797412278,100.0,0.0,0.0,0.0,High
HOS_737,Satyam Hospital,Hospital,Geomagnetic,74.16247797412278,100.0,0.0,0.0,0.0,High
HOS_737,Satyam Hospital,Hospital,Heat,74.16247797412278,100.0,0.0,0.0,0.0,High
HOS_738,Shakuntala Memorial Surgical Childerns and General Hospital,Hospital,Flood,69.08041793174735,100.0,0.0,0.0,0.0,High
HOS_738,Shakuntala Memorial Surgical Childerns and General Hospital,Hospital,Geomagnetic,69.08041793174735,100.0,0.0,0.0,0.0,High
HOS_738,Shakuntala Memorial Surgical Childerns and General Hospital,Hospital,Heat,69.08041793174735,100.0,0.0,0.0,0.0,High
HOS_739,Tripura Nursing Home,Hospital,Flood,68.46748011945414,100.0,0.0,0.0,0.0,High
HOS_739,Tripura Nursing Home,Hospital,Geomagnetic,68.46748011945414,100.0,0.0,0.0,0.0,High
HOS_739,Tripura Nursing Home,Hospital,Heat,68.46748011945414,100.0,0.0,0.0,0.0,High
HOS_74,St. Elizabeth's Hospital,Hospital,Flood,74.16247797412278,100.0,0.0,0.0,0.0,High
HOS_74,St. Elizabeth's Hospital,Hospital,Geomagnetic,74.16247797412278,100.0,0.0,0.0,0.0,High
HOS_74,St. Elizabeth's Hospital,Hospital,Heat,74.16247797412278,100.0,0.0,0.0,0.0,High
HOS_740,City Hospital And Reserch Centre,Hospital,Flood,68.21599229954478,100.0,0.0,0.0,0.0,High
HOS_740,City Hospital And Reserch Centre,Hospital,Geomagnetic,68.21599229954478,100.0,0.0,0.0,0.0,High
HOS_740,City Hospital And Reserch Centre,Hospital,Heat,68.21599229954478,100.0,0.0,0.0,0.0,High
HOS_741,Dr .Desais Nursing Home,Hospital,Flood,69.62101651304671,100.0,0.0,0.0,0.0,High
HOS_741,Dr .Desais Nursing Home,Hospital,Geomagnetic,69.62101651304671,100.0,0.0,0.0,0.0,High
HOS_741,Dr .Desais Nursing Home,Hospital,Heat,69.62101651304671,100.0,0.0,0.0,0.0,High
HOS_742,Dr A Tungekars Hospital (Uran),Hospital,Flood,83.68009037464122,100.0,0.0,0.0,0.0,Critical
HOS_742,Dr A Tungekars Hospital (Uran),Hospital,Geomagnetic,83.68009037464122,100.0,0.0,0.0,0.0,Critical
HOS_742,Dr A Tungekars Hospital (Uran),Hospital,Heat,83.68009037464122,100.0,0.0,0.0,0.0,Critical
HOS_743,Dr Patvas Sushila Hospital Icu and Maternity,Hospital,Flood,74.16247797412278,100.0,0.0,0.0,0.0,High
HOS_743,Dr Patvas Sushila Hospital Icu and Maternity,Hospital,Geomagnetic,74.16247797412278,100.0,0.0,0.0,0.0,High
HOS_743,Dr Patvas Sushila Hospital Icu and Maternity,Hospital,Heat,74.16247797412278,100.0,0.0,0.0,0.0,High
HOS_744,Dr Shehnaz Shaikh Clinic,Hospital,Flood,68.77163747062856,100.0,0.0,0.0,0.0,High
HOS_744,Dr Shehnaz Shaikh Clinic,Hospital,Geomagnetic,68.77163747062856,100.0,0.0,0.0,0.0,High
HOS_744,Dr Shehnaz Shaikh Clinic,Hospital,Heat,68.77163747062856,100.0,0.0,0.0,0.0,High
HOS_745,Fauziya Hospital,Hospital,Flood,74.16247797412278,100.0,0.0,0.0,0.0,High
HOS_745,Fauziya Hospital,Hospital,Geomagnetic,74.16247797412278,100.0,0.0,0.0,0.0,High
HOS_745,Fauziya Hospital,Hospital,Heat,74.16247797412278,100.0,0.0,0.0,0.0,High
HOS_746,Hamidani Laser Vision Centre,Hospital,Flood,68.77163747062856,100.0,0.0,0.0,0.0,High
HOS_746,Hamidani Laser Vision Centre,Hospital,Geomagnetic,68.77163747062856,100.0,0.0,0.0,0.0,High
HOS_746,Hamidani Laser Vision Centre,Hospital,Heat,68.77163747062856,100.0,0.0,0.0,0.0,High
HOS_747,Kohinoor Hospital,Hospital,Flood,69.91897297309579,100.0,0.0,0.0,0.0,High
HOS_747,Kohinoor Hospital,Hospital,Geomagnetic,69.91897297309579,100.0,0.0,0.0,0.0,High
HOS_747,Kohinoor Hospital,Hospital,Heat,69.91897297309579,100.0,0.0,0.0,0.0,High
HOS_748,Neelam Nursing Home and Iccu,Hospital,Flood,74.16247797412278,100.0,0.0,0.0,0.0,High
HOS_748,Neelam Nursing Home and Iccu,Hospital,Geomagnetic,74.16247797412278,100.0,0.0,0.0,0.0,High
HOS_748,Neelam Nursing Home and Iccu,Hospital,Heat,74.16247797412278,100.0,0.0,0.0,0.0,High
HOS_749,Royal Nursing Home,Hospital,Flood,74.16247797412278,100.0,0.0,0.0,0.0,High
HOS_749,Royal Nursing Home,Hospital,Geomagnetic,74.16247797412278,100.0,0.0,0.0,0.0,High
HOS_749,Royal Nursing Home,Hospital,Heat,74.16247797412278,100.0,0.0,0.0,0.0,High
HOS_75,Aayush Eye Clinic,Hospital,Flood,71.2294469894269,100.0,0.0,0.0,0.0,High
HOS_75,Aayush Eye Clinic,Hospital,Geomagnetic,71.2294469894269,100.0,0.0,0.0,0.0,High
HOS_75,Aayush Eye Clinic,Hospital,Heat,71.2294469894269,100.0,0.0,0.0,0.0,High
HOS_750,Sharada Nursing Home.,Hospital,Flood,74.16247797412278,100.0,0.0,0.0,0.0,High
HOS_750,Sharada Nursing Home.,Hospital,Geomagnetic,74.16247797412278,100.0,0.0,0.0,0.0,High
HOS_750,Sharada Nursing Home.,Hospital,Heat,74.16247797412278,100.0,0.0,0.0,0.0,High
HOS_751,Shrushti Clinic and Microsurgery Centre,Hospital,Flood,68.20199255607885,100.0,0.0,0.0,0.0,High
HOS_751,Shrushti Clinic and Microsurgery Centre,Hospital,Geomagnetic,68.20199255607885,100.0,0.0,0.0,0.0,High
HOS_751,Shrushti Clinic and Microsurgery Centre,Hospital,Heat,68.20199255607885,100.0,0.0,0.0,0.0,High
HOS_752,Sunder Childrens Nursing Home,Hospital,Flood,68.77163747062856,100.0,0.0,0.0,0.0,High
HOS_752,Sunder Childrens Nursing Home,Hospital,Geomagnetic,68.77163747062856,100.0,0.0,0.0,0.0,High
HOS_752,Sunder Childrens Nursing Home,Hospital,Heat,68.77163747062856,100.0,0.0,0.0,0.0,High
HOS_753,Suraj Clinic,Hospital,Flood,74.16247797412278,100.0,0.0,0.0,0.0,High
HOS_753,Suraj Clinic,Hospital,Geomagnetic,74.16247797412278,100.0,0.0,0.0,0.0,High
HOS_753,Suraj Clinic,Hospital,Heat,74.16247797412278,100.0,0.0,0.0,0.0,High
HOS_754,Sushila Hospital-Icu and Maternity,Hospital,Flood,74.16247797412278,100.0,0.0,0.0,0.0,High
HOS_754,Sushila Hospital-Icu and Maternity,Hospital,Geomagnetic,74.16247797412278,100.0,0.0,0.0,0.0,High
HOS_754,Sushila Hospital-Icu and Maternity,Hospital,Heat,74.16247797412278,100.0,0.0,0.0,0.0,High
HOS_755,V Care Hospital and Icu,Hospital,Flood,74.16247797412278,100.0,0.0,0.0,0.0,High
HOS_755,V Care Hospital and Icu,Hospital,Geomagnetic,74.16247797412278,100.0,0.0,0.0,0.0,High
HOS_755,V Care Hospital and Icu,Hospital,Heat,74.16247797412278,100.0,0.0,0.0,0.0,High
HOS_756,Well Care Nursing Home,Hospital,Flood,74.16247797412278,100.0,0.0,0.0,0.0,High
HOS_756,Well Care Nursing Home,Hospital,Geomagnetic,74.16247797412278,100.0,0.0,0.0,0.0,High
HOS_756,Well Care Nursing Home,Hospital,Heat,74.16247797412278,100.0,0.0,0.0,0.0,High
HOS_757,Aditya Health Care,Hospital,Flood,72.69628073127905,100.0,0.0,0.0,0.0,High
HOS_757,Aditya Health Care,Hospital,Geomagnetic,72.69628073127905,100.0,0.0,0.0,0.0,High
HOS_757,Aditya Health Care,Hospital,Heat,72.69628073127905,100.0,0.0,0.0,0.0,High
HOS_758,Ashirwad Hospital and Polyclinic,Hospital,Flood,73.00743657474521,100.0,0.0,0.0,0.0,High
HOS_758,Ashirwad Hospital and Polyclinic,Hospital,Geomagnetic,73.00743657474521,100.0,0.0,0.0,0.0,High
HOS_758,Ashirwad Hospital and Polyclinic,Hospital,Heat,73.00743657474521,100.0,0.0,0.0,0.0,High
HOS_759,Bhatti Eye Clinic,Hospital,Flood,73.61337770637665,100.0,0.0,0.0,0.0,High
HOS_759,Bhatti Eye Clinic,Hospital,Geomagnetic,73.61337770637665,100.0,0.0,0.0,0.0,High
HOS_759,Bhatti Eye Clinic,Hospital,Heat,73.61337770637665,100.0,0.0,0.0,0.0,High
HOS_76,Bombay City Eye Institute and Research Center,Hospital,Flood,80.33691811602468,100.0,0.0,0.0,0.0,Critical
HOS_76,Bombay City Eye Institute and Research Center,Hospital,Geomagnetic,80.33691811602468,100.0,0.0,0.0,0.0,Critical
HOS_76,Bombay City Eye Institute and Research Center,Hospital,Heat,80.33691811602468,100.0,0.0,0.0,0.0,Critical
HOS_760,Day Care Eye Clinic(Dr.S.V.Sharma Eye Clini),Hospital,Flood,68.44557430768344,100.0,0.0,0.0,0.0,High
HOS_760,Day Care Eye Clinic(Dr.S.V.Sharma Eye Clini),Hospital,Geomagnetic,68.44557430768344,100.0,0.0,0.0,0.0,High
HOS_760,Day Care Eye Clinic(Dr.S.V.Sharma Eye Clini),Hospital,Heat,68.44557430768344,100.0,0.0,0.0,0.0,High
HOS_761,Daycare Angels,Hospital,Flood,70.6059008521143,100.0,0.0,0.0,0.0,High
HOS_761,Daycare Angels,Hospital,Geomagnetic,70.6059008521143,100.0,0.0,0.0,0.0,High
HOS_761,Daycare Angels,Hospital,Heat,70.6059008521143,100.0,0.0,0.0,0.0,High
HOS_762,Diamond Polyclinic and Nursing Home,Hospital,Flood,72.69628073127905,100.0,0.0,0.0,0.0,High
HOS_762,Diamond Polyclinic and Nursing Home,Hospital,Geomagnetic,72.69628073127905,100.0,0.0,0.0,0.0,High
HOS_762,Diamond Polyclinic and Nursing Home,Hospital,Heat,72.69628073127905,100.0,0.0,0.0,0.0,High
HOS_763,Disha Polyclinic and Nursing Home,Hospital,Flood,72.69628073127905,100.0,0.0,0.0,0.0,High
HOS_763,Disha Polyclinic and Nursing Home,Hospital,Geomagnetic,72.69628073127905,100.0,0.0,0.0,0.0,High
HOS_763,Disha Polyclinic and Nursing Home,Hospital,Heat,72.69628073127905,100.0,0.0,0.0,0.0,High
HOS_765,Dr Kedares Maternity and General Nursing Home,Hospital,Flood,71.01961765165163,100.0,0.0,0.0,0.0,High
HOS_765,Dr Kedares Maternity and General Nursing Home,Hospital,Geomagnetic,71.01961765165163,100.0,0.0,0.0,0.0,High
HOS_765,Dr Kedares Maternity and General Nursing Home,Hospital,Heat,71.01961765165163,100.0,0.0,0.0,0.0,High
HOS_766,Dr Mekhales Dhanvantari Hospital,Hospital,Flood,72.19274678906112,100.0,0.0,0.0,0.0,High
HOS_766,Dr Mekhales Dhanvantari Hospital,Hospital,Geomagnetic,72.19274678906112,100.0,0.0,0.0,0.0,High
HOS_766,Dr Mekhales Dhanvantari Hospital,Hospital,Heat,72.19274678906112,100.0,0.0,0.0,0.0,High
HOS_767,Dr Smita Mukherjees Eye Clinic,Hospital,Flood,72.69628073127905,100.0,0.0,0.0,0.0,High
HOS_767,Dr Smita Mukherjees Eye Clinic,Hospital,Geomagnetic,72.69628073127905,100.0,0.0,0.0,0.0,High
HOS_767,Dr Smita Mukherjees Eye Clinic,Hospital,Heat,72.69628073127905,100.0,0.0,0.0,0.0,High
HOS_768,Dr Suresh C Anand Clinic,Hospital,Flood,71.1643332411512,100.0,0.0,0.0,0.0,High
HOS_768,Dr Suresh C Anand Clinic,Hospital,Geomagnetic,71.1643332411512,100.0,0.0,0.0,0.0,High
HOS_768,Dr Suresh C Anand Clinic,Hospital,Heat,71.1643332411512,100.0,0.0,0.0,0.0,High
HOS_769,Dr. Amins Clinic,Hospital,Flood,80.00542114296942,100.0,0.0,0.0,0.0,Critical
HOS_769,Dr. Amins Clinic,Hospital,Geomagnetic,80.00542114296942,100.0,0.0,0.0,0.0,Critical
HOS_769,Dr. Amins Clinic,Hospital,Heat,80.00542114296942,100.0,0.0,0.0,0.0,Critical
HOS_77,Dr Amonkar Hospital,Hospital,Flood,74.16247797412278,100.0,0.0,0.0,0.0,High
HOS_77,Dr Amonkar Hospital,Hospital,Geomagnetic,74.16247797412278,100.0,0.0,0.0,0.0,High
HOS_77,Dr Amonkar Hospital,Hospital,Heat,74.16247797412278,100.0,0.0,0.0,0.0,High
HOS_770,Dr. Das Hospital - Chembur (Mumbai),Hospital,Flood,72.69628073127905,100.0,0.0,0.0,0.0,High
HOS_770,Dr. Das Hospital - Chembur (Mumbai),Hospital,Geomagnetic,72.69628073127905,100.0,0.0,0.0,0.0,High
HOS_770,Dr. Das Hospital - Chembur (Mumbai),Hospital,Heat,72.69628073127905,100.0,0.0,0.0,0.0,High
HOS_771,Dr. Sanjay Sonars Laproscopy and Scopy Centre,Hospital,Flood,72.69628073127905,100.0,0.0,0.0,0.0,High
HOS_771,Dr. Sanjay Sonars Laproscopy and Scopy Centre,Hospital,Geomagnetic,72.69628073127905,100.0,0.0,0.0,0.0,High
HOS_771,Dr. Sanjay Sonars Laproscopy and Scopy Centre,Hospital,Heat,72.69628073127905,100.0,0.0,0.0,0.0,High
HOS_772,Dr. Shubha Rao,Hospital,Flood,72.69628073127905,100.0,0.0,0.0,0.0,High
HOS_772,Dr. Shubha Rao,Hospital,Geomagnetic,72.69628073127905,100.0,0.0,0.0,0.0,High
HOS_772,Dr. Shubha Rao,Hospital,Heat,72.69628073127905,100.0,0.0,0.0,0.0,High
HOS_773,Excel Urology Centre,Hospital,Flood,72.69628073127905,100.0,0.0,0.0,0.0,High
HOS_773,Excel Urology Centre,Hospital,Geomagnetic,72.69628073127905,100.0,0.0,0.0,0.0,High
HOS_773,Excel Urology Centre,Hospital,Heat,72.69628073127905,100.0,0.0,0.0,0.0,High
HOS_774,Hegde Hospital Surgical and Maternity Nursing Home,Hospital,Flood,72.69628073127905,100.0,0.0,0.0,0.0,High
HOS_774,Hegde Hospital Surgical and Maternity Nursing Home,Hospital,Geomagnetic,72.69628073127905,100.0,0.0,0.0,0.0,High
HOS_774,Hegde Hospital Surgical and Maternity Nursing Home,Hospital,Heat,72.69628073127905,100.0,0.0,0.0,0.0,High
HOS_775,Icon Hospital and Research Centre,Hospital,Flood,72.69628073127905,100.0,0.0,0.0,0.0,High
HOS_775,Icon Hospital and Research Centre,Hospital,Geomagnetic,72.69628073127905,100.0,0.0,0.0,0.0,High
HOS_775,Icon Hospital and Research Centre,Hospital,Heat,72.69628073127905,100.0,0.0,0.0,0.0,High
HOS_776,Joy Hospital Pvt. Ltd.,Hospital,Flood,74.16247797412278,100.0,0.0,0.0,0.0,High
HOS_776,Joy Hospital Pvt. Ltd.,Hospital,Geomagnetic,74.16247797412278,100.0,0.0,0.0,0.0,High
HOS_776,Joy Hospital Pvt. Ltd.,Hospital,Heat,74.16247797412278,100.0,0.0,0.0,0.0,High
HOS_777,Kamran Nursing Home,Hospital,Flood,75.80209216832228,100.0,0.0,0.0,0.0,Critical
HOS_777,Kamran Nursing Home,Hospital,Geomagnetic,75.80209216832228,100.0,0.0,0.0,0.0,Critical
HOS_777,Kamran Nursing Home,Hospital,Heat,75.80209216832228,100.0,0.0,0.0,0.0,Critical
HOS_778,Kolekar Nursing Home,Hospital,Flood,71.93030163147112,100.0,0.0,0.0,0.0,High
HOS_778,Kolekar Nursing Home,Hospital,Geomagnetic,71.93030163147112,100.0,0.0,0.0,0.0,High
HOS_778,Kolekar Nursing Home,Hospital,Heat,71.93030163147112,100.0,0.0,0.0,0.0,High
HOS_779,L.C.Maneks Polyclinic and Nursing Home,Hospital,Flood,74.16247797412278,100.0,0.0,0.0,0.0,High
HOS_779,L.C.Maneks Polyclinic and Nursing Home,Hospital,Geomagnetic,74.16247797412278,100.0,0.0,0.0,0.0,High
HOS_779,L.C.Maneks Polyclinic and Nursing Home,Hospital,Heat,74.16247797412278,100.0,0.0,0.0,0.0,High
HOS_78,Dr Galas Nursing Home,Hospital,Flood,79.0575260425056,100.0,0.0,0.0,0.0,Critical
HOS_78,Dr Galas Nursing Home,Hospital,Geomagnetic,79.0575260425056,100.0,0.0,0.0,0.0,Critical
HOS_78,Dr Galas Nursing Home,Hospital,Heat,79.0575260425056,100.0,0.0,0.0,0.0,Critical
HOS_780,Laproscopy and Scopy Center,Hospital,Flood,72.69628073127905,100.0,0.0,0.0,0.0,High
HOS_780,Laproscopy and Scopy Center,Hospital,Geomagnetic,72.69628073127905,100.0,0.0,0.0,0.0,High
HOS_780,Laproscopy and Scopy Center,Hospital,Heat,72.69628073127905,100.0,0.0,0.0,0.0,High
HOS_781,Laxmi Maternity Home,Hospital,Flood,72.69628073127905,100.0,0.0,0.0,0.0,High
HOS_781,Laxmi Maternity Home,Hospital,Geomagnetic,72.69628073127905,100.0,0.0,0.0,0.0,High
HOS_781,Laxmi Maternity Home,Hospital,Heat,72.69628073127905,100.0,0.0,0.0,0.0,High
HOS_782,Lc Manek's Polyclinic And Nursing Home,Hospital,Flood,72.69628073127905,100.0,0.0,0.0,0.0,High
HOS_782,Lc Manek's Polyclinic And Nursing Home,Hospital,Geomagnetic,72.69628073127905,100.0,0.0,0.0,0.0,High
HOS_782,Lc Manek's Polyclinic And Nursing Home,Hospital,Heat,72.69628073127905,100.0,0.0,0.0,0.0,High
HOS_783,Lion Vithal Kalgutkar Medical Centre,Hospital,Flood,72.69628073127905,100.0,0.0,0.0,0.0,High
HOS_783,Lion Vithal Kalgutkar Medical Centre,Hospital,Geomagnetic,72.69628073127905,100.0,0.0,0.0,0.0,High
HOS_783,Lion Vithal Kalgutkar Medical Centre,Hospital,Heat,72.69628073127905,100.0,0.0,0.0,0.0,High
HOS_784,Mandakini Nuclear Imaging Centre,Hospital,Flood,70.6059008521143,100.0,0.0,0.0,0.0,High
HOS_784,Mandakini Nuclear Imaging Centre,Hospital,Geomagnetic,70.6059008521143,100.0,0.0,0.0,0.0,High
HOS_784,Mandakini Nuclear Imaging Centre,Hospital,Heat,70.6059008521143,100.0,0.0,0.0,0.0,High
HOS_785,Mangal Anand Hospital,Hospital,Flood,71.33076818226007,100.0,0.0,0.0,0.0,High
HOS_785,Mangal Anand Hospital,Hospital,Geomagnetic,71.33076818226007,100.0,0.0,0.0,0.0,High
HOS_785,Mangal Anand Hospital,Hospital,Heat,71.33076818226007,100.0,0.0,0.0,0.0,High
HOS_786,Narurkar Ent Hospital,Hospital,Flood,72.11201938284894,100.0,0.0,0.0,0.0,High
HOS_786,Narurkar Ent Hospital,Hospital,Geomagnetic,72.11201938284894,100.0,0.0,0.0,0.0,High
HOS_786,Narurkar Ent Hospital,Hospital,Heat,72.11201938284894,100.0,0.0,0.0,0.0,High
HOS_787,Navnit Clinic (Dr. Parihar Eye and Ent,Hospital,Flood,72.69628073127905,100.0,0.0,0.0,0.0,High
HOS_787,Navnit Clinic (Dr. Parihar Eye and Ent,Hospital,Geomagnetic,72.69628073127905,100.0,0.0,0.0,0.0,High
HOS_787,Navnit Clinic (Dr. Parihar Eye and Ent,Hospital,Heat,72.69628073127905,100.0,0.0,0.0,0.0,High
HOS_788,Neurogen Brain And Spine Institute,Hospital,Flood,70.27832463653228,100.0,0.0,0.0,0.0,High
HOS_788,Neurogen Brain And Spine Institute,Hospital,Geomagnetic,70.27832463653228,100.0,0.0,0.0,0.0,High
HOS_788,Neurogen Brain And Spine Institute,Hospital,Heat,70.27832463653228,100.0,0.0,0.0,0.0,High
HOS_789,Niramaya General Hospital,Hospital,Flood,72.69628073127905,100.0,0.0,0.0,0.0,High
HOS_789,Niramaya General Hospital,Hospital,Geomagnetic,72.69628073127905,100.0,0.0,0.0,0.0,High
HOS_789,Niramaya General Hospital,Hospital,Heat,72.69628073127905,100.0,0.0,0.0,0.0,High
HOS_79,Dr Turners S Speciality Dental Centre,Hospital,Flood,68.20199255607885,100.0,0.0,0.0,0.0,High
HOS_79,Dr Turners S Speciality Dental Centre,Hospital,Geomagnetic,68.20199255607885,100.0,0.0,0.0,0.0,High
HOS_79,Dr Turners S Speciality Dental Centre,Hospital,Heat,68.20199255607885,100.0,0.0,0.0,0.0,High
HOS_791,Patankar Hand and Limb Reconstruction Clinic,Hospital,Flood,72.69628073127905,100.0,0.0,0.0,0.0,High
HOS_791,Patankar Hand and Limb Reconstruction Clinic,Hospital,Geomagnetic,72.69628073127905,100.0,0.0,0.0,0.0,High
HOS_791,Patankar Hand and Limb Reconstruction Clinic,Hospital,Heat,72.69628073127905,100.0,0.0,0.0,0.0,High
HOS_792,Rushabh Nursing Home and Eye Hospital,Hospital,Flood,71.25729737321731,100.0,0.0,0.0,0.0,High
HOS_792,Rushabh Nursing Home and Eye Hospital,Hospital,Geomagnetic,71.25729737321731,100.0,0.0,0.0,0.0,High
HOS_792,Rushabh Nursing Home and Eye Hospital,Hospital,Heat,71.25729737321731,100.0,0.0,0.0,0.0,High
HOS_793,Sai Kripa Childrens Hospital,Hospital,Flood,78.99256652366091,100.0,0.0,0.0,0.0,Critical
HOS_793,Sai Kripa Childrens Hospital,Hospital,Geomagnetic,78.99256652366091,100.0,0.0,0.0,0.0,Critical
HOS_793,Sai Kripa Childrens Hospital,Hospital,Heat,78.99256652366091,100.0,0.0,0.0,0.0,Critical
HOS_794,Shree Chembur Jain Medical Relief Centre,Hospital,Flood,72.69628073127905,100.0,0.0,0.0,0.0,High
HOS_794,Shree Chembur Jain Medical Relief Centre,Hospital,Geomagnetic,72.69628073127905,100.0,0.0,0.0,0.0,High
HOS_794,Shree Chembur Jain Medical Relief Centre,Hospital,Heat,72.69628073127905,100.0,0.0,0.0,0.0,High
HOS_795,Sitla Hospital,Hospital,Flood,71.24030482649404,100.0,0.0,0.0,0.0,High
HOS_795,Sitla Hospital,Hospital,Geomagnetic,71.24030482649404,100.0,0.0,0.0,0.0,High
HOS_795,Sitla Hospital,Hospital,Heat,71.24030482649404,100.0,0.0,0.0,0.0,High
HOS_796,Sumitra Eye Clinic,Hospital,Flood,72.69628073127905,100.0,0.0,0.0,0.0,High
HOS_796,Sumitra Eye Clinic,Hospital,Geomagnetic,72.69628073127905,100.0,0.0,0.0,0.0,High
HOS_796,Sumitra Eye Clinic,Hospital,Heat,72.69628073127905,100.0,0.0,0.0,0.0,High
HOS_797,Sunny Childrens Hospital,Hospital,Flood,74.16247797412278,100.0,0.0,0.0,0.0,High
HOS_797,Sunny Childrens Hospital,Hospital,Geomagnetic,74.16247797412278,100.0,0.0,0.0,0.0,High
HOS_797,Sunny Childrens Hospital,Hospital,Heat,74.16247797412278,100.0,0.0,0.0,0.0,High
HOS_798,Surendra Nursing Home,Hospital,Flood,74.16247797412278,100.0,0.0,0.0,0.0,High
HOS_798,Surendra Nursing Home,Hospital,Geomagnetic,74.16247797412278,100.0,0.0,0.0,0.0,High
HOS_798,Surendra Nursing Home,Hospital,Heat,74.16247797412278,100.0,0.0,0.0,0.0,High
HOS_799,Swastik Hospital and Research Centre,Hospital,Flood,70.6059008521143,100.0,0.0,0.0,0.0,High
HOS_799,Swastik Hospital and Research Centre,Hospital,Geomagnetic,70.6059008521143,100.0,0.0,0.0,0.0,High
HOS_799,Swastik Hospital and Research Centre,Hospital,Heat,70.6059008521143,100.0,0.0,0.0,0.0,High
HOS_8,Dr Kiran Katar Clinic,Hospital,Flood,71.01813486387144,100.0,0.0,0.0,0.0,High
HOS_8,Dr Kiran Katar Clinic,Hospital,Geomagnetic,71.01813486387144,100.0,0.0,0.0,0.0,High
HOS_8,Dr Kiran Katar Clinic,Hospital,Heat,71.01813486387144,100.0,0.0,0.0,0.0,High
HOS_80,Dr. Gala's Nursing Home,Hospital,Flood,74.16247797412278,100.0,0.0,0.0,0.0,High
HOS_80,Dr. Gala's Nursing Home,Hospital,Geomagnetic,74.16247797412278,100.0,0.0,0.0,0.0,High
HOS_80,Dr. Gala's Nursing Home,Hospital,Heat,74.16247797412278,100.0,0.0,0.0,0.0,High
HOS_800,Tandon Hospital,Hospital,Flood,71.33047268936873,100.0,0.0,0.0,0.0,High
HOS_800,Tandon Hospital,Hospital,Geomagnetic,71.33047268936873,100.0,0.0,0.0,0.0,High
HOS_800,Tandon Hospital,Hospital,Heat,71.33047268936873,100.0,0.0,0.0,0.0,High
HOS_801,Varsha Gandre Parekh Maternity and Surgical Hospital,Hospital,Flood,71.3126033443704,100.0,0.0,0.0,0.0,High
HOS_801,Varsha Gandre Parekh Maternity and Surgical Hospital,Hospital,Geomagnetic,71.3126033443704,100.0,0.0,0.0,0.0,High
HOS_801,Varsha Gandre Parekh Maternity and Surgical Hospital,Hospital,Heat,71.3126033443704,100.0,0.0,0.0,0.0,High
HOS_802,Yash Eye Care And Polyclinic,Hospital,Flood,72.69628073127905,100.0,0.0,0.0,0.0,High
HOS_802,Yash Eye Care And Polyclinic,Hospital,Geomagnetic,72.69628073127905,100.0,0.0,0.0,0.0,High
HOS_802,Yash Eye Care And Polyclinic,Hospital,Heat,72.69628073127905,100.0,0.0,0.0,0.0,High
HOS_803,Abhay Nursing Home,Hospital,Flood,69.19635304629517,100.0,0.0,0.0,0.0,High
HOS_803,Abhay Nursing Home,Hospital,Geomagnetic,69.19635304629517,100.0,0.0,0.0,0.0,High
HOS_803,Abhay Nursing Home,Hospital,Heat,69.19635304629517,100.0,0.0,0.0,0.0,High
HOS_804,Ashirwad Children And Surgical Hospital,Hospital,Flood,69.27922271700723,100.0,0.0,0.0,0.0,High
HOS_804,Ashirwad Children And Surgical Hospital,Hospital,Geomagnetic,69.27922271700723,100.0,0.0,0.0,0.0,High
HOS_804,Ashirwad Children And Surgical Hospital,Hospital,Heat,69.27922271700723,100.0,0.0,0.0,0.0,High
HOS_805,Balaji Specility Hospital,Hospital,Flood,74.16247797412278,100.0,0.0,0.0,0.0,High
HOS_805,Balaji Specility Hospital,Hospital,Geomagnetic,74.16247797412278,100.0,0.0,0.0,0.0,High
HOS_805,Balaji Specility Hospital,Hospital,Heat,74.16247797412278,100.0,0.0,0.0,0.0,High
HOS_806,Dr Priyanka Nursing Pvt Ltd,Hospital,Flood,68.20199255607885,100.0,0.0,0.0,0.0,High
HOS_806,Dr Priyanka Nursing Pvt Ltd,Hospital,Geomagnetic,68.20199255607885,100.0,0.0,0.0,0.0,High
HOS_806,Dr Priyanka Nursing Pvt Ltd,Hospital,Heat,68.20199255607885,100.0,0.0,0.0,0.0,High
HOS_807,J.P Hospital,Hospital,Flood,68.61199410264516,100.0,0.0,0.0,0.0,High
HOS_807,J.P Hospital,Hospital,Geomagnetic,68.61199410264516,100.0,0.0,0.0,0.0,High
HOS_807,J.P Hospital,Hospital,Heat,68.61199410264516,100.0,0.0,0.0,0.0,High
HOS_808,S B Nursing Home and Icu,Hospital,Flood,71.16996518387431,100.0,0.0,0.0,0.0,High
HOS_808,S B Nursing Home and Icu,Hospital,Geomagnetic,71.16996518387431,100.0,0.0,0.0,0.0,High
HOS_808,S B Nursing Home and Icu,Hospital,Heat,71.16996518387431,100.0,0.0,0.0,0.0,High
HOS_809,Sindhu Maternity and Surgical Home,Hospital,Flood,74.16247797412278,100.0,0.0,0.0,0.0,High
HOS_809,Sindhu Maternity and Surgical Home,Hospital,Geomagnetic,74.16247797412278,100.0,0.0,0.0,0.0,High
HOS_809,Sindhu Maternity and Surgical Home,Hospital,Heat,74.16247797412278,100.0,0.0,0.0,0.0,High
HOS_81,Dr. Nisars Eye Care Centre,Hospital,Flood,78.47776334123961,100.0,0.0,0.0,0.0,Critical
HOS_81,Dr. Nisars Eye Care Centre,Hospital,Geomagnetic,78.47776334123961,100.0,0.0,0.0,0.0,Critical
HOS_81,Dr. Nisars Eye Care Centre,Hospital,Heat,78.47776334123961,100.0,0.0,0.0,0.0,Critical
HOS_810,Turfiya Hospital and Icu,Hospital,Flood,70.2021527007103,100.0,0.0,0.0,0.0,High
HOS_810,Turfiya Hospital and Icu,Hospital,Geomagnetic,70.2021527007103,100.0,0.0,0.0,0.0,High
HOS_810,Turfiya Hospital and Icu,Hospital,Heat,70.2021527007103,100.0,0.0,0.0,0.0,High
HOS_811,Dr. Shalini Jaisinghani Dental Surgeon - Chembur,Hospital,Flood,72.69628073127905,100.0,0.0,0.0,0.0,High
HOS_811,Dr. Shalini Jaisinghani Dental Surgeon - Chembur,Hospital,Geomagnetic,72.69628073127905,100.0,0.0,0.0,0.0,High
HOS_811,Dr. Shalini Jaisinghani Dental Surgeon - Chembur,Hospital,Heat,72.69628073127905,100.0,0.0,0.0,0.0,High
HOS_812,Dr.Bhute Nursing Home,Hospital,Flood,74.74826458093958,100.0,0.0,0.0,0.0,High
HOS_812,Dr.Bhute Nursing Home,Hospital,Geomagnetic,74.74826458093958,100.0,0.0,0.0,0.0,High
HOS_812,Dr.Bhute Nursing Home,Hospital,Heat,74.74826458093958,100.0,0.0,0.0,0.0,High
HOS_813,Inlaks General Hospital,Hospital,Flood,71.76125859951178,100.0,0.0,0.0,0.0,High
HOS_813,Inlaks General Hospital,Hospital,Geomagnetic,71.76125859951178,100.0,0.0,0.0,0.0,High
HOS_813,Inlaks General Hospital,Hospital,Heat,71.76125859951178,100.0,0.0,0.0,0.0,High
HOS_814,Nayak Medicare - Chembur,Hospital,Flood,72.69628073127905,100.0,0.0,0.0,0.0,High
HOS_814,Nayak Medicare - Chembur,Hospital,Geomagnetic,72.69628073127905,100.0,0.0,0.0,0.0,High
HOS_814,Nayak Medicare - Chembur,Hospital,Heat,72.69628073127905,100.0,0.0,0.0,0.0,High
HOS_815,Sai Baba Hospital,Hospital,Flood,74.74826458093958,100.0,0.0,0.0,0.0,High
HOS_815,Sai Baba Hospital,Hospital,Geomagnetic,74.74826458093958,100.0,0.0,0.0,0.0,High
HOS_815,Sai Baba Hospital,Hospital,Heat,74.74826458093958,100.0,0.0,0.0,0.0,High
HOS_816,Shiv Polyclinic and Nursing Home,Hospital,Flood,72.69628073127905,100.0,0.0,0.0,0.0,High
HOS_816,Shiv Polyclinic and Nursing Home,Hospital,Geomagnetic,72.69628073127905,100.0,0.0,0.0,0.0,High
HOS_816,Shiv Polyclinic and Nursing Home,Hospital,Heat,72.69628073127905,100.0,0.0,0.0,0.0,High
HOS_817,Spectrum Eye Care,Hospital,Flood,74.16247797412278,100.0,0.0,0.0,0.0,High
HOS_817,Spectrum Eye Care,Hospital,Geomagnetic,74.16247797412278,100.0,0.0,0.0,0.0,High
HOS_817,Spectrum Eye Care,Hospital,Heat,74.16247797412278,100.0,0.0,0.0,0.0,High
HOS_818,Universal Eye Clinic and Surgical Centre,Hospital,Flood,74.16247797412278,100.0,0.0,0.0,0.0,High
HOS_818,Universal Eye Clinic and Surgical Centre,Hospital,Geomagnetic,74.16247797412278,100.0,0.0,0.0,0.0,High
HOS_818,Universal Eye Clinic and Surgical Centre,Hospital,Heat,74.16247797412278,100.0,0.0,0.0,0.0,High
HOS_819,Dr. L.H. Hiranandani Hospital,Hospital,Flood,72.41127897607095,100.0,0.0,0.0,0.0,High
HOS_819,Dr. L.H. Hiranandani Hospital,Hospital,Geomagnetic,72.41127897607095,100.0,0.0,0.0,0.0,High
HOS_819,Dr. L.H. Hiranandani Hospital,Hospital,Heat,72.41127897607095,100.0,0.0,0.0,0.0,High
HOS_82,Dr.(Mrs.) Havovi S. Madon,Hospital,Flood,74.16247797412278,100.0,0.0,0.0,0.0,High
HOS_82,Dr.(Mrs.) Havovi S. Madon,Hospital,Geomagnetic,74.16247797412278,100.0,0.0,0.0,0.0,High
HOS_82,Dr.(Mrs.) Havovi S. Madon,Hospital,Heat,74.16247797412278,100.0,0.0,0.0,0.0,High
HOS_820,Padmalaya Maternity and Surgical Home,Hospital,Flood,71.16996518387431,100.0,0.0,0.0,0.0,High
HOS_820,Padmalaya Maternity and Surgical Home,Hospital,Geomagnetic,71.16996518387431,100.0,0.0,0.0,0.0,High
HOS_820,Padmalaya Maternity and Surgical Home,Hospital,Heat,71.16996518387431,100.0,0.0,0.0,0.0,High
HOS_821,Powai Polyclinic and Hospital,Hospital,Flood,72.43179670442733,100.0,0.0,0.0,0.0,High
HOS_821,Powai Polyclinic and Hospital,Hospital,Geomagnetic,72.43179670442733,100.0,0.0,0.0,0.0,High
HOS_821,Powai Polyclinic and Hospital,Hospital,Heat,72.43179670442733,100.0,0.0,0.0,0.0,High
HOS_823,Sri Sai Eye Care Centre,Hospital,Flood,71.16996518387431,100.0,0.0,0.0,0.0,High
HOS_823,Sri Sai Eye Care Centre,Hospital,Geomagnetic,71.16996518387431,100.0,0.0,0.0,0.0,High
HOS_823,Sri Sai Eye Care Centre,Hospital,Heat,71.16996518387431,100.0,0.0,0.0,0.0,High
HOS_824,Aakar Ivf-Icsi Centre,Hospital,Flood,70.57246946721315,100.0,0.0,0.0,0.0,High
HOS_824,Aakar Ivf-Icsi Centre,Hospital,Geomagnetic,70.57246946721315,100.0,0.0,0.0,0.0,High
HOS_824,Aakar Ivf-Icsi Centre,Hospital,Heat,70.57246946721315,100.0,0.0,0.0,0.0,High
HOS_825,Advanced Orthopaedic and Super Speciality Center,Hospital,Flood,70.43571470598988,100.0,0.0,0.0,0.0,High
HOS_825,Advanced Orthopaedic and Super Speciality Center,Hospital,Geomagnetic,70.43571470598988,100.0,0.0,0.0,0.0,High
HOS_825,Advanced Orthopaedic and Super Speciality Center,Hospital,Heat,70.43571470598988,100.0,0.0,0.0,0.0,High
HOS_826,Ami Drashti Eye Care Centre,Hospital,Flood,70.43571470598988,100.0,0.0,0.0,0.0,High
HOS_826,Ami Drashti Eye Care Centre,Hospital,Geomagnetic,70.43571470598988,100.0,0.0,0.0,0.0,High
HOS_826,Ami Drashti Eye Care Centre,Hospital,Heat,70.43571470598988,100.0,0.0,0.0,0.0,High
HOS_827,Asha Polyclinic and Sheetal Nursing Home,Hospital,Flood,70.43571470598988,100.0,0.0,0.0,0.0,High
HOS_827,Asha Polyclinic and Sheetal Nursing Home,Hospital,Geomagnetic,70.43571470598988,100.0,0.0,0.0,0.0,High
HOS_827,Asha Polyclinic and Sheetal Nursing Home,Hospital,Heat,70.43571470598988,100.0,0.0,0.0,0.0,High
HOS_828,Ashirwad Heart Hospital,Hospital,Flood,70.65185532599062,100.0,0.0,0.0,0.0,High
HOS_828,Ashirwad Heart Hospital,Hospital,Geomagnetic,70.65185532599062,100.0,0.0,0.0,0.0,High
HOS_828,Ashirwad Heart Hospital,Hospital,Heat,70.65185532599062,100.0,0.0,0.0,0.0,High
HOS_829,"Ashwini Maternity and Surgical Hospital,Ghatkopar(E)",Hospital,Flood,70.03850972090055,100.0,0.0,0.0,0.0,High
HOS_829,"Ashwini Maternity and Surgical Hospital,Ghatkopar(E)",Hospital,Geomagnetic,70.03850972090055,100.0,0.0,0.0,0.0,High
HOS_829,"Ashwini Maternity and Surgical Hospital,Ghatkopar(E)",Hospital,Heat,70.03850972090055,100.0,0.0,0.0,0.0,High
HOS_83,Dr.Mangeshikar Clinic,Hospital,Flood,79.5924444483795,100.0,0.0,0.0,0.0,Critical
HOS_83,Dr.Mangeshikar Clinic,Hospital,Geomagnetic,79.5924444483795,100.0,0.0,0.0,0.0,Critical
HOS_83,Dr.Mangeshikar Clinic,Hospital,Heat,79.5924444483795,100.0,0.0,0.0,0.0,Critical
HOS_830,Bakul Parekh Children's Hospital,Hospital,Flood,70.59538534577247,100.0,0.0,0.0,0.0,High
HOS_830,Bakul Parekh Children's Hospital,Hospital,Geomagnetic,70.59538534577247,100.0,0.0,0.0,0.0,High
HOS_830,Bakul Parekh Children's Hospital,Hospital,Heat,70.59538534577247,100.0,0.0,0.0,0.0,High
HOS_831,Cg Eye Foundaton and Shree Ghatkopar Brahman Samaj,Hospital,Flood,70.78888406092612,100.0,0.0,0.0,0.0,High
HOS_831,Cg Eye Foundaton and Shree Ghatkopar Brahman Samaj,Hospital,Geomagnetic,70.78888406092612,100.0,0.0,0.0,0.0,High
HOS_831,Cg Eye Foundaton and Shree Ghatkopar Brahman Samaj,Hospital,Heat,70.78888406092612,100.0,0.0,0.0,0.0,High
HOS_832,Dewang Nursing Home Pvt. Ltd.,Hospital,Flood,70.43571470598988,100.0,0.0,0.0,0.0,High
HOS_832,Dewang Nursing Home Pvt. Ltd.,Hospital,Geomagnetic,70.43571470598988,100.0,0.0,0.0,0.0,High
HOS_832,Dewang Nursing Home Pvt. Ltd.,Hospital,Heat,70.43571470598988,100.0,0.0,0.0,0.0,High
HOS_833,Dr Mehta Nursing Home,Hospital,Flood,71.09829820710246,100.0,0.0,0.0,0.0,High
HOS_833,Dr Mehta Nursing Home,Hospital,Geomagnetic,71.09829820710246,100.0,0.0,0.0,0.0,High
HOS_833,Dr Mehta Nursing Home,Hospital,Heat,71.09829820710246,100.0,0.0,0.0,0.0,High
HOS_834,Dr Walavalkars Nursing Home,Hospital,Flood,70.43571470598988,100.0,0.0,0.0,0.0,High
HOS_834,Dr Walavalkars Nursing Home,Hospital,Geomagnetic,70.43571470598988,100.0,0.0,0.0,0.0,High
HOS_834,Dr Walavalkars Nursing Home,Hospital,Heat,70.43571470598988,100.0,0.0,0.0,0.0,High
HOS_835,Dr. Dipak Desai's Ear Nose And Throat Hospital,Hospital,Flood,70.54538623764581,100.0,0.0,0.0,0.0,High
HOS_835,Dr. Dipak Desai's Ear Nose And Throat Hospital,Hospital,Geomagnetic,70.54538623764581,100.0,0.0,0.0,0.0,High
HOS_835,Dr. Dipak Desai's Ear Nose And Throat Hospital,Hospital,Heat,70.54538623764581,100.0,0.0,0.0,0.0,High
HOS_836,Dr. Prakash Doshis Fracture and Orthopaedic Nursing Home - Ghatkopar,Hospital,Flood,70.43571470598988,100.0,0.0,0.0,0.0,High
HOS_836,Dr. Prakash Doshis Fracture and Orthopaedic Nursing Home - Ghatkopar,Hospital,Geomagnetic,70.43571470598988,100.0,0.0,0.0,0.0,High
HOS_836,Dr. Prakash Doshis Fracture and Orthopaedic Nursing Home - Ghatkopar,Hospital,Heat,70.43571470598988,100.0,0.0,0.0,0.0,High
HOS_837,Dr. Walawalkars Nursing Home,Hospital,Flood,70.43571470598988,100.0,0.0,0.0,0.0,High
HOS_837,Dr. Walawalkars Nursing Home,Hospital,Geomagnetic,70.43571470598988,100.0,0.0,0.0,0.0,High
HOS_837,Dr. Walawalkars Nursing Home,Hospital,Heat,70.43571470598988,100.0,0.0,0.0,0.0,High
HOS_838,Dr.Amrish Mehta Diagnostic Centre,Hospital,Flood,70.57246946721315,100.0,0.0,0.0,0.0,High
HOS_838,Dr.Amrish Mehta Diagnostic Centre,Hospital,Geomagnetic,70.57246946721315,100.0,0.0,0.0,0.0,High
HOS_838,Dr.Amrish Mehta Diagnostic Centre,Hospital,Heat,70.57246946721315,100.0,0.0,0.0,0.0,High
HOS_839,Dr.Trivedi's Maternity and Nursing Home,Hospital,Flood,70.57246946721315,100.0,0.0,0.0,0.0,High
HOS_839,Dr.Trivedi's Maternity and Nursing Home,Hospital,Geomagnetic,70.57246946721315,100.0,0.0,0.0,0.0,High
HOS_839,Dr.Trivedi's Maternity and Nursing Home,Hospital,Heat,70.57246946721315,100.0,0.0,0.0,0.0,High
HOS_84,Eye-Q Vision Care,Hospital,Flood,80.07463196067334,100.0,0.0,0.0,0.0,Critical
HOS_84,Eye-Q Vision Care,Hospital,Geomagnetic,80.07463196067334,100.0,0.0,0.0,0.0,Critical
HOS_84,Eye-Q Vision Care,Hospital,Heat,80.07463196067334,100.0,0.0,0.0,0.0,Critical
HOS_840,Excel Ent Hospital,Hospital,Flood,70.43571470598988,100.0,0.0,0.0,0.0,High
HOS_840,Excel Ent Hospital,Hospital,Geomagnetic,70.43571470598988,100.0,0.0,0.0,0.0,High
HOS_840,Excel Ent Hospital,Hospital,Heat,70.43571470598988,100.0,0.0,0.0,0.0,High
HOS_841,Eye Essential Hospital,Hospital,Flood,74.16247797412278,100.0,0.0,0.0,0.0,High
HOS_841,Eye Essential Hospital,Hospital,Geomagnetic,74.16247797412278,100.0,0.0,0.0,0.0,High
HOS_841,Eye Essential Hospital,Hospital,Heat,74.16247797412278,100.0,0.0,0.0,0.0,High
HOS_842,Hiren Mehta Eye Care Centre,Hospital,Flood,70.43571470598988,100.0,0.0,0.0,0.0,High
HOS_842,Hiren Mehta Eye Care Centre,Hospital,Geomagnetic,70.43571470598988,100.0,0.0,0.0,0.0,High
HOS_842,Hiren Mehta Eye Care Centre,Hospital,Heat,70.43571470598988,100.0,0.0,0.0,0.0,High
HOS_843,Jack-N-Jill Nursing Hoe - Ghatkopar -Mumbai,Hospital,Flood,71.09829820710246,100.0,0.0,0.0,0.0,High
HOS_843,Jack-N-Jill Nursing Hoe - Ghatkopar -Mumbai,Hospital,Geomagnetic,71.09829820710246,100.0,0.0,0.0,0.0,High
HOS_843,Jack-N-Jill Nursing Hoe - Ghatkopar -Mumbai,Hospital,Heat,71.09829820710246,100.0,0.0,0.0,0.0,High
HOS_844,Jain Eye Clinic,Hospital,Flood,70.43571470598988,100.0,0.0,0.0,0.0,High
HOS_844,Jain Eye Clinic,Hospital,Geomagnetic,70.43571470598988,100.0,0.0,0.0,0.0,High
HOS_844,Jain Eye Clinic,Hospital,Heat,70.43571470598988,100.0,0.0,0.0,0.0,High
HOS_845,Kamdar Nursing Home and Polyclinic Pvt. Ltd.,Hospital,Flood,70.57246946721315,100.0,0.0,0.0,0.0,High
HOS_845,Kamdar Nursing Home and Polyclinic Pvt. Ltd.,Hospital,Geomagnetic,70.57246946721315,100.0,0.0,0.0,0.0,High
HOS_845,Kamdar Nursing Home and Polyclinic Pvt. Ltd.,Hospital,Heat,70.57246946721315,100.0,0.0,0.0,0.0,High
HOS_846,Khushal Hospital And Maternity Home,Hospital,Flood,74.16247797412278,100.0,0.0,0.0,0.0,High
HOS_846,Khushal Hospital And Maternity Home,Hospital,Geomagnetic,74.16247797412278,100.0,0.0,0.0,0.0,High
HOS_846,Khushal Hospital And Maternity Home,Hospital,Heat,74.16247797412278,100.0,0.0,0.0,0.0,High
HOS_847,L V Prasad Eye Institute Collaborating Center,Hospital,Flood,70.30814941164844,100.0,0.0,0.0,0.0,High
HOS_847,L V Prasad Eye Institute Collaborating Center,Hospital,Geomagnetic,70.30814941164844,100.0,0.0,0.0,0.0,High
HOS_847,L V Prasad Eye Institute Collaborating Center,Hospital,Heat,70.30814941164844,100.0,0.0,0.0,0.0,High
HOS_848,Lotus Ent Hospital,Hospital,Flood,70.43571470598988,100.0,0.0,0.0,0.0,High
HOS_848,Lotus Ent Hospital,Hospital,Geomagnetic,70.43571470598988,100.0,0.0,0.0,0.0,High
HOS_848,Lotus Ent Hospital,Hospital,Heat,70.43571470598988,100.0,0.0,0.0,0.0,High
HOS_849,Malati Maternity Hospital,Hospital,Flood,71.10048100004775,100.0,0.0,0.0,0.0,High
HOS_849,Malati Maternity Hospital,Hospital,Geomagnetic,71.10048100004775,100.0,0.0,0.0,0.0,High
HOS_849,Malati Maternity Hospital,Hospital,Heat,71.10048100004775,100.0,0.0,0.0,0.0,High
HOS_85,Foresight Eye Center,Hospital,Flood,74.16247797412278,100.0,0.0,0.0,0.0,High
HOS_85,Foresight Eye Center,Hospital,Geomagnetic,74.16247797412278,100.0,0.0,0.0,0.0,High
HOS_85,Foresight Eye Center,Hospital,Heat,74.16247797412278,100.0,0.0,0.0,0.0,High
HOS_850,Mandakini Ctscan Centre,Hospital,Flood,80.70077509417153,100.0,0.0,0.0,0.0,Critical
HOS_850,Mandakini Ctscan Centre,Hospital,Geomagnetic,80.70077509417153,100.0,0.0,0.0,0.0,Critical
HOS_850,Mandakini Ctscan Centre,Hospital,Heat,80.70077509417153,100.0,0.0,0.0,0.0,Critical
HOS_851,Mansu Maternity Home,Hospital,Flood,68.20199255607885,100.0,0.0,0.0,0.0,High
HOS_851,Mansu Maternity Home,Hospital,Geomagnetic,68.20199255607885,100.0,0.0,0.0,0.0,High
HOS_851,Mansu Maternity Home,Hospital,Heat,68.20199255607885,100.0,0.0,0.0,0.0,High
HOS_852,Mehta Eye Clinic Pvt Ltd,Hospital,Flood,74.16247797412278,100.0,0.0,0.0,0.0,High
HOS_852,Mehta Eye Clinic Pvt Ltd,Hospital,Geomagnetic,74.16247797412278,100.0,0.0,0.0,0.0,High
HOS_852,Mehta Eye Clinic Pvt Ltd,Hospital,Heat,74.16247797412278,100.0,0.0,0.0,0.0,High
HOS_853,National Inst. Of Endoscopic Surgery,Hospital,Flood,70.43571470598988,100.0,0.0,0.0,0.0,High
HOS_853,National Inst. Of Endoscopic Surgery,Hospital,Geomagnetic,70.43571470598988,100.0,0.0,0.0,0.0,High
HOS_853,National Inst. Of Endoscopic Surgery,Hospital,Heat,70.43571470598988,100.0,0.0,0.0,0.0,High
HOS_854,Nayan Eye Centre,Hospital,Flood,70.97808340623826,100.0,0.0,0.0,0.0,High
HOS_854,Nayan Eye Centre,Hospital,Geomagnetic,70.97808340623826,100.0,0.0,0.0,0.0,High
HOS_854,Nayan Eye Centre,Hospital,Heat,70.97808340623826,100.0,0.0,0.0,0.0,High
HOS_855,Parakh Hospital And Research Centre - Ghatkopar,Hospital,Flood,70.78888406092612,100.0,0.0,0.0,0.0,High
HOS_855,Parakh Hospital And Research Centre - Ghatkopar,Hospital,Geomagnetic,70.78888406092612,100.0,0.0,0.0,0.0,High
HOS_855,Parakh Hospital And Research Centre - Ghatkopar,Hospital,Heat,70.78888406092612,100.0,0.0,0.0,0.0,High
HOS_856,Parekh Eye Clinic and Child Clinic,Hospital,Flood,70.43571470598988,100.0,0.0,0.0,0.0,High
HOS_856,Parekh Eye Clinic and Child Clinic,Hospital,Geomagnetic,70.43571470598988,100.0,0.0,0.0,0.0,High
HOS_856,Parekh Eye Clinic and Child Clinic,Hospital,Heat,70.43571470598988,100.0,0.0,0.0,0.0,High
HOS_857,Sanghavi Laboratory,Hospital,Flood,70.57246946721315,100.0,0.0,0.0,0.0,High
HOS_857,Sanghavi Laboratory,Hospital,Geomagnetic,70.57246946721315,100.0,0.0,0.0,0.0,High
HOS_857,Sanghavi Laboratory,Hospital,Heat,70.57246946721315,100.0,0.0,0.0,0.0,High
HOS_859,Sushrut Hospital and Research Center,Hospital,Flood,70.6059008521143,100.0,0.0,0.0,0.0,High
HOS_859,Sushrut Hospital and Research Center,Hospital,Geomagnetic,70.6059008521143,100.0,0.0,0.0,0.0,High
HOS_859,Sushrut Hospital and Research Center,Hospital,Heat,70.6059008521143,100.0,0.0,0.0,0.0,High
HOS_86,Infiniti Eye Hospital,Hospital,Flood,68.20199255607885,100.0,0.0,0.0,0.0,High
HOS_86,Infiniti Eye Hospital,Hospital,Geomagnetic,68.20199255607885,100.0,0.0,0.0,0.0,High
HOS_86,Infiniti Eye Hospital,Hospital,Heat,68.20199255607885,100.0,0.0,0.0,0.0,High
HOS_860,Tara Neo Surg Hospital,Hospital,Flood,70.43571470598988,100.0,0.0,0.0,0.0,High
HOS_860,Tara Neo Surg Hospital,Hospital,Geomagnetic,70.43571470598988,100.0,0.0,0.0,0.0,High
HOS_860,Tara Neo Surg Hospital,Hospital,Heat,70.43571470598988,100.0,0.0,0.0,0.0,High
HOS_861,The Eye Super Specialities,Hospital,Flood,70.43571470598988,100.0,0.0,0.0,0.0,High
HOS_861,The Eye Super Specialities,Hospital,Geomagnetic,70.43571470598988,100.0,0.0,0.0,0.0,High
HOS_861,The Eye Super Specialities,Hospital,Heat,70.43571470598988,100.0,0.0,0.0,0.0,High
HOS_862,Vatsal Nicu and Childrens Hospital,Hospital,Flood,70.43571470598988,100.0,0.0,0.0,0.0,High
HOS_862,Vatsal Nicu and Childrens Hospital,Hospital,Geomagnetic,70.43571470598988,100.0,0.0,0.0,0.0,High
HOS_862,Vatsal Nicu and Childrens Hospital,Hospital,Heat,70.43571470598988,100.0,0.0,0.0,0.0,High
HOS_863,Amruta Maternity and Surgical Nursing Home,Hospital,Flood,73.82782934820435,100.0,0.0,0.0,0.0,High
HOS_863,Amruta Maternity and Surgical Nursing Home,Hospital,Geomagnetic,73.82782934820435,100.0,0.0,0.0,0.0,High
HOS_863,Amruta Maternity and Surgical Nursing Home,Hospital,Heat,73.82782934820435,100.0,0.0,0.0,0.0,High
HOS_864,Diamond Maternity and General Hospital,Hospital,Flood,74.91677023971657,100.0,0.0,0.0,0.0,High
HOS_864,Diamond Maternity and General Hospital,Hospital,Geomagnetic,74.91677023971657,100.0,0.0,0.0,0.0,High
HOS_864,Diamond Maternity and General Hospital,Hospital,Heat,74.91677023971657,100.0,0.0,0.0,0.0,High
HOS_865,Dr Bothra's Hospital,Hospital,Flood,73.82782934820435,100.0,0.0,0.0,0.0,High
HOS_865,Dr Bothra's Hospital,Hospital,Geomagnetic,73.82782934820435,100.0,0.0,0.0,0.0,High
HOS_865,Dr Bothra's Hospital,Hospital,Heat,73.82782934820435,100.0,0.0,0.0,0.0,High
HOS_866,Dr Mahajan Hospital and Industrial Trauma Center,Hospital,Flood,81.50799926881797,100.0,0.0,0.0,0.0,Critical
HOS_866,Dr Mahajan Hospital and Industrial Trauma Center,Hospital,Geomagnetic,81.50799926881797,100.0,0.0,0.0,0.0,Critical
HOS_866,Dr Mahajan Hospital and Industrial Trauma Center,Hospital,Heat,81.50799926881797,100.0,0.0,0.0,0.0,Critical
HOS_867,Dr Patanis Eye Clinic,Hospital,Flood,73.82782934820435,100.0,0.0,0.0,0.0,High
HOS_867,Dr Patanis Eye Clinic,Hospital,Geomagnetic,73.82782934820435,100.0,0.0,0.0,0.0,High
HOS_867,Dr Patanis Eye Clinic,Hospital,Heat,73.82782934820435,100.0,0.0,0.0,0.0,High
HOS_868,Dr. Bhatias Ruby Hospital - Bhandup - Mumbai,Hospital,Flood,73.51973245254928,100.0,0.0,0.0,0.0,High
HOS_868,Dr. Bhatias Ruby Hospital - Bhandup - Mumbai,Hospital,Geomagnetic,73.51973245254928,100.0,0.0,0.0,0.0,High
HOS_868,Dr. Bhatias Ruby Hospital - Bhandup - Mumbai,Hospital,Heat,73.51973245254928,100.0,0.0,0.0,0.0,High
HOS_869,Dr. Kolhes Eye Clinic - Bhandup,Hospital,Flood,73.82782934820435,100.0,0.0,0.0,0.0,High
HOS_869,Dr. Kolhes Eye Clinic - Bhandup,Hospital,Geomagnetic,73.82782934820435,100.0,0.0,0.0,0.0,High
HOS_869,Dr. Kolhes Eye Clinic - Bhandup,Hospital,Heat,73.82782934820435,100.0,0.0,0.0,0.0,High
HOS_87,Mangeshikar Access Gynecology and Infertility Center,Hospital,Flood,79.3811232839724,100.0,0.0,0.0,0.0,Critical
HOS_87,Mangeshikar Access Gynecology and Infertility Center,Hospital,Geomagnetic,79.3811232839724,100.0,0.0,0.0,0.0,Critical
HOS_87,Mangeshikar Access Gynecology and Infertility Center,Hospital,Heat,79.3811232839724,100.0,0.0,0.0,0.0,Critical
HOS_870,Dr. Malwankar's Romeen Nursing Home,Hospital,Flood,73.82782934820435,100.0,0.0,0.0,0.0,High
HOS_870,Dr. Malwankar's Romeen Nursing Home,Hospital,Geomagnetic,73.82782934820435,100.0,0.0,0.0,0.0,High
HOS_870,Dr. Malwankar's Romeen Nursing Home,Hospital,Heat,73.82782934820435,100.0,0.0,0.0,0.0,High
HOS_871,Dr. Thakurs Ear Nose Throat Clinic And Hospital - Bhandup (W) Mumbai,Hospital,Flood,74.52998558443336,100.0,0.0,0.0,0.0,High
HOS_871,Dr. Thakurs Ear Nose Throat Clinic And Hospital - Bhandup (W) Mumbai,Hospital,Geomagnetic,74.52998558443336,100.0,0.0,0.0,0.0,High
HOS_871,Dr. Thakurs Ear Nose Throat Clinic And Hospital - Bhandup (W) Mumbai,Hospital,Heat,74.52998558443336,100.0,0.0,0.0,0.0,High
HOS_872,Dr.Badwaiks Maternity and General Hospital,Hospital,Flood,74.28164231270563,100.0,0.0,0.0,0.0,High
HOS_872,Dr.Badwaiks Maternity and General Hospital,Hospital,Geomagnetic,74.28164231270563,100.0,0.0,0.0,0.0,High
HOS_872,Dr.Badwaiks Maternity and General Hospital,Hospital,Heat,74.28164231270563,100.0,0.0,0.0,0.0,High
HOS_873,Dr.Bhatia's Ruby Hospital,Hospital,Flood,74.16247797412278,100.0,0.0,0.0,0.0,High
HOS_873,Dr.Bhatia's Ruby Hospital,Hospital,Geomagnetic,74.16247797412278,100.0,0.0,0.0,0.0,High
HOS_873,Dr.Bhatia's Ruby Hospital,Hospital,Heat,74.16247797412278,100.0,0.0,0.0,0.0,High
HOS_874,Dr.Bothras Hospital,Hospital,Flood,73.82782934820435,100.0,0.0,0.0,0.0,High
HOS_874,Dr.Bothras Hospital,Hospital,Geomagnetic,73.82782934820435,100.0,0.0,0.0,0.0,High
HOS_874,Dr.Bothras Hospital,Hospital,Heat,73.82782934820435,100.0,0.0,0.0,0.0,High
HOS_875,Eye and I Dr.Kolhe's Eye Clinic,Hospital,Flood,74.3061367054133,100.0,0.0,0.0,0.0,High
HOS_875,Eye and I Dr.Kolhe's Eye Clinic,Hospital,Geomagnetic,74.3061367054133,100.0,0.0,0.0,0.0,High
HOS_875,Eye and I Dr.Kolhe's Eye Clinic,Hospital,Heat,74.3061367054133,100.0,0.0,0.0,0.0,High
HOS_876,Gaurav Maternity and Surgical Hospital,Hospital,Flood,73.82782934820435,100.0,0.0,0.0,0.0,High
HOS_876,Gaurav Maternity and Surgical Hospital,Hospital,Geomagnetic,73.82782934820435,100.0,0.0,0.0,0.0,High
HOS_876,Gaurav Maternity and Surgical Hospital,Hospital,Heat,73.82782934820435,100.0,0.0,0.0,0.0,High
HOS_877,I and Eye Dr Kolhes Eye Clinic,Hospital,Flood,74.3061367054133,100.0,0.0,0.0,0.0,High
HOS_877,I and Eye Dr Kolhes Eye Clinic,Hospital,Geomagnetic,74.3061367054133,100.0,0.0,0.0,0.0,High
HOS_877,I and Eye Dr Kolhes Eye Clinic,Hospital,Heat,74.3061367054133,100.0,0.0,0.0,0.0,High
HOS_878,J. K. Child Health Care and Nicu,Hospital,Flood,74.5382336683437,100.0,0.0,0.0,0.0,High
HOS_878,J. K. Child Health Care and Nicu,Hospital,Geomagnetic,74.5382336683437,100.0,0.0,0.0,0.0,High
HOS_878,J. K. Child Health Care and Nicu,Hospital,Heat,74.5382336683437,100.0,0.0,0.0,0.0,High
HOS_879,Krishna Nursing Home,Hospital,Flood,74.34217336770605,100.0,0.0,0.0,0.0,High
HOS_879,Krishna Nursing Home,Hospital,Geomagnetic,74.34217336770605,100.0,0.0,0.0,0.0,High
HOS_879,Krishna Nursing Home,Hospital,Heat,74.34217336770605,100.0,0.0,0.0,0.0,High
HOS_88,N M Medical Centre,Hospital,Flood,79.87317365482575,100.0,0.0,0.0,0.0,Critical
HOS_88,N M Medical Centre,Hospital,Geomagnetic,79.87317365482575,100.0,0.0,0.0,0.0,Critical
HOS_88,N M Medical Centre,Hospital,Heat,79.87317365482575,100.0,0.0,0.0,0.0,Critical
HOS_880,Lotus Multispeciality Hospital,Hospital,Flood,74.80068484338881,100.0,0.0,0.0,0.0,High
HOS_880,Lotus Multispeciality Hospital,Hospital,Geomagnetic,74.80068484338881,100.0,0.0,0.0,0.0,High
HOS_880,Lotus Multispeciality Hospital,Hospital,Heat,74.80068484338881,100.0,0.0,0.0,0.0,High
HOS_881,M.S.Maternity and General Hospital,Hospital,Flood,73.78319645785774,100.0,0.0,0.0,0.0,High
HOS_881,M.S.Maternity and General Hospital,Hospital,Geomagnetic,73.78319645785774,100.0,0.0,0.0,0.0,High
HOS_881,M.S.Maternity and General Hospital,Hospital,Heat,73.78319645785774,100.0,0.0,0.0,0.0,High
HOS_882,Maauli Hospital,Hospital,Flood,73.82782934820435,100.0,0.0,0.0,0.0,High
HOS_882,Maauli Hospital,Hospital,Geomagnetic,73.82782934820435,100.0,0.0,0.0,0.0,High
HOS_882,Maauli Hospital,Hospital,Heat,73.82782934820435,100.0,0.0,0.0,0.0,High
HOS_883,Madhu Polyclinic and Nursing Home,Hospital,Flood,73.82782934820435,100.0,0.0,0.0,0.0,High
HOS_883,Madhu Polyclinic and Nursing Home,Hospital,Geomagnetic,73.82782934820435,100.0,0.0,0.0,0.0,High
HOS_883,Madhu Polyclinic and Nursing Home,Hospital,Heat,73.82782934820435,100.0,0.0,0.0,0.0,High
HOS_884,Mahek Nursing Home,Hospital,Flood,74.10633253892314,100.0,0.0,0.0,0.0,High
HOS_884,Mahek Nursing Home,Hospital,Geomagnetic,74.10633253892314,100.0,0.0,0.0,0.0,High
HOS_884,Mahek Nursing Home,Hospital,Heat,74.10633253892314,100.0,0.0,0.0,0.0,High
HOS_885,Nadkarni Eye Care Centres,Hospital,Flood,74.31966587413487,100.0,0.0,0.0,0.0,High
HOS_885,Nadkarni Eye Care Centres,Hospital,Geomagnetic,74.31966587413487,100.0,0.0,0.0,0.0,High
HOS_885,Nadkarni Eye Care Centres,Hospital,Heat,74.31966587413487,100.0,0.0,0.0,0.0,High
HOS_886,Netramani Chikitsalay,Hospital,Flood,73.82782934820435,100.0,0.0,0.0,0.0,High
HOS_886,Netramani Chikitsalay,Hospital,Geomagnetic,73.82782934820435,100.0,0.0,0.0,0.0,High
HOS_886,Netramani Chikitsalay,Hospital,Heat,73.82782934820435,100.0,0.0,0.0,0.0,High
HOS_887,Omkar Hospital,Hospital,Flood,74.34217336770605,100.0,0.0,0.0,0.0,High
HOS_887,Omkar Hospital,Hospital,Geomagnetic,74.34217336770605,100.0,0.0,0.0,0.0,High
HOS_887,Omkar Hospital,Hospital,Heat,74.34217336770605,100.0,0.0,0.0,0.0,High
HOS_888,Rathod Nursing Home and Iccu,Hospital,Flood,73.82782934820435,100.0,0.0,0.0,0.0,High
HOS_888,Rathod Nursing Home and Iccu,Hospital,Geomagnetic,73.82782934820435,100.0,0.0,0.0,0.0,High
HOS_888,Rathod Nursing Home and Iccu,Hospital,Heat,73.82782934820435,100.0,0.0,0.0,0.0,High
HOS_889,Romeen Nursing Home,Hospital,Flood,74.16247797412278,100.0,0.0,0.0,0.0,High
HOS_889,Romeen Nursing Home,Hospital,Geomagnetic,74.16247797412278,100.0,0.0,0.0,0.0,High
HOS_889,Romeen Nursing Home,Hospital,Heat,74.16247797412278,100.0,0.0,0.0,0.0,High
HOS_89,New Babulnath Ent Clinic,Hospital,Flood,78.4067841674904,100.0,0.0,0.0,0.0,Critical
HOS_89,New Babulnath Ent Clinic,Hospital,Geomagnetic,78.4067841674904,100.0,0.0,0.0,0.0,Critical
HOS_89,New Babulnath Ent Clinic,Hospital,Heat,78.4067841674904,100.0,0.0,0.0,0.0,Critical
HOS_890,Saarthi Hospital,Hospital,Flood,74.15218172401975,100.0,0.0,0.0,0.0,High
HOS_890,Saarthi Hospital,Hospital,Geomagnetic,74.15218172401975,100.0,0.0,0.0,0.0,High
HOS_890,Saarthi Hospital,Hospital,Heat,74.15218172401975,100.0,0.0,0.0,0.0,High
HOS_891,Sai Sparsh Hospital and Iccu,Hospital,Flood,74.16247797412278,100.0,0.0,0.0,0.0,High
HOS_891,Sai Sparsh Hospital and Iccu,Hospital,Geomagnetic,74.16247797412278,100.0,0.0,0.0,0.0,High
HOS_891,Sai Sparsh Hospital and Iccu,Hospital,Heat,74.16247797412278,100.0,0.0,0.0,0.0,High
HOS_892,Sanjeevan Nursing Home and Iccu,Hospital,Flood,73.82782934820435,100.0,0.0,0.0,0.0,High
HOS_892,Sanjeevan Nursing Home and Iccu,Hospital,Geomagnetic,73.82782934820435,100.0,0.0,0.0,0.0,High
HOS_892,Sanjeevan Nursing Home and Iccu,Hospital,Heat,73.82782934820435,100.0,0.0,0.0,0.0,High
HOS_893,Sankeshi Bharat,Hospital,Flood,73.82782934820435,100.0,0.0,0.0,0.0,High
HOS_893,Sankeshi Bharat,Hospital,Geomagnetic,73.82782934820435,100.0,0.0,0.0,0.0,High
HOS_893,Sankeshi Bharat,Hospital,Heat,73.82782934820435,100.0,0.0,0.0,0.0,High
HOS_894,Sas Health Care Pvt. Limited,Hospital,Flood,73.78452795833407,100.0,0.0,0.0,0.0,High
HOS_894,Sas Health Care Pvt. Limited,Hospital,Geomagnetic,73.78452795833407,100.0,0.0,0.0,0.0,High
HOS_894,Sas Health Care Pvt. Limited,Hospital,Heat,73.78452795833407,100.0,0.0,0.0,0.0,High
HOS_895,Saubhagya Hospital,Hospital,Flood,73.82782934820435,100.0,0.0,0.0,0.0,High
HOS_895,Saubhagya Hospital,Hospital,Geomagnetic,73.82782934820435,100.0,0.0,0.0,0.0,High
HOS_895,Saubhagya Hospital,Hospital,Heat,73.82782934820435,100.0,0.0,0.0,0.0,High
HOS_896,Setty's Endoscopic Surgical Centre,Hospital,Flood,73.86712555400526,100.0,0.0,0.0,0.0,High
HOS_896,Setty's Endoscopic Surgical Centre,Hospital,Geomagnetic,73.86712555400526,100.0,0.0,0.0,0.0,High
HOS_896,Setty's Endoscopic Surgical Centre,Hospital,Heat,73.86712555400526,100.0,0.0,0.0,0.0,High
HOS_897,Shah Children Hospital And Newborn Care Centre,Hospital,Flood,73.82782934820435,100.0,0.0,0.0,0.0,High
HOS_897,Shah Children Hospital And Newborn Care Centre,Hospital,Geomagnetic,73.82782934820435,100.0,0.0,0.0,0.0,High
HOS_897,Shah Children Hospital And Newborn Care Centre,Hospital,Heat,73.82782934820435,100.0,0.0,0.0,0.0,High
HOS_898,Shanti Maternity Clinic,Hospital,Flood,73.82782934820435,100.0,0.0,0.0,0.0,High
HOS_898,Shanti Maternity Clinic,Hospital,Geomagnetic,73.82782934820435,100.0,0.0,0.0,0.0,High
HOS_898,Shanti Maternity Clinic,Hospital,Heat,73.82782934820435,100.0,0.0,0.0,0.0,High
HOS_899,Shri Bal Chikitsalaya,Hospital,Flood,73.82782934820435,100.0,0.0,0.0,0.0,High
HOS_899,Shri Bal Chikitsalaya,Hospital,Geomagnetic,73.82782934820435,100.0,0.0,0.0,0.0,High
HOS_899,Shri Bal Chikitsalaya,Hospital,Heat,73.82782934820435,100.0,0.0,0.0,0.0,High
HOS_9,Dr Satish Padmanabhan Clinic,Hospital,Flood,71.01813486387144,100.0,0.0,0.0,0.0,High
HOS_9,Dr Satish Padmanabhan Clinic,Hospital,Geomagnetic,71.01813486387144,100.0,0.0,0.0,0.0,High
HOS_9,Dr Satish Padmanabhan Clinic,Hospital,Heat,71.01813486387144,100.0,0.0,0.0,0.0,High
HOS_90,Palshetkar Patil Nursing Home,Hospital,Flood,78.89795098147871,100.0,0.0,0.0,0.0,Critical
HOS_90,Palshetkar Patil Nursing Home,Hospital,Geomagnetic,78.89795098147871,100.0,0.0,0.0,0.0,Critical
HOS_90,Palshetkar Patil Nursing Home,Hospital,Heat,78.89795098147871,100.0,0.0,0.0,0.0,Critical
HOS_900,Srushti Orthotech Hospital,Hospital,Flood,74.16247797412278,100.0,0.0,0.0,0.0,High
HOS_900,Srushti Orthotech Hospital,Hospital,Geomagnetic,74.16247797412278,100.0,0.0,0.0,0.0,High
HOS_900,Srushti Orthotech Hospital,Hospital,Heat,74.16247797412278,100.0,0.0,0.0,0.0,High
HOS_901,Sulochan Eye,Hospital,Flood,73.82782934820435,100.0,0.0,0.0,0.0,High
HOS_901,Sulochan Eye,Hospital,Geomagnetic,73.82782934820435,100.0,0.0,0.0,0.0,High
HOS_901,Sulochan Eye,Hospital,Heat,73.82782934820435,100.0,0.0,0.0,0.0,High
HOS_902,Samarth Hospital,Hospital,Flood,72.65762921627072,100.0,0.0,0.0,0.0,High
HOS_902,Samarth Hospital,Hospital,Geomagnetic,72.65762921627072,100.0,0.0,0.0,0.0,High
HOS_902,Samarth Hospital,Hospital,Heat,72.65762921627072,100.0,0.0,0.0,0.0,High
HOS_903,Aarogya Health Care,Hospital,Flood,74.16247797412278,100.0,0.0,0.0,0.0,High
HOS_903,Aarogya Health Care,Hospital,Geomagnetic,74.16247797412278,100.0,0.0,0.0,0.0,High
HOS_903,Aarogya Health Care,Hospital,Heat,74.16247797412278,100.0,0.0,0.0,0.0,High
HOS_904,Abhinav Kidney Dialysis And Health Centre - Mulund,Hospital,Flood,75.35871570409986,100.0,0.0,0.0,0.0,Critical
HOS_904,Abhinav Kidney Dialysis And Health Centre - Mulund,Hospital,Geomagnetic,75.35871570409986,100.0,0.0,0.0,0.0,Critical
HOS_904,Abhinav Kidney Dialysis And Health Centre - Mulund,Hospital,Heat,75.35871570409986,100.0,0.0,0.0,0.0,Critical
HOS_905,Aditi Hospital Accident Fracture and Surgical Clinic,Hospital,Flood,75.35871570409986,100.0,0.0,0.0,0.0,Critical
HOS_905,Aditi Hospital Accident Fracture and Surgical Clinic,Hospital,Geomagnetic,75.35871570409986,100.0,0.0,0.0,0.0,Critical
HOS_905,Aditi Hospital Accident Fracture and Surgical Clinic,Hospital,Heat,75.35871570409986,100.0,0.0,0.0,0.0,Critical
HOS_906,Anjali Maternity And Surgical Hospital - Mulund,Hospital,Flood,74.16247797412278,100.0,0.0,0.0,0.0,High
HOS_906,Anjali Maternity And Surgical Hospital - Mulund,Hospital,Geomagnetic,74.16247797412278,100.0,0.0,0.0,0.0,High
HOS_906,Anjali Maternity And Surgical Hospital - Mulund,Hospital,Heat,74.16247797412278,100.0,0.0,0.0,0.0,High
HOS_907,Anmmol Orthovision,Hospital,Flood,77.32271670184389,100.0,0.0,0.0,0.0,Critical
HOS_907,Anmmol Orthovision,Hospital,Geomagnetic,77.32271670184389,100.0,0.0,0.0,0.0,Critical
HOS_907,Anmmol Orthovision,Hospital,Heat,77.32271670184389,100.0,0.0,0.0,0.0,Critical
HOS_908,Aparna Hospital,Hospital,Flood,67.63556546657685,100.0,0.0,0.0,0.0,High
HOS_908,Aparna Hospital,Hospital,Geomagnetic,67.63556546657685,100.0,0.0,0.0,0.0,High
HOS_908,Aparna Hospital,Hospital,Heat,67.63556546657685,100.0,0.0,0.0,0.0,High
HOS_909,Apex Kidney Care (Dialysisnetworks),Hospital,Flood,75.35871570409986,100.0,0.0,0.0,0.0,Critical
HOS_909,Apex Kidney Care (Dialysisnetworks),Hospital,Geomagnetic,75.35871570409986,100.0,0.0,0.0,0.0,Critical
HOS_909,Apex Kidney Care (Dialysisnetworks),Hospital,Heat,75.35871570409986,100.0,0.0,0.0,0.0,Critical
HOS_91,Samyak Drishti Eye Centre,Hospital,Flood,79.48738722154673,100.0,0.0,0.0,0.0,Critical
HOS_91,Samyak Drishti Eye Centre,Hospital,Geomagnetic,79.48738722154673,100.0,0.0,0.0,0.0,Critical
HOS_91,Samyak Drishti Eye Centre,Hospital,Heat,79.48738722154673,100.0,0.0,0.0,0.0,Critical
HOS_910,Arogya Health Care,Hospital,Flood,76.77020731326483,100.0,0.0,0.0,0.0,Critical
HOS_910,Arogya Health Care,Hospital,Geomagnetic,76.77020731326483,100.0,0.0,0.0,0.0,Critical
HOS_910,Arogya Health Care,Hospital,Heat,76.77020731326483,100.0,0.0,0.0,0.0,Critical
HOS_911,Ashirwad Critical Care Unit,Hospital,Flood,76.22288391371045,100.0,0.0,0.0,0.0,Critical
HOS_911,Ashirwad Critical Care Unit,Hospital,Geomagnetic,76.22288391371045,100.0,0.0,0.0,0.0,Critical
HOS_911,Ashirwad Critical Care Unit,Hospital,Heat,76.22288391371045,100.0,0.0,0.0,0.0,Critical
HOS_912,Ashwini Hospital and I. C. C. U.,Hospital,Flood,75.35871570409986,100.0,0.0,0.0,0.0,Critical
HOS_912,Ashwini Hospital and I. C. C. U.,Hospital,Geomagnetic,75.35871570409986,100.0,0.0,0.0,0.0,Critical
HOS_912,Ashwini Hospital and I. C. C. U.,Hospital,Heat,75.35871570409986,100.0,0.0,0.0,0.0,Critical
HOS_913,Cancer Care,Hospital,Flood,78.58236766549936,100.0,0.0,0.0,0.0,Critical
HOS_913,Cancer Care,Hospital,Geomagnetic,78.58236766549936,100.0,0.0,0.0,0.0,Critical
HOS_913,Cancer Care,Hospital,Heat,78.58236766549936,100.0,0.0,0.0,0.0,Critical
HOS_914,Chetna Critical Care Unit,Hospital,Flood,76.7169427529593,100.0,0.0,0.0,0.0,Critical
HOS_914,Chetna Critical Care Unit,Hospital,Geomagnetic,76.7169427529593,100.0,0.0,0.0,0.0,Critical
HOS_914,Chetna Critical Care Unit,Hospital,Heat,76.7169427529593,100.0,0.0,0.0,0.0,Critical
HOS_915,Daxini Heart Centre,Hospital,Flood,76.64930795976107,100.0,0.0,0.0,0.0,Critical
HOS_915,Daxini Heart Centre,Hospital,Geomagnetic,76.64930795976107,100.0,0.0,0.0,0.0,Critical
HOS_915,Daxini Heart Centre,Hospital,Heat,76.64930795976107,100.0,0.0,0.0,0.0,Critical
HOS_916,Devkunj Charitablr Trust Matushri Mankbai Nagji Sa,Hospital,Flood,75.35871570409986,100.0,0.0,0.0,0.0,Critical
HOS_916,Devkunj Charitablr Trust Matushri Mankbai Nagji Sa,Hospital,Geomagnetic,75.35871570409986,100.0,0.0,0.0,0.0,Critical
HOS_916,Devkunj Charitablr Trust Matushri Mankbai Nagji Sa,Hospital,Heat,75.35871570409986,100.0,0.0,0.0,0.0,Critical
HOS_917,Dhanwantary Hospital and Iccu,Hospital,Flood,74.16247797412278,100.0,0.0,0.0,0.0,High
HOS_917,Dhanwantary Hospital and Iccu,Hospital,Geomagnetic,74.16247797412278,100.0,0.0,0.0,0.0,High
HOS_917,Dhanwantary Hospital and Iccu,Hospital,Heat,74.16247797412278,100.0,0.0,0.0,0.0,High
HOS_918,Dr Shettys E N T Hospital,Hospital,Flood,75.35871570409986,100.0,0.0,0.0,0.0,Critical
HOS_918,Dr Shettys E N T Hospital,Hospital,Geomagnetic,75.35871570409986,100.0,0.0,0.0,0.0,Critical
HOS_918,Dr Shettys E N T Hospital,Hospital,Heat,75.35871570409986,100.0,0.0,0.0,0.0,Critical
HOS_919,Dr. Khona E N T Hospital,Hospital,Flood,75.35871570409986,100.0,0.0,0.0,0.0,Critical
HOS_919,Dr. Khona E N T Hospital,Hospital,Geomagnetic,75.35871570409986,100.0,0.0,0.0,0.0,Critical
HOS_919,Dr. Khona E N T Hospital,Hospital,Heat,75.35871570409986,100.0,0.0,0.0,0.0,Critical
HOS_92,Shah Eye Clinic and Nursing Home,Hospital,Flood,68.20199255607885,100.0,0.0,0.0,0.0,High
HOS_92,Shah Eye Clinic and Nursing Home,Hospital,Geomagnetic,68.20199255607885,100.0,0.0,0.0,0.0,High
HOS_92,Shah Eye Clinic and Nursing Home,Hospital,Heat,68.20199255607885,100.0,0.0,0.0,0.0,High
HOS_920,Dr. Mukhis Raj Hospital,Hospital,Flood,76.22288391371045,100.0,0.0,0.0,0.0,Critical
HOS_920,Dr. Mukhis Raj Hospital,Hospital,Geomagnetic,76.22288391371045,100.0,0.0,0.0,0.0,Critical
HOS_920,Dr. Mukhis Raj Hospital,Hospital,Heat,76.22288391371045,100.0,0.0,0.0,0.0,Critical
HOS_921,Dr. R.J. Ganatra's Nursing Home,Hospital,Flood,75.70592163455052,100.0,0.0,0.0,0.0,Critical
HOS_921,Dr. R.J. Ganatra's Nursing Home,Hospital,Geomagnetic,75.70592163455052,100.0,0.0,0.0,0.0,Critical
HOS_921,Dr. R.J. Ganatra's Nursing Home,Hospital,Heat,75.70592163455052,100.0,0.0,0.0,0.0,Critical
HOS_922,Dr. Simandhars Eye Care Centre,Hospital,Flood,75.35871570409986,100.0,0.0,0.0,0.0,Critical
HOS_922,Dr. Simandhars Eye Care Centre,Hospital,Geomagnetic,75.35871570409986,100.0,0.0,0.0,0.0,Critical
HOS_922,Dr. Simandhars Eye Care Centre,Hospital,Heat,75.35871570409986,100.0,0.0,0.0,0.0,Critical
HOS_923,Dr.Redkar's Maternity and Nursing Home,Hospital,Flood,76.92405394783783,100.0,0.0,0.0,0.0,Critical
HOS_923,Dr.Redkar's Maternity and Nursing Home,Hospital,Geomagnetic,76.92405394783783,100.0,0.0,0.0,0.0,Critical
HOS_923,Dr.Redkar's Maternity and Nursing Home,Hospital,Heat,76.92405394783783,100.0,0.0,0.0,0.0,Critical
HOS_924,Drishti Eye Care Centre,Hospital,Flood,76.99697674128524,100.0,0.0,0.0,0.0,Critical
HOS_924,Drishti Eye Care Centre,Hospital,Geomagnetic,76.99697674128524,100.0,0.0,0.0,0.0,Critical
HOS_924,Drishti Eye Care Centre,Hospital,Heat,76.99697674128524,100.0,0.0,0.0,0.0,Critical
HOS_925,Holy Trinity Hospital,Hospital,Flood,76.58168578286276,100.0,0.0,0.0,0.0,Critical
HOS_925,Holy Trinity Hospital,Hospital,Geomagnetic,76.58168578286276,100.0,0.0,0.0,0.0,Critical
HOS_925,Holy Trinity Hospital,Hospital,Heat,76.58168578286276,100.0,0.0,0.0,0.0,Critical
HOS_926,Indira Nursing Home,Hospital,Flood,75.35871570409986,100.0,0.0,0.0,0.0,Critical
HOS_926,Indira Nursing Home,Hospital,Geomagnetic,75.35871570409986,100.0,0.0,0.0,0.0,Critical
HOS_926,Indira Nursing Home,Hospital,Heat,75.35871570409986,100.0,0.0,0.0,0.0,Critical
HOS_927,Jas-Raj Hospital,Hospital,Flood,76.95094195601487,100.0,0.0,0.0,0.0,Critical
HOS_927,Jas-Raj Hospital,Hospital,Geomagnetic,76.95094195601487,100.0,0.0,0.0,0.0,Critical
HOS_927,Jas-Raj Hospital,Hospital,Heat,76.95094195601487,100.0,0.0,0.0,0.0,Critical
HOS_928,Joshi Surgical Hospital,Hospital,Flood,76.92405394783783,100.0,0.0,0.0,0.0,Critical
HOS_928,Joshi Surgical Hospital,Hospital,Geomagnetic,76.92405394783783,100.0,0.0,0.0,0.0,Critical
HOS_928,Joshi Surgical Hospital,Hospital,Heat,76.92405394783783,100.0,0.0,0.0,0.0,Critical
HOS_929,Lakshmi Nursing Home,Hospital,Flood,76.49965379038979,100.0,0.0,0.0,0.0,Critical
HOS_929,Lakshmi Nursing Home,Hospital,Geomagnetic,76.49965379038979,100.0,0.0,0.0,0.0,Critical
HOS_929,Lakshmi Nursing Home,Hospital,Heat,76.49965379038979,100.0,0.0,0.0,0.0,Critical
HOS_93,The Vascular Clinic,Hospital,Flood,79.73762129880708,100.0,0.0,0.0,0.0,Critical
HOS_93,The Vascular Clinic,Hospital,Geomagnetic,79.73762129880708,100.0,0.0,0.0,0.0,Critical
HOS_93,The Vascular Clinic,Hospital,Heat,79.73762129880708,100.0,0.0,0.0,0.0,Critical
HOS_930,Lav-Kush Nursing Home,Hospital,Flood,78.58236766549936,100.0,0.0,0.0,0.0,Critical
HOS_930,Lav-Kush Nursing Home,Hospital,Geomagnetic,78.58236766549936,100.0,0.0,0.0,0.0,Critical
HOS_930,Lav-Kush Nursing Home,Hospital,Heat,78.58236766549936,100.0,0.0,0.0,0.0,Critical
HOS_931,Mahavir Orthopaedic and General Hospital - Mulund (W),Hospital,Flood,75.35871570409986,100.0,0.0,0.0,0.0,Critical
HOS_931,Mahavir Orthopaedic and General Hospital - Mulund (W),Hospital,Geomagnetic,75.35871570409986,100.0,0.0,0.0,0.0,Critical
HOS_931,Mahavir Orthopaedic and General Hospital - Mulund (W),Hospital,Heat,75.35871570409986,100.0,0.0,0.0,0.0,Critical
HOS_932,Mehera Ambe Nursing Home,Hospital,Flood,75.35871570409986,100.0,0.0,0.0,0.0,Critical
HOS_932,Mehera Ambe Nursing Home,Hospital,Geomagnetic,75.35871570409986,100.0,0.0,0.0,0.0,Critical
HOS_932,Mehera Ambe Nursing Home,Hospital,Heat,75.35871570409986,100.0,0.0,0.0,0.0,Critical
HOS_933,Mission Nephro-Uro Pvt Ltd,Hospital,Flood,77.0101985468783,100.0,0.0,0.0,0.0,Critical
HOS_933,Mission Nephro-Uro Pvt Ltd,Hospital,Geomagnetic,77.0101985468783,100.0,0.0,0.0,0.0,Critical
HOS_933,Mission Nephro-Uro Pvt Ltd,Hospital,Heat,77.0101985468783,100.0,0.0,0.0,0.0,Critical
HOS_934,Nav Drishti Netralaya,Hospital,Flood,75.35871570409986,100.0,0.0,0.0,0.0,Critical
HOS_934,Nav Drishti Netralaya,Hospital,Geomagnetic,75.35871570409986,100.0,0.0,0.0,0.0,Critical
HOS_934,Nav Drishti Netralaya,Hospital,Heat,75.35871570409986,100.0,0.0,0.0,0.0,Critical
HOS_935,Netra Jyot Eye Care Centre,Hospital,Flood,80.92625887595555,100.0,0.0,0.0,0.0,Critical
HOS_935,Netra Jyot Eye Care Centre,Hospital,Geomagnetic,80.92625887595555,100.0,0.0,0.0,0.0,Critical
HOS_935,Netra Jyot Eye Care Centre,Hospital,Heat,80.92625887595555,100.0,0.0,0.0,0.0,Critical
HOS_936,Nulife Hospital Pvt. Ltd.,Hospital,Flood,74.16247797412278,100.0,0.0,0.0,0.0,High
HOS_936,Nulife Hospital Pvt. Ltd.,Hospital,Geomagnetic,74.16247797412278,100.0,0.0,0.0,0.0,High
HOS_936,Nulife Hospital Pvt. Ltd.,Hospital,Heat,74.16247797412278,100.0,0.0,0.0,0.0,High
HOS_937,Orthocare and Ria Nursing Home,Hospital,Flood,77.77406620263294,100.0,0.0,0.0,0.0,Critical
HOS_937,Orthocare and Ria Nursing Home,Hospital,Geomagnetic,77.77406620263294,100.0,0.0,0.0,0.0,Critical
HOS_937,Orthocare and Ria Nursing Home,Hospital,Heat,77.77406620263294,100.0,0.0,0.0,0.0,Critical
HOS_938,Padmashree Nursing Home (Mulund),Hospital,Flood,75.37290704708617,100.0,0.0,0.0,0.0,Critical
HOS_938,Padmashree Nursing Home (Mulund),Hospital,Geomagnetic,75.37290704708617,100.0,0.0,0.0,0.0,Critical
HOS_938,Padmashree Nursing Home (Mulund),Hospital,Heat,75.37290704708617,100.0,0.0,0.0,0.0,Critical
HOS_939,Pooja Nursing Home Pvt. Ltd.,Hospital,Flood,76.48791225553677,100.0,0.0,0.0,0.0,Critical
HOS_939,Pooja Nursing Home Pvt. Ltd.,Hospital,Geomagnetic,76.48791225553677,100.0,0.0,0.0,0.0,Critical
HOS_939,Pooja Nursing Home Pvt. Ltd.,Hospital,Heat,76.48791225553677,100.0,0.0,0.0,0.0,Critical
HOS_940,Prasad Surgical and Children Nursing Home,Hospital,Flood,76.64930795976107,100.0,0.0,0.0,0.0,Critical
HOS_940,Prasad Surgical and Children Nursing Home,Hospital,Geomagnetic,76.64930795976107,100.0,0.0,0.0,0.0,Critical
HOS_940,Prasad Surgical and Children Nursing Home,Hospital,Heat,76.64930795976107,100.0,0.0,0.0,0.0,Critical
HOS_941,Prasanna Aarogya Health Care,Hospital,Flood,75.35871570409986,100.0,0.0,0.0,0.0,Critical
HOS_941,Prasanna Aarogya Health Care,Hospital,Geomagnetic,75.35871570409986,100.0,0.0,0.0,0.0,Critical
HOS_941,Prasanna Aarogya Health Care,Hospital,Heat,75.35871570409986,100.0,0.0,0.0,0.0,Critical
HOS_942,Raj Hospital Mumbai,Hospital,Flood,75.35871570409986,100.0,0.0,0.0,0.0,Critical
HOS_942,Raj Hospital Mumbai,Hospital,Geomagnetic,75.35871570409986,100.0,0.0,0.0,0.0,Critical
HOS_942,Raj Hospital Mumbai,Hospital,Heat,75.35871570409986,100.0,0.0,0.0,0.0,Critical
HOS_943,Rpm Aarogya Hospital Private Limited (Chetna Critical Care Unit and Spt Hosp),Hospital,Flood,76.99697674128524,100.0,0.0,0.0,0.0,Critical
HOS_943,Rpm Aarogya Hospital Private Limited (Chetna Critical Care Unit and Spt Hosp),Hospital,Geomagnetic,76.99697674128524,100.0,0.0,0.0,0.0,Critical
HOS_943,Rpm Aarogya Hospital Private Limited (Chetna Critical Care Unit and Spt Hosp),Hospital,Heat,76.99697674128524,100.0,0.0,0.0,0.0,Critical
HOS_944,Saarthi Health Care,Hospital,Flood,75.35871570409986,100.0,0.0,0.0,0.0,Critical
HOS_944,Saarthi Health Care,Hospital,Geomagnetic,75.35871570409986,100.0,0.0,0.0,0.0,Critical
HOS_944,Saarthi Health Care,Hospital,Heat,75.35871570409986,100.0,0.0,0.0,0.0,Critical
HOS_945,Samarth Maternity And Nursing Home,Hospital,Flood,74.16247797412278,100.0,0.0,0.0,0.0,High
HOS_945,Samarth Maternity And Nursing Home,Hospital,Geomagnetic,74.16247797412278,100.0,0.0,0.0,0.0,High
HOS_945,Samarth Maternity And Nursing Home,Hospital,Heat,74.16247797412278,100.0,0.0,0.0,0.0,High
HOS_946,Sanjay Eye Clinic,Hospital,Flood,75.35871570409986,100.0,0.0,0.0,0.0,Critical
HOS_946,Sanjay Eye Clinic,Hospital,Geomagnetic,75.35871570409986,100.0,0.0,0.0,0.0,Critical
HOS_946,Sanjay Eye Clinic,Hospital,Heat,75.35871570409986,100.0,0.0,0.0,0.0,Critical
HOS_947,Sarthi Health Care,Hospital,Flood,75.35871570409986,100.0,0.0,0.0,0.0,Critical
HOS_947,Sarthi Health Care,Hospital,Geomagnetic,75.35871570409986,100.0,0.0,0.0,0.0,Critical
HOS_947,Sarthi Health Care,Hospital,Heat,75.35871570409986,100.0,0.0,0.0,0.0,Critical
HOS_948,Shettys Endoscopic Surgical Center,Hospital,Flood,76.45697664889812,100.0,0.0,0.0,0.0,Critical
HOS_948,Shettys Endoscopic Surgical Center,Hospital,Geomagnetic,76.45697664889812,100.0,0.0,0.0,0.0,Critical
HOS_948,Shettys Endoscopic Surgical Center,Hospital,Heat,76.45697664889812,100.0,0.0,0.0,0.0,Critical
HOS_949,Shivaani Mother and Child Care Hospital,Hospital,Flood,68.20199255607885,100.0,0.0,0.0,0.0,High
HOS_949,Shivaani Mother and Child Care Hospital,Hospital,Geomagnetic,68.20199255607885,100.0,0.0,0.0,0.0,High
HOS_949,Shivaani Mother and Child Care Hospital,Hospital,Heat,68.20199255607885,100.0,0.0,0.0,0.0,High
HOS_95,Ipc Heart Care,Hospital,Flood,71.01813486387144,100.0,0.0,0.0,0.0,High
HOS_95,Ipc Heart Care,Hospital,Geomagnetic,71.01813486387144,100.0,0.0,0.0,0.0,High
HOS_95,Ipc Heart Care,Hospital,Heat,71.01813486387144,100.0,0.0,0.0,0.0,High
HOS_950,Shraddha Polyclinic and Nursing Home-Mulund-Mumbai,Hospital,Flood,75.35871570409986,100.0,0.0,0.0,0.0,Critical
HOS_950,Shraddha Polyclinic and Nursing Home-Mulund-Mumbai,Hospital,Geomagnetic,75.35871570409986,100.0,0.0,0.0,0.0,Critical
HOS_950,Shraddha Polyclinic and Nursing Home-Mulund-Mumbai,Hospital,Heat,75.35871570409986,100.0,0.0,0.0,0.0,Critical
HOS_951,Shree Pragati Foundation's Hira Mongi Navneet Hospital,Hospital,Flood,74.16247797412278,100.0,0.0,0.0,0.0,High
HOS_951,Shree Pragati Foundation's Hira Mongi Navneet Hospital,Hospital,Geomagnetic,74.16247797412278,100.0,0.0,0.0,0.0,High
HOS_951,Shree Pragati Foundation's Hira Mongi Navneet Hospital,Hospital,Heat,74.16247797412278,100.0,0.0,0.0,0.0,High
HOS_952,Shree Ram Eye Care Centre,Hospital,Flood,76.76295443790028,100.0,0.0,0.0,0.0,Critical
HOS_952,Shree Ram Eye Care Centre,Hospital,Geomagnetic,76.76295443790028,100.0,0.0,0.0,0.0,Critical
HOS_952,Shree Ram Eye Care Centre,Hospital,Heat,76.76295443790028,100.0,0.0,0.0,0.0,Critical
HOS_953,Shree Sai Maternity and Surgical Nursing Home,Hospital,Flood,75.5482660092326,100.0,0.0,0.0,0.0,Critical
HOS_953,Shree Sai Maternity and Surgical Nursing Home,Hospital,Geomagnetic,75.5482660092326,100.0,0.0,0.0,0.0,Critical
HOS_953,Shree Sai Maternity and Surgical Nursing Home,Hospital,Heat,75.5482660092326,100.0,0.0,0.0,0.0,Critical
HOS_954,Surya Eye Institute and Research Centre Pvt Ltd,Hospital,Flood,75.35871570409986,100.0,0.0,0.0,0.0,Critical
HOS_954,Surya Eye Institute and Research Centre Pvt Ltd,Hospital,Geomagnetic,75.35871570409986,100.0,0.0,0.0,0.0,Critical
HOS_954,Surya Eye Institute and Research Centre Pvt Ltd,Hospital,Heat,75.35871570409986,100.0,0.0,0.0,0.0,Critical
HOS_955,Suyog Hospital and Iccu,Hospital,Flood,74.16247797412278,100.0,0.0,0.0,0.0,High
HOS_955,Suyog Hospital and Iccu,Hospital,Geomagnetic,74.16247797412278,100.0,0.0,0.0,0.0,High
HOS_955,Suyog Hospital and Iccu,Hospital,Heat,74.16247797412278,100.0,0.0,0.0,0.0,High
HOS_956,Swastika Nursing Home,Hospital,Flood,70.04095072975699,100.0,0.0,0.0,0.0,High
HOS_956,Swastika Nursing Home,Hospital,Geomagnetic,70.04095072975699,100.0,0.0,0.0,0.0,High
HOS_956,Swastika Nursing Home,Hospital,Heat,70.04095072975699,100.0,0.0,0.0,0.0,High
HOS_957,Upasani Maternity and Surgical Nursing Home,Hospital,Flood,75.35871570409986,100.0,0.0,0.0,0.0,Critical
HOS_957,Upasani Maternity and Surgical Nursing Home,Hospital,Geomagnetic,75.35871570409986,100.0,0.0,0.0,0.0,Critical
HOS_957,Upasani Maternity and Surgical Nursing Home,Hospital,Heat,75.35871570409986,100.0,0.0,0.0,0.0,Critical
HOS_958,Veena Nagar Health Care Center and Hospital,Hospital,Flood,76.09809484720837,100.0,0.0,0.0,0.0,Critical
HOS_958,Veena Nagar Health Care Center and Hospital,Hospital,Geomagnetic,76.09809484720837,100.0,0.0,0.0,0.0,Critical
HOS_958,Veena Nagar Health Care Center and Hospital,Hospital,Heat,76.09809484720837,100.0,0.0,0.0,0.0,Critical
HOS_959,Vertex Hospital,Hospital,Flood,72.66546105769493,100.0,0.0,0.0,0.0,High
HOS_959,Vertex Hospital,Hospital,Geomagnetic,72.66546105769493,100.0,0.0,0.0,0.0,High
HOS_959,Vertex Hospital,Hospital,Heat,72.66546105769493,100.0,0.0,0.0,0.0,High
HOS_960,Aaditya Netralaya,Hospital,Flood,78.58236766549936,100.0,0.0,0.0,0.0,Critical
HOS_960,Aaditya Netralaya,Hospital,Geomagnetic,78.58236766549936,100.0,0.0,0.0,0.0,Critical
HOS_960,Aaditya Netralaya,Hospital,Heat,78.58236766549936,100.0,0.0,0.0,0.0,Critical
HOS_961,Chandraganga Hospital - Mulund,Hospital,Flood,78.58236766549936,100.0,0.0,0.0,0.0,Critical
HOS_961,Chandraganga Hospital - Mulund,Hospital,Geomagnetic,78.58236766549936,100.0,0.0,0.0,0.0,Critical
HOS_961,Chandraganga Hospital - Mulund,Hospital,Heat,78.58236766549936,100.0,0.0,0.0,0.0,Critical
HOS_962,Dr. Sabnis Maternity and Nursing Home,Hospital,Flood,78.34974355421895,100.0,0.0,0.0,0.0,Critical
HOS_962,Dr. Sabnis Maternity and Nursing Home,Hospital,Geomagnetic,78.34974355421895,100.0,0.0,0.0,0.0,Critical
HOS_962,Dr. Sabnis Maternity and Nursing Home,Hospital,Heat,78.34974355421895,100.0,0.0,0.0,0.0,Critical
HOS_963,Gomathi Eye Centre,Hospital,Flood,77.96499166161395,100.0,0.0,0.0,0.0,Critical
HOS_963,Gomathi Eye Centre,Hospital,Geomagnetic,77.96499166161395,100.0,0.0,0.0,0.0,Critical
HOS_963,Gomathi Eye Centre,Hospital,Heat,77.96499166161395,100.0,0.0,0.0,0.0,Critical
HOS_964,International Institute Of Sleep Sciences,Hospital,Flood,77.46013153018882,100.0,0.0,0.0,0.0,Critical
HOS_964,International Institute Of Sleep Sciences,Hospital,Geomagnetic,77.46013153018882,100.0,0.0,0.0,0.0,Critical
HOS_964,International Institute Of Sleep Sciences,Hospital,Heat,77.46013153018882,100.0,0.0,0.0,0.0,Critical
HOS_965,Mahatme  Eye Hospital,Hospital,Flood,77.8805449937295,100.0,0.0,0.0,0.0,Critical
HOS_965,Mahatme  Eye Hospital,Hospital,Geomagnetic,77.8805449937295,100.0,0.0,0.0,0.0,Critical
HOS_965,Mahatme  Eye Hospital,Hospital,Heat,77.8805449937295,100.0,0.0,0.0,0.0,Critical
HOS_966,Maher Maternity and Nursing Home,Hospital,Flood,77.92878390749074,100.0,0.0,0.0,0.0,Critical
HOS_966,Maher Maternity and Nursing Home,Hospital,Geomagnetic,77.92878390749074,100.0,0.0,0.0,0.0,Critical
HOS_966,Maher Maternity and Nursing Home,Hospital,Heat,77.92878390749074,100.0,0.0,0.0,0.0,Critical
HOS_967,Maruti Nursing Home,Hospital,Flood,77.8805449937295,100.0,0.0,0.0,0.0,Critical
HOS_967,Maruti Nursing Home,Hospital,Geomagnetic,77.8805449937295,100.0,0.0,0.0,0.0,Critical
HOS_967,Maruti Nursing Home,Hospital,Heat,77.8805449937295,100.0,0.0,0.0,0.0,Critical
HOS_968,Mulund Nursing Home,Hospital,Flood,78.58236766549936,100.0,0.0,0.0,0.0,Critical
HOS_968,Mulund Nursing Home,Hospital,Geomagnetic,78.58236766549936,100.0,0.0,0.0,0.0,Critical
HOS_968,Mulund Nursing Home,Hospital,Heat,78.58236766549936,100.0,0.0,0.0,0.0,Critical
HOS_969,Omkar Surgical and Maternity Home,Hospital,Flood,78.58236766549936,100.0,0.0,0.0,0.0,Critical
HOS_969,Omkar Surgical and Maternity Home,Hospital,Geomagnetic,78.58236766549936,100.0,0.0,0.0,0.0,Critical
HOS_969,Omkar Surgical and Maternity Home,Hospital,Heat,78.58236766549936,100.0,0.0,0.0,0.0,Critical
HOS_97,Nagori Clinic And Nursing Home,Hospital,Flood,76.74862985147934,100.0,0.0,0.0,0.0,Critical
HOS_97,Nagori Clinic And Nursing Home,Hospital,Geomagnetic,76.74862985147934,100.0,0.0,0.0,0.0,Critical
HOS_97,Nagori Clinic And Nursing Home,Hospital,Heat,76.74862985147934,100.0,0.0,0.0,0.0,Critical
HOS_970,R. G. Stone Urological and Research Institute,Hospital,Flood,74.16247797412278,100.0,0.0,0.0,0.0,High
HOS_970,R. G. Stone Urological and Research Institute,Hospital,Geomagnetic,74.16247797412278,100.0,0.0,0.0,0.0,High
HOS_970,R. G. Stone Urological and Research Institute,Hospital,Heat,74.16247797412278,100.0,0.0,0.0,0.0,High
HOS_971,Saidhanhospital Iccu and Eye Care,Hospital,Flood,78.58236766549936,100.0,0.0,0.0,0.0,Critical
HOS_971,Saidhanhospital Iccu and Eye Care,Hospital,Geomagnetic,78.58236766549936,100.0,0.0,0.0,0.0,Critical
HOS_971,Saidhanhospital Iccu and Eye Care,Hospital,Heat,78.58236766549936,100.0,0.0,0.0,0.0,Critical
HOS_972,Shushrusha Hospital and Icu,Hospital,Flood,77.84596528913136,100.0,0.0,0.0,0.0,Critical
HOS_972,Shushrusha Hospital and Icu,Hospital,Geomagnetic,77.84596528913136,100.0,0.0,0.0,0.0,Critical
HOS_972,Shushrusha Hospital and Icu,Hospital,Heat,77.84596528913136,100.0,0.0,0.0,0.0,Critical
HOS_973,Aastha Health Care - Mumbai,Hospital,Flood,75.37290704708617,100.0,0.0,0.0,0.0,Critical
HOS_973,Aastha Health Care - Mumbai,Hospital,Geomagnetic,75.37290704708617,100.0,0.0,0.0,0.0,Critical
HOS_973,Aastha Health Care - Mumbai,Hospital,Heat,75.37290704708617,100.0,0.0,0.0,0.0,Critical
HOS_974,Ashirwad Maternity and Nursing Home,Hospital,Flood,75.02351965084996,100.0,0.0,0.0,0.0,Critical
HOS_974,Ashirwad Maternity and Nursing Home,Hospital,Geomagnetic,75.02351965084996,100.0,0.0,0.0,0.0,Critical
HOS_974,Ashirwad Maternity and Nursing Home,Hospital,Heat,75.02351965084996,100.0,0.0,0.0,0.0,Critical
HOS_975,Sai Siddhi Hospital,Hospital,Flood,75.35871570409986,100.0,0.0,0.0,0.0,Critical
HOS_975,Sai Siddhi Hospital,Hospital,Geomagnetic,75.35871570409986,100.0,0.0,0.0,0.0,Critical
HOS_975,Sai Siddhi Hospital,Hospital,Heat,75.35871570409986,100.0,0.0,0.0,0.0,Critical
HOS_976,Atul - Lok Hospital,Hospital,Flood,74.31644934267933,100.0,0.0,0.0,0.0,High
HOS_976,Atul - Lok Hospital,Hospital,Geomagnetic,74.31644934267933,100.0,0.0,0.0,0.0,High
HOS_976,Atul - Lok Hospital,Hospital,Heat,74.31644934267933,100.0,0.0,0.0,0.0,High
HOS_977,Godrej Memorial Hospital,Hospital,Flood,72.76765075804968,100.0,0.0,0.0,0.0,High
HOS_977,Godrej Memorial Hospital,Hospital,Geomagnetic,72.76765075804968,100.0,0.0,0.0,0.0,High
HOS_977,Godrej Memorial Hospital,Hospital,Heat,72.76765075804968,100.0,0.0,0.0,0.0,High
HOS_978,Jan-Seva Charitable Trust`S Sai-Krupa General Hospital,Hospital,Flood,74.57646241470715,100.0,0.0,0.0,0.0,High
HOS_978,Jan-Seva Charitable Trust`S Sai-Krupa General Hospital,Hospital,Geomagnetic,74.57646241470715,100.0,0.0,0.0,0.0,High
HOS_978,Jan-Seva Charitable Trust`S Sai-Krupa General Hospital,Hospital,Heat,74.57646241470715,100.0,0.0,0.0,0.0,High
HOS_979,Laxmi Health Care Center and Iccu,Hospital,Flood,72.08861468143814,100.0,0.0,0.0,0.0,High
HOS_979,Laxmi Health Care Center and Iccu,Hospital,Geomagnetic,72.08861468143814,100.0,0.0,0.0,0.0,High
HOS_979,Laxmi Health Care Center and Iccu,Hospital,Heat,72.08861468143814,100.0,0.0,0.0,0.0,High
HOS_98,Prathmesh General Hospital and Iccu,Hospital,Flood,74.16247797412278,100.0,0.0,0.0,0.0,High
HOS_98,Prathmesh General Hospital and Iccu,Hospital,Geomagnetic,74.16247797412278,100.0,0.0,0.0,0.0,High
HOS_98,Prathmesh General Hospital and Iccu,Hospital,Heat,74.16247797412278,100.0,0.0,0.0,0.0,High
HOS_980,Modi General Hospital And Iccu,Hospital,Flood,68.20199255607885,100.0,0.0,0.0,0.0,High
HOS_980,Modi General Hospital And Iccu,Hospital,Geomagnetic,68.20199255607885,100.0,0.0,0.0,0.0,High
HOS_980,Modi General Hospital And Iccu,Hospital,Heat,68.20199255607885,100.0,0.0,0.0,0.0,High
HOS_981,Ruby Medical Centre,Hospital,Flood,72.08861468143814,100.0,0.0,0.0,0.0,High
HOS_981,Ruby Medical Centre,Hospital,Geomagnetic,72.08861468143814,100.0,0.0,0.0,0.0,High
HOS_981,Ruby Medical Centre,Hospital,Heat,72.08861468143814,100.0,0.0,0.0,0.0,High
HOS_982,Shakuntala Nursing Home,Hospital,Flood,72.08861468143814,100.0,0.0,0.0,0.0,High
HOS_982,Shakuntala Nursing Home,Hospital,Geomagnetic,72.08861468143814,100.0,0.0,0.0,0.0,High
HOS_982,Shakuntala Nursing Home,Hospital,Heat,72.08861468143814,100.0,0.0,0.0,0.0,High
HOS_983,Shrinathji Hospital,Hospital,Flood,73.78726785047917,100.0,0.0,0.0,0.0,High
HOS_983,Shrinathji Hospital,Hospital,Geomagnetic,73.78726785047917,100.0,0.0,0.0,0.0,High
HOS_983,Shrinathji Hospital,Hospital,Heat,73.78726785047917,100.0,0.0,0.0,0.0,High
HOS_984,Yashwant Hospital,Hospital,Flood,72.08861468143814,100.0,0.0,0.0,0.0,High
HOS_984,Yashwant Hospital,Hospital,Geomagnetic,72.08861468143814,100.0,0.0,0.0,0.0,High
HOS_984,Yashwant Hospital,Hospital,Heat,72.08861468143814,100.0,0.0,0.0,0.0,High
HOS_985,Abhishek Nursing Home,Hospital,Flood,70.78888406092612,100.0,0.0,0.0,0.0,High
HOS_985,Abhishek Nursing Home,Hospital,Geomagnetic,70.78888406092612,100.0,0.0,0.0,0.0,High
HOS_985,Abhishek Nursing Home,Hospital,Heat,70.78888406092612,100.0,0.0,0.0,0.0,High
HOS_986,Sagar Nursing Home and Icu,Hospital,Flood,70.46276976913077,100.0,0.0,0.0,0.0,High
HOS_986,Sagar Nursing Home and Icu,Hospital,Geomagnetic,70.46276976913077,100.0,0.0,0.0,0.0,High
HOS_986,Sagar Nursing Home and Icu,Hospital,Heat,70.46276976913077,100.0,0.0,0.0,0.0,High
HOS_987,Vivek Maternity And Nursing Home,Hospital,Flood,70.46276976913077,100.0,0.0,0.0,0.0,High
HOS_987,Vivek Maternity And Nursing Home,Hospital,Geomagnetic,70.46276976913077,100.0,0.0,0.0,0.0,High
HOS_987,Vivek Maternity And Nursing Home,Hospital,Heat,70.46276976913077,100.0,0.0,0.0,0.0,High
HOS_988,Adarsh General and Maternity Nursing Home- Ghatkopar,Hospital,Flood,70.46276976913077,100.0,0.0,0.0,0.0,High
HOS_988,Adarsh General and Maternity Nursing Home- Ghatkopar,Hospital,Geomagnetic,70.46276976913077,100.0,0.0,0.0,0.0,High
HOS_988,Adarsh General and Maternity Nursing Home- Ghatkopar,Hospital,Heat,70.46276976913077,100.0,0.0,0.0,0.0,High
HOS_989,Advanced Ent Center,Hospital,Flood,70.46276976913077,100.0,0.0,0.0,0.0,High
HOS_989,Advanced Ent Center,Hospital,Geomagnetic,70.46276976913077,100.0,0.0,0.0,0.0,High
HOS_989,Advanced Ent Center,Hospital,Heat,70.46276976913077,100.0,0.0,0.0,0.0,High
HOS_99,Sadhu-Kamal Eye Hospital,Hospital,Flood,77.7625351116517,100.0,0.0,0.0,0.0,Critical
HOS_99,Sadhu-Kamal Eye Hospital,Hospital,Geomagnetic,77.7625351116517,100.0,0.0,0.0,0.0,Critical
HOS_99,Sadhu-Kamal Eye Hospital,Hospital,Heat,77.7625351116517,100.0,0.0,0.0,0.0,Critical
HOS_990,Amar Jyot Eye Care Centre,Hospital,Flood,70.46276976913077,100.0,0.0,0.0,0.0,High
HOS_990,Amar Jyot Eye Care Centre,Hospital,Geomagnetic,70.46276976913077,100.0,0.0,0.0,0.0,High
HOS_990,Amar Jyot Eye Care Centre,Hospital,Heat,70.46276976913077,100.0,0.0,0.0,0.0,High
HOS_991,Dalal Hospital,Hospital,Flood,70.4919983227194,100.0,0.0,0.0,0.0,High
HOS_991,Dalal Hospital,Hospital,Geomagnetic,70.4919983227194,100.0,0.0,0.0,0.0,High
HOS_991,Dalal Hospital,Hospital,Heat,70.4919983227194,100.0,0.0,0.0,0.0,High
HOS_992,Divya Rekha Eye Hospital,Hospital,Flood,70.46276976913077,100.0,0.0,0.0,0.0,High
HOS_992,Divya Rekha Eye Hospital,Hospital,Geomagnetic,70.46276976913077,100.0,0.0,0.0,0.0,High
HOS_992,Divya Rekha Eye Hospital,Hospital,Heat,70.46276976913077,100.0,0.0,0.0,0.0,High
HOS_993,Dr Sonagra Medical And Surgical Centre,Hospital,Flood,70.46276976913077,100.0,0.0,0.0,0.0,High
HOS_993,Dr Sonagra Medical And Surgical Centre,Hospital,Geomagnetic,70.46276976913077,100.0,0.0,0.0,0.0,High
HOS_993,Dr Sonagra Medical And Surgical Centre,Hospital,Heat,70.46276976913077,100.0,0.0,0.0,0.0,High
HOS_994,Dr Sules Vaibhav Polyclinic and Siddharth Nursing Home,Hospital,Flood,70.46276976913077,100.0,0.0,0.0,0.0,High
HOS_994,Dr Sules Vaibhav Polyclinic and Siddharth Nursing Home,Hospital,Geomagnetic,70.46276976913077,100.0,0.0,0.0,0.0,High
HOS_994,Dr Sules Vaibhav Polyclinic and Siddharth Nursing Home,Hospital,Heat,70.46276976913077,100.0,0.0,0.0,0.0,High
HOS_995,Dr. Bhanushalis Nursingh Home,Hospital,Flood,70.03205110131998,100.0,0.0,0.0,0.0,High
HOS_995,Dr. Bhanushalis Nursingh Home,Hospital,Geomagnetic,70.03205110131998,100.0,0.0,0.0,0.0,High
HOS_995,Dr. Bhanushalis Nursingh Home,Hospital,Heat,70.03205110131998,100.0,0.0,0.0,0.0,High
HOS_996,Dr. Savlas Polyclinic And Nursing Home - Mumbai,Hospital,Flood,70.46276976913077,100.0,0.0,0.0,0.0,High
HOS_996,Dr. Savlas Polyclinic And Nursing Home - Mumbai,Hospital,Geomagnetic,70.46276976913077,100.0,0.0,0.0,0.0,High
HOS_996,Dr. Savlas Polyclinic And Nursing Home - Mumbai,Hospital,Heat,70.46276976913077,100.0,0.0,0.0,0.0,High
HOS_997,Dr. Vinod B Joshi Maternity Nursing Home,Hospital,Flood,70.46276976913077,100.0,0.0,0.0,0.0,High
HOS_997,Dr. Vinod B Joshi Maternity Nursing Home,Hospital,Geomagnetic,70.46276976913077,100.0,0.0,0.0,0.0,High
HOS_997,Dr. Vinod B Joshi Maternity Nursing Home,Hospital,Heat,70.46276976913077,100.0,0.0,0.0,0.0,High
HOS_998,Fracture Care Hospital and Dignostic Center,Hospital,Flood,70.46276976913077,100.0,0.0,0.0,0.0,High
HOS_998,Fracture Care Hospital and Dignostic Center,Hospital,Geomagnetic,70.46276976913077,100.0,0.0,0.0,0.0,High
HOS_998,Fracture Care Hospital and Dignostic Center,Hospital,Heat,70.46276976913077,100.0,0.0,0.0,0.0,High
HOS_999,Furia's Eye Clinic,Hospital,Flood,70.38557977178719,100.0,0.0,0.0,0.0,High
HOS_999,Furia's Eye Clinic,Hospital,Geomagnetic,70.38557977178719,100.0,0.0,0.0,0.0,High
HOS_999,Furia's Eye Clinic,Hospital,Heat,70.38557977178719,100.0,0.0,0.0,0.0,High
PWR_NPCIL_TARAPUR_U1,TARAPUR,Power Station,Flood,92.1532364020414,100.0,0.0,0.0,0.0,Critical
PWR_NPCIL_TARAPUR_U1,TARAPUR,Power Station,Geomagnetic,92.1532364020414,100.0,0.0,0.0,0.0,Critical
PWR_NPCIL_TARAPUR_U1,TARAPUR,Power Station,Heat,92.1532364020414,100.0,0.0,0.0,0.0,Critical
PWR_NPCIL_TARAPUR_U2,TARAPUR,Power Station,Flood,92.1532364020414,100.0,0.0,0.0,0.0,Critical
PWR_NPCIL_TARAPUR_U2,TARAPUR,Power Station,Geomagnetic,92.1532364020414,100.0,0.0,0.0,0.0,Critical
PWR_NPCIL_TARAPUR_U2,TARAPUR,Power Station,Heat,92.1532364020414,100.0,0.0,0.0,0.0,Critical
PWR_NPCIL_TARAPUR_U3,TARAPUR,Power Station,Flood,96.22859906516304,100.0,0.0,0.0,0.0,Critical
PWR_NPCIL_TARAPUR_U3,TARAPUR,Power Station,Geomagnetic,96.22859906516304,100.0,0.0,0.0,0.0,Critical
PWR_NPCIL_TARAPUR_U3,TARAPUR,Power Station,Heat,96.22859906516304,100.0,0.0,0.0,0.0,Critical
PWR_NPCIL_TARAPUR_U4,TARAPUR,Power Station,Flood,96.22859906516304,100.0,0.0,0.0,0.0,Critical
PWR_NPCIL_TARAPUR_U4,TARAPUR,Power Station,Geomagnetic,96.22859906516304,100.0,0.0,0.0,0.0,Critical
PWR_NPCIL_TARAPUR_U4,TARAPUR,Power Station,Heat,96.22859906516304,100.0,0.0,0.0,0.0,Critical
PWR_TATA PCL_TROMBAY CCPP_U1,TROMBAY CCPP,Power Station,Flood,91.42285748149388,100.0,0.0,0.0,0.0,Critical
PWR_TATA PCL_TROMBAY CCPP_U1,TROMBAY CCPP,Power Station,Geomagnetic,91.42285748149388,100.0,0.0,0.0,0.0,Critical
PWR_TATA PCL_TROMBAY CCPP_U1,TROMBAY CCPP,Power Station,Heat,91.42285748149388,100.0,0.0,0.0,0.0,Critical
PWR_TATA PCL_TROMBAY CCPP_U2,TROMBAY CCPP,Power Station,Flood,89.25651870104808,100.0,0.0,0.0,0.0,Critical
PWR_TATA PCL_TROMBAY CCPP_U2,TROMBAY CCPP,Power Station,Geomagnetic,89.25651870104808,100.0,0.0,0.0,0.0,Critical
PWR_TATA PCL_TROMBAY CCPP_U2,TROMBAY CCPP,Power Station,Heat,89.25651870104808,100.0,0.0,0.0,0.0,Critical
PWR_TATA PCL_TROMBAY TPS_U5,TROMBAY TPS,Power Station,Flood,96.10391918420216,100.0,0.0,0.0,0.0,Critical
PWR_TATA PCL_TROMBAY TPS_U5,TROMBAY TPS,Power Station,Geomagnetic,96.10391918420216,100.0,0.0,0.0,0.0,Critical
PWR_TATA PCL_TROMBAY TPS_U5,TROMBAY TPS,Power Station,Heat,96.10391918420216,100.0,0.0,0.0,0.0,Critical
PWR_TATA PCL_TROMBAY TPS_U8,TROMBAY TPS,Power Station,Flood,94.02844531758537,100.0,0.0,0.0,0.0,Critical
PWR_TATA PCL_TROMBAY TPS_U8,TROMBAY TPS,Power Station,Geomagnetic,94.02844531758537,100.0,0.0,0.0,0.0,Critical
PWR_TATA PCL_TROMBAY TPS_U8,TROMBAY TPS,Power Station,Heat,94.02844531758537,100.0,0.0,0.0,0.0,Critical
SUB_1,220kV BORIVALI,Substation,Flood,98.34996279031029,100.0,115.0,0.7443478260869565,3.6548173913043476,Critical
SUB_1,220kV BORIVALI,Substation,Geomagnetic,98.34996279031029,100.0,115.0,0.7443478260869565,3.6548173913043476,Critical
SUB_1,220kV BORIVALI,Substation,Heat,98.34996279031029,100.0,115.0,0.7443478260869565,3.654817391304348,Critical
SUB_2,220kV TROMBAY,Substation,Flood,97.27398924626692,100.0,33.0,0.709090909090909,3.522151515151515,Critical
SUB_2,220kV TROMBAY,Substation,Geomagnetic,97.27398924626692,100.0,33.0,0.709090909090909,3.5221515151515144,Critical
SUB_2,220kV TROMBAY,Substation,Heat,97.27398924626692,100.0,33.0,0.709090909090909,3.522151515151515,Critical
SUB_3,220kV MULUND,Substation,Flood,99.68603365013874,100.0,118.0,0.7228813559322034,3.3078559322033896,Critical
SUB_3,220kV MULUND,Substation,Geomagnetic,99.68603365013874,100.0,118.0,0.7228813559322034,3.30785593220339,Critical
SUB_3,220kV MULUND,Substation,Heat,99.68603365013874,100.0,118.0,0.7228813559322034,3.3078559322033905,Critical
SUB_4,220kV GIS BHANDUP,Substation,Flood,98.6741775665058,100.0,115.0,0.8904347826086956,1.8724347826086958,Critical
SUB_4,220kV GIS BHANDUP,Substation,Geomagnetic,98.6741775665058,100.0,115.0,0.8904347826086956,1.872434782608696,Critical
SUB_4,220kV GIS BHANDUP,Substation,Heat,98.6741775665058,100.0,115.0,0.8904347826086956,1.872434782608696,Critical
