Asset_ID,Asset_Type,Asset_Name,Latitude,Longitude,Hazard_Type,Hazard_Severity,Risk_Score,Risk_Level,ML_Anomaly,ML_Anomaly_Score
HOS_1,Hospital,Apex Kidney Care Pvt. Ltd.,,,Flood,100.0,61.68,High,0,0.5244058818855553
HOS_1,Hospital,Apex Kidney Care Pvt. Ltd.,,,Geomagnetic,100.0,57.63,High,1,0.540477420964363
HOS_1,Hospital,Apex Kidney Care Pvt. Ltd.,,,Heat,100.0,60.36,High,0,0.5244058818855553
HOS_10,Hospital,Dr Telangs Dhanvantari Hospital,,,Flood,100.0,61.68,High,0,0.5244058818855553
HOS_10,Hospital,Dr Telangs Dhanvantari Hospital,,,Geomagnetic,100.0,57.63,High,1,0.540477420964363
HOS_10,Hospital,Dr Telangs Dhanvantari Hospital,,,Heat,100.0,60.36,High,0,0.5244058818855553
HOS_100,Hospital,Swastik Nursing Home,19.0552812,72.8892082,Flood,100.0,61.68,High,0,0.4869022706222187
HOS_100,Hospital,Swastik Nursing Home,19.0552812,72.8892082,Geomagnetic,100.0,57.63,High,0,0.4885006107882728
HOS_100,Hospital,Swastik Nursing Home,19.0552812,72.8892082,Heat,100.0,60.36,High,0,0.4869022706222187
HOS_1000,Hospital,H. J. Doshi Ghatkopar Hindu Sabha Hospital,19.0294825,72.8560871,Flood,100.0,61.68,High,0,0.4834394868986975
HOS_1000,Hospital,H. J. Doshi Ghatkopar Hindu Sabha Hospital,19.0294825,72.8560871,Geomagnetic,100.0,57.63,High,0,0.4898613038284958
HOS_1000,Hospital,H. J. Doshi Ghatkopar Hindu Sabha Hospital,19.0294825,72.8560871,Heat,100.0,60.36,High,0,0.4834394868986975
HOS_1001,Hospital,Harilal Jechand Doshi Ghotkopar Hindu Sabha Hospit,19.0860468,72.9080866,Flood,100.0,61.68,High,0,0.4863878795657421
HOS_1001,Hospital,Harilal Jechand Doshi Ghotkopar Hindu Sabha Hospit,19.0860468,72.9080866,Geomagnetic,100.0,57.63,High,0,0.489440057132856
HOS_1001,Hospital,Harilal Jechand Doshi Ghotkopar Hindu Sabha Hospit,19.0860468,72.9080866,Heat,100.0,60.36,High,0,0.4863878795657421
HOS_1002,Hospital,Jeevan Jyot Hospital,19.1445583,72.9373038,Flood,100.0,67.29,High,0,0.5286065516453847
HOS_1002,Hospital,Jeevan Jyot Hospital,19.1445583,72.9373038,Geomagnetic,100.0,62.86,High,0,0.5294665748632114
HOS_1002,Hospital,Jeevan Jyot Hospital,19.1445583,72.9373038,Heat,100.0,65.85,High,0,0.5286065516453847
HOS_1003,Hospital,Jeevandeep Children Hospital,19.0908063,72.9076669,Flood,100.0,61.68,High,0,0.4853929732523691
HOS_1003,Hospital,Jeevandeep Children Hospital,19.0908063,72.9076669,Geomagnetic,100.0,57.63,High,0,0.4885123930199479
HOS_1003,Hospital,Jeevandeep Children Hospital,19.0908063,72.9076669,Heat,100.0,60.36,High,0,0.4853929732523691
HOS_1004,Hospital,Jivdaya Hospital,19.07907,72.907976,Flood,100.0,61.68,High,0,0.4888318031180925
HOS_1004,Hospital,Jivdaya Hospital,19.07907,72.907976,Geomagnetic,100.0,57.63,High,0,0.4917886586693027
HOS_1004,Hospital,Jivdaya Hospital,19.07907,72.907976,Heat,100.0,60.36,High,0,0.4888318031180925
HOS_1005,Hospital,Kedia Nursing Home,19.0898792,72.908696,Flood,100.0,61.68,High,0,0.485701184286173
HOS_1005,Hospital,Kedia Nursing Home,19.0898792,72.908696,Geomagnetic,100.0,57.63,High,0,0.4887123536720064
HOS_1005,Hospital,Kedia Nursing Home,19.0898792,72.908696,Heat,100.0,60.36,High,0,0.485701184286173
HOS_1006,Hospital,Matangi Nursing Home,19.0886373,72.9080266,Flood,100.0,61.68,High,0,0.4850749420299107
HOS_1006,Hospital,Matangi Nursing Home,19.0886373,72.9080266,Geomagnetic,100.0,57.63,High,0,0.4883350579427616
HOS_1006,Hospital,Matangi Nursing Home,19.0886373,72.9080266,Heat,100.0,60.36,High,0,0.4850749420299107
HOS_1007,Hospital,Medico Surgical Clinic And Hospital,19.0879271,72.90482,Flood,100.0,61.68,High,0,0.4844973431491403
HOS_1007,Hospital,Medico Surgical Clinic And Hospital,19.0879271,72.90482,Geomagnetic,100.0,57.63,High,0,0.4887485802652511
HOS_1007,Hospital,Medico Surgical Clinic And Hospital,19.0879271,72.90482,Heat,100.0,60.36,High,0,0.4844973431491403
HOS_1008,Hospital,Navnirman Maternity And Surgical Hospital,19.0908063,72.9076669,Flood,100.0,61.68,High,0,0.4853929732523691
HOS_1008,Hospital,Navnirman Maternity And Surgical Hospital,19.0908063,72.9076669,Geomagnetic,100.0,57.63,High,0,0.4885123930199479
HOS_1008,Hospital,Navnirman Maternity And Surgical Hospital,19.0908063,72.9076669,Heat,100.0,60.36,High,0,0.4853929732523691
HOS_1009,Hospital,Noble Hospital,19.0898792,72.908696,Flood,100.0,61.68,High,0,0.485701184286173
HOS_1009,Hospital,Noble Hospital,19.0898792,72.908696,Geomagnetic,100.0,57.63,High,0,0.4887123536720064
HOS_1009,Hospital,Noble Hospital,19.0898792,72.908696,Heat,100.0,60.36,High,0,0.485701184286173
HOS_101,Hospital,M.H. Saboo Siddique Maternity and General Hospital - Masjid,18.9506004,72.8382547,Flood,100.0,61.68,High,1,0.5568009354340273
HOS_101,Hospital,M.H. Saboo Siddique Maternity and General Hospital - Masjid,18.9506004,72.8382547,Geomagnetic,100.0,57.63,High,1,0.5568009354340273
HOS_101,Hospital,M.H. Saboo Siddique Maternity and General Hospital - Masjid,18.9506004,72.8382547,Heat,100.0,60.36,High,1,0.5568009354340273
HOS_1010,Hospital,Nulife Hospital,19.0898792,72.908696,Flood,100.0,61.68,High,0,0.485701184286173
HOS_1010,Hospital,Nulife Hospital,19.0898792,72.908696,Geomagnetic,100.0,57.63,High,0,0.4887123536720064
HOS_1010,Hospital,Nulife Hospital,19.0898792,72.908696,Heat,100.0,60.36,High,0,0.485701184286173
HOS_1011,Hospital,Psychiatric Clinic and Rehabiliation Centre,19.0898792,72.908696,Flood,100.0,61.68,High,0,0.485701184286173
HOS_1011,Hospital,Psychiatric Clinic and Rehabiliation Centre,19.0898792,72.908696,Geomagnetic,100.0,57.63,High,0,0.4887123536720064
HOS_1011,Hospital,Psychiatric Clinic and Rehabiliation Centre,19.0898792,72.908696,Heat,100.0,60.36,High,0,0.485701184286173
HOS_1012,Hospital,Pushpak Maternity and Nursing Home,19.1029426,72.9117206,Flood,100.0,61.68,High,0,0.4926068054069907
HOS_1012,Hospital,Pushpak Maternity and Nursing Home,19.1029426,72.9117206,Geomagnetic,100.0,57.63,High,0,0.49594475152978
HOS_1012,Hospital,Pushpak Maternity and Nursing Home,19.1029426,72.9117206,Heat,100.0,60.36,High,0,0.4926068054069907
HOS_1013,Hospital,Sanghavi Eye Clinic,19.0864675,72.9041042,Flood,100.0,61.68,High,0,0.4851479130721745
HOS_1013,Hospital,Sanghavi Eye Clinic,19.0864675,72.9041042,Geomagnetic,100.0,57.63,High,0,0.4897212508468775
HOS_1013,Hospital,Sanghavi Eye Clinic,19.0864675,72.9041042,Heat,100.0,60.36,High,0,0.4851479130721745
HOS_1014,Hospital,Sanjeevani Nursing Home,19.0868475,72.9079402,Flood,100.0,61.68,High,0,0.4854641976195406
HOS_1014,Hospital,Sanjeevani Nursing Home,19.0868475,72.9079402,Geomagnetic,100.0,57.63,High,0,0.4890642203657493
HOS_1014,Hospital,Sanjeevani Nursing Home,19.0868475,72.9079402,Heat,100.0,60.36,High,0,0.4854641976195406
HOS_1015,Hospital,Sapna Health Care Centre Pvt Ltd,19.0898792,72.908696,Flood,100.0,61.68,High,0,0.485701184286173
HOS_1015,Hospital,Sapna Health Care Centre Pvt Ltd,19.0898792,72.908696,Geomagnetic,100.0,57.63,High,0,0.4887123536720064
HOS_1015,Hospital,Sapna Health Care Centre Pvt Ltd,19.0898792,72.908696,Heat,100.0,60.36,High,0,0.485701184286173
HOS_1016,Hospital,Sarita Eye Clinic,19.0879271,72.90482,Flood,100.0,61.68,High,0,0.4844973431491403
HOS_1016,Hospital,Sarita Eye Clinic,19.0879271,72.90482,Geomagnetic,100.0,57.63,High,0,0.4887485802652511
HOS_1016,Hospital,Sarita Eye Clinic,19.0879271,72.90482,Heat,100.0,60.36,High,0,0.4844973431491403
HOS_1017,Hospital,Shakunntala Maternity and Surgical Home,19.0898792,72.908696,Flood,100.0,61.68,High,0,0.485701184286173
HOS_1017,Hospital,Shakunntala Maternity and Surgical Home,19.0898792,72.908696,Geomagnetic,100.0,57.63,High,0,0.4887123536720064
HOS_1017,Hospital,Shakunntala Maternity and Surgical Home,19.0898792,72.908696,Heat,100.0,60.36,High,0,0.485701184286173
HOS_1018,Hospital,Shankutala Maternity and Surgical Home,19.0898792,72.908696,Flood,100.0,61.68,High,0,0.485701184286173
HOS_1018,Hospital,Shankutala Maternity and Surgical Home,19.0898792,72.908696,Geomagnetic,100.0,57.63,High,0,0.4887123536720064
HOS_1018,Hospital,Shankutala Maternity and Surgical Home,19.0898792,72.908696,Heat,100.0,60.36,High,0,0.485701184286173
HOS_1019,Hospital,Shanti Nursing Home,19.0908063,72.9076669,Flood,100.0,61.68,High,0,0.4853929732523691
HOS_1019,Hospital,Shanti Nursing Home,19.0908063,72.9076669,Geomagnetic,100.0,57.63,High,0,0.4885123930199479
HOS_1019,Hospital,Shanti Nursing Home,19.0908063,72.9076669,Heat,100.0,60.36,High,0,0.4853929732523691
HOS_102,Hospital,Gokul Hospital,19.1330996,72.8372689,Flood,100.0,70.09,High,0,0.4775882507354001
HOS_102,Hospital,Gokul Hospital,19.1330996,72.8372689,Geomagnetic,100.0,65.48,High,0,0.4839013100305062
HOS_102,Hospital,Gokul Hospital,19.1330996,72.8372689,Heat,100.0,68.59,High,0,0.4775882507354001
HOS_1020,Hospital,Shradha Heart Hospital,19.0932331,72.9136926,Flood,100.0,61.68,High,0,0.4931464568928197
HOS_1020,Hospital,Shradha Heart Hospital,19.0932331,72.9136926,Geomagnetic,100.0,57.63,High,0,0.4966958948229898
HOS_1020,Hospital,Shradha Heart Hospital,19.0932331,72.9136926,Heat,100.0,60.36,High,0,0.4931464568928197
HOS_1021,Hospital,Shree Nagher Samaj Sanchalit Hospital,19.0908063,72.9076669,Flood,100.0,61.68,High,0,0.4853929732523691
HOS_1021,Hospital,Shree Nagher Samaj Sanchalit Hospital,19.0908063,72.9076669,Geomagnetic,100.0,57.63,High,0,0.4885123930199479
HOS_1021,Hospital,Shree Nagher Samaj Sanchalit Hospital,19.0908063,72.9076669,Heat,100.0,60.36,High,0,0.4853929732523691
HOS_1022,Hospital,Shree Sukh Shanti Hospital,,,Flood,100.0,61.68,High,0,0.5244058818855553
HOS_1022,Hospital,Shree Sukh Shanti Hospital,,,Geomagnetic,100.0,57.63,High,1,0.540477420964363
HOS_1022,Hospital,Shree Sukh Shanti Hospital,,,Heat,100.0,60.36,High,0,0.5244058818855553
HOS_1023,Hospital,Suyog Urology Centre,19.0908063,72.9076669,Flood,100.0,61.68,High,0,0.4853929732523691
HOS_1023,Hospital,Suyog Urology Centre,19.0908063,72.9076669,Geomagnetic,100.0,57.63,High,0,0.4885123930199479
HOS_1023,Hospital,Suyog Urology Centre,19.0908063,72.9076669,Heat,100.0,60.36,High,0,0.4853929732523691
HOS_1024,Hospital,Thakur Eye Clinic - Ghatkopar,19.0898792,72.908696,Flood,100.0,61.68,High,0,0.485701184286173
HOS_1024,Hospital,Thakur Eye Clinic - Ghatkopar,19.0898792,72.908696,Geomagnetic,100.0,57.63,High,0,0.4887123536720064
HOS_1024,Hospital,Thakur Eye Clinic - Ghatkopar,19.0898792,72.908696,Heat,100.0,60.36,High,0,0.485701184286173
HOS_1025,Hospital,Vaibhav Polyclinic and Siddharth Nursing Home,19.0880594,72.905286,Flood,100.0,61.68,High,0,0.4834314988820699
HOS_1025,Hospital,Vaibhav Polyclinic and Siddharth Nursing Home,19.0880594,72.905286,Geomagnetic,100.0,57.63,High,0,0.4876733837142677
HOS_1025,Hospital,Vaibhav Polyclinic and Siddharth Nursing Home,19.0880594,72.905286,Heat,100.0,60.36,High,0,0.4834314988820699
HOS_1026,Hospital,Vatsalya Maternity and Surgical Nursing Home,19.010738,72.832083,Flood,100.0,61.68,High,0,0.5040215168366932
HOS_1026,Hospital,Vatsalya Maternity and Surgical Nursing Home,19.010738,72.832083,Geomagnetic,100.0,57.63,High,0,0.5041371503891443
HOS_1026,Hospital,Vatsalya Maternity and Surgical Nursing Home,19.010738,72.832083,Heat,100.0,60.36,High,0,0.5040215168366932
HOS_1027,Hospital,Zynova Heartcare Pvt. Ltd. / The Metropolitan Heart Institute And Research Centre,19.0908063,72.9076669,Flood,100.0,61.68,High,0,0.4853929732523691
HOS_1027,Hospital,Zynova Heartcare Pvt. Ltd. / The Metropolitan Heart Institute And Research Centre,19.0908063,72.9076669,Geomagnetic,100.0,57.63,High,0,0.4885123930199479
HOS_1027,Hospital,Zynova Heartcare Pvt. Ltd. / The Metropolitan Heart Institute And Research Centre,19.0908063,72.9076669,Heat,100.0,60.36,High,0,0.4853929732523691
HOS_1028,Hospital,Kallash Jeevan Hospital,19.0516874,72.9194798,Flood,100.0,61.68,High,0,0.5218826312587767
HOS_1028,Hospital,Kallash Jeevan Hospital,19.0516874,72.9194798,Geomagnetic,100.0,57.63,High,0,0.5225539227051659
HOS_1028,Hospital,Kallash Jeevan Hospital,19.0516874,72.9194798,Heat,100.0,60.36,High,0,0.5218826312587767
HOS_1029,Hospital,Nova Medical Centres Private Limited,19.0327996,72.8963568,Flood,100.0,66.72,High,0,0.5089450358123132
HOS_1029,Hospital,Nova Medical Centres Private Limited,19.0327996,72.8963568,Geomagnetic,100.0,62.34,High,0,0.5115068518584044
HOS_1029,Hospital,Nova Medical Centres Private Limited,19.0327996,72.8963568,Heat,100.0,65.3,High,0,0.5089450358123132
HOS_103,Hospital,Prince Aly Khan Hospital,18.970835,72.8357489,Flood,100.0,61.68,High,1,0.5418803816875705
HOS_103,Hospital,Prince Aly Khan Hospital,18.970835,72.8357489,Geomagnetic,100.0,57.63,High,1,0.5418803816875705
HOS_103,Hospital,Prince Aly Khan Hospital,18.970835,72.8357489,Heat,100.0,60.36,High,1,0.5418803816875705
HOS_1030,Hospital,Platinum Hospital,,,Flood,100.0,61.68,High,0,0.5244058818855553
HOS_1030,Hospital,Platinum Hospital,,,Geomagnetic,100.0,57.63,High,1,0.540477420964363
HOS_1030,Hospital,Platinum Hospital,,,Heat,100.0,60.36,High,0,0.5244058818855553
HOS_1031,Hospital,Shraddha Hospital,19.2539332,72.8672448,Flood,100.0,66.72,High,1,0.5555347940681153
HOS_1031,Hospital,Shraddha Hospital,19.2539332,72.8672448,Geomagnetic,100.0,62.34,High,1,0.5584098547076072
HOS_1031,Hospital,Shraddha Hospital,19.2539332,72.8672448,Heat,100.0,65.3,High,1,0.5555347940681153
HOS_1032,Hospital,The Bhatti Eye Clinic,,,Flood,100.0,61.68,High,0,0.5244058818855553
HOS_1032,Hospital,The Bhatti Eye Clinic,,,Geomagnetic,100.0,57.63,High,1,0.540477420964363
HOS_1032,Hospital,The Bhatti Eye Clinic,,,Heat,100.0,60.36,High,0,0.5244058818855553
HOS_1033,Hospital,Disha Psychiatric Clinic,19.0327996,72.8963568,Flood,100.0,66.72,High,0,0.5089450358123132
HOS_1033,Hospital,Disha Psychiatric Clinic,19.0327996,72.8963568,Geomagnetic,100.0,62.34,High,0,0.5115068518584044
HOS_1033,Hospital,Disha Psychiatric Clinic,19.0327996,72.8963568,Heat,100.0,65.3,High,0,0.5089450358123132
HOS_1034,Hospital,Dr Chauhans Sanjeevani Hospital,,,Flood,100.0,61.68,High,0,0.5244058818855553
HOS_1034,Hospital,Dr Chauhans Sanjeevani Hospital,,,Geomagnetic,100.0,57.63,High,1,0.540477420964363
HOS_1034,Hospital,Dr Chauhans Sanjeevani Hospital,,,Heat,100.0,60.36,High,0,0.5244058818855553
HOS_1035,Hospital,Dr Indumati Gopinathan Computerised Laboratory,19.0327996,72.8963568,Flood,100.0,66.72,High,0,0.5089450358123132
HOS_1035,Hospital,Dr Indumati Gopinathan Computerised Laboratory,19.0327996,72.8963568,Geomagnetic,100.0,62.34,High,0,0.5115068518584044
HOS_1035,Hospital,Dr Indumati Gopinathan Computerised Laboratory,19.0327996,72.8963568,Heat,100.0,65.3,High,0,0.5089450358123132
HOS_1036,Hospital,Kapoor Eye Center,19.0759837,72.8776559,Flood,100.0,61.68,High,0,0.4615533918676057
HOS_1036,Hospital,Kapoor Eye Center,19.0759837,72.8776559,Geomagnetic,100.0,57.63,High,0,0.4678510503457073
HOS_1036,Hospital,Kapoor Eye Center,19.0759837,72.8776559,Heat,100.0,60.36,High,0,0.4615533918676057
HOS_1037,Hospital,Priya Maternity Home,19.1108713,72.9324731,Flood,100.0,61.68,High,0,0.5229111318440463
HOS_1037,Hospital,Priya Maternity Home,19.1108713,72.9324731,Geomagnetic,100.0,57.63,High,0,0.5229111318440463
HOS_1037,Hospital,Priya Maternity Home,19.1108713,72.9324731,Heat,100.0,60.36,High,0,0.5229111318440463
HOS_1038,Hospital,Rane Hospital,19.0327996,72.8963568,Flood,100.0,66.72,High,0,0.5089450358123132
HOS_1038,Hospital,Rane Hospital,19.0327996,72.8963568,Geomagnetic,100.0,62.34,High,0,0.5115068518584044
HOS_1038,Hospital,Rane Hospital,19.0327996,72.8963568,Heat,100.0,65.3,High,0,0.5089450358123132
HOS_1039,Hospital,Rushi Nursing Home,19.0327996,72.8963568,Flood,100.0,66.72,High,0,0.5089450358123132
HOS_1039,Hospital,Rushi Nursing Home,19.0327996,72.8963568,Geomagnetic,100.0,62.34,High,0,0.5115068518584044
HOS_1039,Hospital,Rushi Nursing Home,19.0327996,72.8963568,Heat,100.0,65.3,High,0,0.5089450358123132
HOS_104,Hospital,Sai Raj Hospital,,,Flood,100.0,61.68,High,0,0.5244058818855553
HOS_104,Hospital,Sai Raj Hospital,,,Geomagnetic,100.0,57.63,High,1,0.540477420964363
HOS_104,Hospital,Sai Raj Hospital,,,Heat,100.0,60.36,High,0,0.5244058818855553
HOS_1040,Hospital,Shramik Nursing Home,19.0609237,72.9053059,Flood,100.0,61.68,High,0,0.4983895073303674
HOS_1040,Hospital,Shramik Nursing Home,19.0609237,72.9053059,Geomagnetic,100.0,57.63,High,0,0.5002452853263653
HOS_1040,Hospital,Shramik Nursing Home,19.0609237,72.9053059,Heat,100.0,60.36,High,0,0.4983895073303674
HOS_1041,Hospital,Bhargav Medical Centre,19.2268919,72.8444188,Flood,100.0,66.72,High,0,0.5328019117952592
HOS_1041,Hospital,Bhargav Medical Centre,19.2268919,72.8444188,Geomagnetic,100.0,62.34,High,1,0.5380036607611626
HOS_1041,Hospital,Bhargav Medical Centre,19.2268919,72.8444188,Heat,100.0,65.3,High,0,0.5328019117952592
HOS_1042,Hospital,Dr. Abhijit Mahadeo Valanju,19.2486286,72.8500441,Flood,100.0,66.72,High,1,0.5515434234879795
HOS_1042,Hospital,Dr. Abhijit Mahadeo Valanju,19.2486286,72.8500441,Geomagnetic,100.0,62.34,High,1,0.5540025936144836
HOS_1042,Hospital,Dr. Abhijit Mahadeo Valanju,19.2486286,72.8500441,Heat,100.0,65.3,High,1,0.5515434234879795
HOS_1043,Hospital,Gourai Maternity and Nursing Home,,,Flood,100.0,61.68,High,0,0.5244058818855553
HOS_1043,Hospital,Gourai Maternity and Nursing Home,,,Geomagnetic,100.0,57.63,High,1,0.540477420964363
HOS_1043,Hospital,Gourai Maternity and Nursing Home,,,Heat,100.0,60.36,High,0,0.5244058818855553
HOS_1044,Hospital,Mangal Murti Hospital and Polyclinic - Mumbai,,,Flood,100.0,61.68,High,0,0.5244058818855553
HOS_1044,Hospital,Mangal Murti Hospital and Polyclinic - Mumbai,,,Geomagnetic,100.0,57.63,High,1,0.540477420964363
HOS_1044,Hospital,Mangal Murti Hospital and Polyclinic - Mumbai,,,Heat,100.0,60.36,High,0,0.5244058818855553
HOS_1045,Hospital,Rajendra Maternity and Surgical Nursing Home,19.2380341,72.8452546,Flood,100.0,66.72,High,1,0.5464892644604834
HOS_1045,Hospital,Rajendra Maternity and Surgical Nursing Home,19.2380341,72.8452546,Geomagnetic,100.0,62.34,High,1,0.5509033128268851
HOS_1045,Hospital,Rajendra Maternity and Surgical Nursing Home,19.2380341,72.8452546,Heat,100.0,65.3,High,1,0.5464892644604834
HOS_1046,Hospital,Sailee Hospital and Diagnostic Center,,,Flood,100.0,61.68,High,0,0.5244058818855553
HOS_1046,Hospital,Sailee Hospital and Diagnostic Center,,,Geomagnetic,100.0,57.63,High,1,0.540477420964363
HOS_1046,Hospital,Sailee Hospital and Diagnostic Center,,,Heat,100.0,60.36,High,0,0.5244058818855553
HOS_1047,Hospital,Aastha Eye Clinic,19.231169,72.8387275,Flood,100.0,66.72,High,1,0.5377899083099008
HOS_1047,Hospital,Aastha Eye Clinic,19.231169,72.8387275,Geomagnetic,100.0,62.34,High,1,0.5439712809684768
HOS_1047,Hospital,Aastha Eye Clinic,19.231169,72.8387275,Heat,100.0,65.3,High,1,0.5377899083099008
HOS_1048,Hospital,Ameya Maternity And Surgical Nursing Home - Borivali,,,Flood,100.0,61.68,High,0,0.5244058818855553
HOS_1048,Hospital,Ameya Maternity And Surgical Nursing Home - Borivali,,,Geomagnetic,100.0,57.63,High,1,0.540477420964363
HOS_1048,Hospital,Ameya Maternity And Surgical Nursing Home - Borivali,,,Heat,100.0,60.36,High,0,0.5244058818855553
HOS_1049,Hospital,Anand Medical Centre,19.222312,72.8534365,Flood,100.0,66.72,High,0,0.5271399501340908
HOS_1049,Hospital,Anand Medical Centre,19.222312,72.8534365,Geomagnetic,100.0,62.34,High,0,0.530699762584555
HOS_1049,Hospital,Anand Medical Centre,19.222312,72.8534365,Heat,100.0,65.3,High,0,0.5271399501340908
HOS_105,Hospital,Nirmala Maternity And Surgical Hospitalwith Polyclinic,,,Flood,100.0,61.68,High,0,0.5244058818855553
HOS_105,Hospital,Nirmala Maternity And Surgical Hospitalwith Polyclinic,,,Geomagnetic,100.0,57.63,High,1,0.540477420964363
HOS_105,Hospital,Nirmala Maternity And Surgical Hospitalwith Polyclinic,,,Heat,100.0,60.36,High,0,0.5244058818855553
HOS_1050,Hospital,Apex Hospital,,,Flood,100.0,61.68,High,0,0.5244058818855553
HOS_1050,Hospital,Apex Hospital,,,Geomagnetic,100.0,57.63,High,1,0.540477420964363
HOS_1050,Hospital,Apex Hospital,,,Heat,100.0,60.36,High,0,0.5244058818855553
HOS_1051,Hospital,Arihant Eye Care Centre,,,Flood,100.0,61.68,High,0,0.5244058818855553
HOS_1051,Hospital,Arihant Eye Care Centre,,,Geomagnetic,100.0,57.63,High,1,0.540477420964363
HOS_1051,Hospital,Arihant Eye Care Centre,,,Heat,100.0,60.36,High,0,0.5244058818855553
HOS_1052,Hospital,Ashirwad Orthopaedic and Surgical Nursing Home,,,Flood,100.0,61.68,High,0,0.5244058818855553
HOS_1052,Hospital,Ashirwad Orthopaedic and Surgical Nursing Home,,,Geomagnetic,100.0,57.63,High,1,0.540477420964363
HOS_1052,Hospital,Ashirwad Orthopaedic and Surgical Nursing Home,,,Heat,100.0,60.36,High,0,0.5244058818855553
HOS_1053,Hospital,Ashish Nursing Home..,,,Flood,100.0,61.68,High,0,0.5244058818855553
HOS_1053,Hospital,Ashish Nursing Home..,,,Geomagnetic,100.0,57.63,High,1,0.540477420964363
HOS_1053,Hospital,Ashish Nursing Home..,,,Heat,100.0,60.36,High,0,0.5244058818855553
HOS_1054,Hospital,Bala Hanuman Hospital,,,Flood,100.0,61.68,High,0,0.5244058818855553
HOS_1054,Hospital,Bala Hanuman Hospital,,,Geomagnetic,100.0,57.63,High,1,0.540477420964363
HOS_1054,Hospital,Bala Hanuman Hospital,,,Heat,100.0,60.36,High,0,0.5244058818855553
HOS_1055,Hospital,Bathia Hospital And Eye Clinic,,,Flood,100.0,61.68,High,0,0.5244058818855553
HOS_1055,Hospital,Bathia Hospital And Eye Clinic,,,Geomagnetic,100.0,57.63,High,1,0.540477420964363
HOS_1055,Hospital,Bathia Hospital And Eye Clinic,,,Heat,100.0,60.36,High,0,0.5244058818855553
HOS_1056,Hospital,Belle-Vue General Nursing Home,19.1314413,72.8342384,Flood,100.0,61.68,High,0,0.4807800775128804
HOS_1056,Hospital,Belle-Vue General Nursing Home,19.1314413,72.8342384,Geomagnetic,100.0,57.63,High,0,0.4859260512991705
HOS_1056,Hospital,Belle-Vue General Nursing Home,19.1314413,72.8342384,Heat,100.0,60.36,High,0,0.4807800775128804
HOS_1057,Hospital,Bhagat Nursing Home,19.235267,72.8607045,Flood,100.0,66.72,High,1,0.5389561275978739
HOS_1057,Hospital,Bhagat Nursing Home,19.235267,72.8607045,Geomagnetic,100.0,62.34,High,1,0.5437033378951905
HOS_1057,Hospital,Bhagat Nursing Home,19.235267,72.8607045,Heat,100.0,65.3,High,1,0.5389561275978739
HOS_1058,Hospital,Bhatia Hospital and Eye Clinic,,,Flood,100.0,61.68,High,0,0.5244058818855553
HOS_1058,Hospital,Bhatia Hospital and Eye Clinic,,,Geomagnetic,100.0,57.63,High,1,0.540477420964363
HOS_1058,Hospital,Bhatia Hospital and Eye Clinic,,,Heat,100.0,60.36,High,0,0.5244058818855553
HOS_1059,Hospital,Borivli Orthopaedic Clinic - Borivli (W),,,Flood,100.0,61.68,High,0,0.5244058818855553
HOS_1059,Hospital,Borivli Orthopaedic Clinic - Borivli (W),,,Geomagnetic,100.0,57.63,High,1,0.540477420964363
HOS_1059,Hospital,Borivli Orthopaedic Clinic - Borivli (W),,,Heat,100.0,60.36,High,0,0.5244058818855553
HOS_106,Hospital,Sankalp Eye Care Centre,18.9927476,72.8310679,Flood,100.0,61.68,High,0,0.5241042753716626
HOS_106,Hospital,Sankalp Eye Care Centre,18.9927476,72.8310679,Geomagnetic,100.0,57.63,High,0,0.5241042753716626
HOS_106,Hospital,Sankalp Eye Care Centre,18.9927476,72.8310679,Heat,100.0,60.36,High,0,0.5241042753716626
HOS_1060,Hospital,Dhanashri Nursing Home and Iccu,19.0759837,72.8776559,Flood,100.0,61.68,High,0,0.4615533918676057
HOS_1060,Hospital,Dhanashri Nursing Home and Iccu,19.0759837,72.8776559,Geomagnetic,100.0,57.63,High,0,0.4678510503457073
HOS_1060,Hospital,Dhanashri Nursing Home and Iccu,19.0759837,72.8776559,Heat,100.0,60.36,High,0,0.4615533918676057
HOS_1061,Hospital,Divyadrashti Eye Care Centre,,,Flood,100.0,61.68,High,0,0.5244058818855553
HOS_1061,Hospital,Divyadrashti Eye Care Centre,,,Geomagnetic,100.0,57.63,High,1,0.540477420964363
HOS_1061,Hospital,Divyadrashti Eye Care Centre,,,Heat,100.0,60.36,High,0,0.5244058818855553
HOS_1062,Hospital,Dr. Alok Shahs Iccu and Nursing Home,19.2375183,72.8548501,Flood,100.0,66.72,High,1,0.540681280692275
HOS_1062,Hospital,Dr. Alok Shahs Iccu and Nursing Home,19.2375183,72.8548501,Geomagnetic,100.0,62.34,High,1,0.5442296245191128
HOS_1062,Hospital,Dr. Alok Shahs Iccu and Nursing Home,19.2375183,72.8548501,Heat,100.0,65.3,High,1,0.540681280692275
HOS_1063,Hospital,Dr. Khatavs Mother and Child Hospital - Borivali (Mumbai),,,Flood,100.0,61.68,High,0,0.5244058818855553
HOS_1063,Hospital,Dr. Khatavs Mother and Child Hospital - Borivali (Mumbai),,,Geomagnetic,100.0,57.63,High,1,0.540477420964363
HOS_1063,Hospital,Dr. Khatavs Mother and Child Hospital - Borivali (Mumbai),,,Heat,100.0,60.36,High,0,0.5244058818855553
HOS_1064,Hospital,Eye Care Center,,,Flood,100.0,61.68,High,0,0.5244058818855553
HOS_1064,Hospital,Eye Care Center,,,Geomagnetic,100.0,57.63,High,1,0.540477420964363
HOS_1064,Hospital,Eye Care Center,,,Heat,100.0,60.36,High,0,0.5244058818855553
HOS_1065,Hospital,Fracture Care Hospital And Diagnostic Centre,,,Flood,100.0,61.68,High,0,0.5244058818855553
HOS_1065,Hospital,Fracture Care Hospital And Diagnostic Centre,,,Geomagnetic,100.0,57.63,High,1,0.540477420964363
HOS_1065,Hospital,Fracture Care Hospital And Diagnostic Centre,,,Heat,100.0,60.36,High,0,0.5244058818855553
HOS_1066,Hospital,Gandhi Nursing Home-Borivali-Mumbai,,,Flood,100.0,61.68,High,0,0.5244058818855553
HOS_1066,Hospital,Gandhi Nursing Home-Borivali-Mumbai,,,Geomagnetic,100.0,57.63,High,1,0.540477420964363
HOS_1066,Hospital,Gandhi Nursing Home-Borivali-Mumbai,,,Heat,100.0,60.36,High,0,0.5244058818855553
HOS_1067,Hospital,"Kaustubh Icu, Maternity Nursing Home",19.2505412,72.8506775,Flood,100.0,61.68,High,1,0.5504428998529496
HOS_1067,Hospital,"Kaustubh Icu, Maternity Nursing Home",19.2505412,72.8506775,Geomagnetic,100.0,57.63,High,1,0.5531097109835207
HOS_1067,Hospital,"Kaustubh Icu, Maternity Nursing Home",19.2505412,72.8506775,Heat,100.0,60.36,High,1,0.5504428998529496
HOS_1068,Hospital,L H Fortis,19.0759837,72.8776559,Flood,100.0,61.68,High,0,0.4615533918676057
HOS_1068,Hospital,L H Fortis,19.0759837,72.8776559,Geomagnetic,100.0,57.63,High,0,0.4678510503457073
HOS_1068,Hospital,L H Fortis,19.0759837,72.8776559,Heat,100.0,60.36,High,0,0.4615533918676057
HOS_1069,Hospital,Lancelot Dialysis Unit,19.2187105,72.8522215,Flood,100.0,66.72,High,0,0.526402750734508
HOS_1069,Hospital,Lancelot Dialysis Unit,19.2187105,72.8522215,Geomagnetic,100.0,62.34,High,0,0.5297519456461572
HOS_1069,Hospital,Lancelot Dialysis Unit,19.2187105,72.8522215,Heat,100.0,65.3,High,0,0.526402750734508
HOS_107,Hospital,Vatsalya Nursing Home,,,Flood,100.0,61.68,High,0,0.5244058818855553
HOS_107,Hospital,Vatsalya Nursing Home,,,Geomagnetic,100.0,57.63,High,1,0.540477420964363
HOS_107,Hospital,Vatsalya Nursing Home,,,Heat,100.0,60.36,High,0,0.5244058818855553
HOS_1070,Hospital,Mandapeshwar Hospital and Clinics,,,Flood,100.0,61.68,High,0,0.5244058818855553
HOS_1070,Hospital,Mandapeshwar Hospital and Clinics,,,Geomagnetic,100.0,57.63,High,1,0.540477420964363
HOS_1070,Hospital,Mandapeshwar Hospital and Clinics,,,Heat,100.0,60.36,High,0,0.5244058818855553
HOS_1071,Hospital,Nanda Nursing Home-Borivli,19.2375183,72.8548501,Flood,100.0,66.72,High,1,0.540681280692275
HOS_1071,Hospital,Nanda Nursing Home-Borivli,19.2375183,72.8548501,Geomagnetic,100.0,62.34,High,1,0.5442296245191128
HOS_1071,Hospital,Nanda Nursing Home-Borivli,19.2375183,72.8548501,Heat,100.0,65.3,High,1,0.540681280692275
HOS_1072,Hospital,Neoplus Criticare Private Ltd.,19.0759837,72.8776559,Flood,100.0,61.68,High,0,0.4615533918676057
HOS_1072,Hospital,Neoplus Criticare Private Ltd.,19.0759837,72.8776559,Geomagnetic,100.0,57.63,High,0,0.4678510503457073
HOS_1072,Hospital,Neoplus Criticare Private Ltd.,19.0759837,72.8776559,Heat,100.0,60.36,High,0,0.4615533918676057
HOS_1073,Hospital,Netrajyoti Eye Care Centre,,,Flood,100.0,61.68,High,0,0.5244058818855553
HOS_1073,Hospital,Netrajyoti Eye Care Centre,,,Geomagnetic,100.0,57.63,High,1,0.540477420964363
HOS_1073,Hospital,Netrajyoti Eye Care Centre,,,Heat,100.0,60.36,High,0,0.5244058818855553
HOS_1074,Hospital,Niramay Mother-Care Centre (Maternity and Surgical),19.2213018,72.8399394,Flood,100.0,66.72,High,0,0.5305942067200695
HOS_1074,Hospital,Niramay Mother-Care Centre (Maternity and Surgical),19.2213018,72.8399394,Geomagnetic,100.0,62.34,High,1,0.5357584120816199
HOS_1074,Hospital,Niramay Mother-Care Centre (Maternity and Surgical),19.2213018,72.8399394,Heat,100.0,65.3,High,0,0.5305942067200695
HOS_1075,Hospital,Om Sai Super Speciality Hospital Pvt Ltd,,,Flood,100.0,61.68,High,0,0.5244058818855553
HOS_1075,Hospital,Om Sai Super Speciality Hospital Pvt Ltd,,,Geomagnetic,100.0,57.63,High,1,0.540477420964363
HOS_1075,Hospital,Om Sai Super Speciality Hospital Pvt Ltd,,,Heat,100.0,60.36,High,0,0.5244058818855553
HOS_1076,Hospital,Palkar Polyclinic and Hospital,,,Flood,100.0,61.68,High,0,0.5244058818855553
HOS_1076,Hospital,Palkar Polyclinic and Hospital,,,Geomagnetic,100.0,57.63,High,1,0.540477420964363
HOS_1076,Hospital,Palkar Polyclinic and Hospital,,,Heat,100.0,60.36,High,0,0.5244058818855553
HOS_1077,Hospital,Pandya Surgical and Maternity Hospital,19.0759837,72.8776559,Flood,100.0,61.68,High,0,0.4615533918676057
HOS_1077,Hospital,Pandya Surgical and Maternity Hospital,19.0759837,72.8776559,Geomagnetic,100.0,57.63,High,0,0.4678510503457073
HOS_1077,Hospital,Pandya Surgical and Maternity Hospital,19.0759837,72.8776559,Heat,100.0,60.36,High,0,0.4615533918676057
HOS_1078,Hospital,Patel Nursing Home,19.226821,72.8549865,Flood,100.0,66.72,High,0,0.5285276968401937
HOS_1078,Hospital,Patel Nursing Home,19.226821,72.8549865,Geomagnetic,100.0,62.34,High,0,0.5322211383111491
HOS_1078,Hospital,Patel Nursing Home,19.226821,72.8549865,Heat,100.0,65.3,High,0,0.5285276968401937
HOS_1079,Hospital,Purohit Hospital - Borivali,,,Flood,100.0,61.68,High,0,0.5244058818855553
HOS_1079,Hospital,Purohit Hospital - Borivali,,,Geomagnetic,100.0,57.63,High,1,0.540477420964363
HOS_1079,Hospital,Purohit Hospital - Borivali,,,Heat,100.0,60.36,High,0,0.5244058818855553
HOS_108,Hospital,Dr Chetan Shetty Clinic,19.0176169,72.8561288,Flood,100.0,61.68,High,0,0.4912492209612948
HOS_108,Hospital,Dr Chetan Shetty Clinic,19.0176169,72.8561288,Geomagnetic,100.0,57.63,High,0,0.4947715355782826
HOS_108,Hospital,Dr Chetan Shetty Clinic,19.0176169,72.8561288,Heat,100.0,60.36,High,0,0.4912492209612948
HOS_1080,Hospital,Raj Jyoti Hospital,19.2301995,72.8404511,Flood,100.0,66.72,High,1,0.5360503171955311
HOS_1080,Hospital,Raj Jyoti Hospital,19.2301995,72.8404511,Geomagnetic,100.0,62.34,High,1,0.5423025511349617
HOS_1080,Hospital,Raj Jyoti Hospital,19.2301995,72.8404511,Heat,100.0,65.3,High,1,0.5360503171955311
HOS_1081,Hospital,Ranes Anand Medical Centre,,,Flood,100.0,61.68,High,0,0.5244058818855553
HOS_1081,Hospital,Ranes Anand Medical Centre,,,Geomagnetic,100.0,57.63,High,1,0.540477420964363
HOS_1081,Hospital,Ranes Anand Medical Centre,,,Heat,100.0,60.36,High,0,0.5244058818855553
HOS_1082,Hospital,Renuka Children Clinic and Medicare Centre,19.2449206,72.8478044,Flood,100.0,66.72,High,1,0.55241086595944
HOS_1082,Hospital,Renuka Children Clinic and Medicare Centre,19.2449206,72.8478044,Geomagnetic,100.0,62.34,High,1,0.5544482074107838
HOS_1082,Hospital,Renuka Children Clinic and Medicare Centre,19.2449206,72.8478044,Heat,100.0,65.3,High,1,0.55241086595944
HOS_1083,Hospital,Rhushabh Nursing Home,19.0759837,72.8776559,Flood,100.0,61.68,High,0,0.4615533918676057
HOS_1083,Hospital,Rhushabh Nursing Home,19.0759837,72.8776559,Geomagnetic,100.0,57.63,High,0,0.4678510503457073
HOS_1083,Hospital,Rhushabh Nursing Home,19.0759837,72.8776559,Heat,100.0,60.36,High,0,0.4615533918676057
HOS_1084,Hospital,Rose Petal Nursing Home,19.2290453,72.8514375,Flood,100.0,66.72,High,0,0.5297916954775769
HOS_1084,Hospital,Rose Petal Nursing Home,19.2290453,72.8514375,Geomagnetic,100.0,62.34,High,1,0.5337726568482165
HOS_1084,Hospital,Rose Petal Nursing Home,19.2290453,72.8514375,Heat,100.0,65.3,High,0,0.5297916954775769
HOS_1085,Hospital,Sai Krupa E.N.T. Nursing Home,,,Flood,100.0,61.68,High,0,0.5244058818855553
HOS_1085,Hospital,Sai Krupa E.N.T. Nursing Home,,,Geomagnetic,100.0,57.63,High,1,0.540477420964363
HOS_1085,Hospital,Sai Krupa E.N.T. Nursing Home,,,Heat,100.0,60.36,High,0,0.5244058818855553
HOS_1086,Hospital,Sai Sparsh Maternity And Nursing Home,,,Flood,100.0,61.68,High,0,0.5244058818855553
HOS_1086,Hospital,Sai Sparsh Maternity And Nursing Home,,,Geomagnetic,100.0,57.63,High,1,0.540477420964363
HOS_1086,Hospital,Sai Sparsh Maternity And Nursing Home,,,Heat,100.0,60.36,High,0,0.5244058818855553
HOS_1087,Hospital,Sanghvi Maternity and Surgical Hospital,19.2172084,72.848035,Flood,100.0,66.72,High,0,0.5277327323798784
HOS_1087,Hospital,Sanghvi Maternity and Surgical Hospital,19.2172084,72.848035,Geomagnetic,100.0,62.34,High,0,0.5309467768469985
HOS_1087,Hospital,Sanghvi Maternity and Surgical Hospital,19.2172084,72.848035,Heat,100.0,65.3,High,0,0.5277327323798784
HOS_1088,Hospital,Seth Ent and Eye Clinic,19.2465825,72.8502157,Flood,100.0,66.72,High,1,0.550861183535454
HOS_1088,Hospital,Seth Ent and Eye Clinic,19.2465825,72.8502157,Geomagnetic,100.0,62.34,High,1,0.553142658695418
HOS_1088,Hospital,Seth Ent and Eye Clinic,19.2465825,72.8502157,Heat,100.0,65.3,High,1,0.550861183535454
HOS_1089,Hospital,Shah Surgical And Maternity Nursing Home,19.219868,72.8524778,Flood,100.0,66.72,High,0,0.5262535337175677
HOS_1089,Hospital,Shah Surgical And Maternity Nursing Home,19.219868,72.8524778,Geomagnetic,100.0,62.34,High,0,0.5292146737337085
HOS_1089,Hospital,Shah Surgical And Maternity Nursing Home,19.219868,72.8524778,Heat,100.0,65.3,High,0,0.5262535337175677
HOS_109,Hospital,Dr G M Bhargava Clinic,18.99833,72.83864,Flood,100.0,61.68,High,0,0.5149815851727683
HOS_109,Hospital,Dr G M Bhargava Clinic,18.99833,72.83864,Geomagnetic,100.0,57.63,High,0,0.5149815851727683
HOS_109,Hospital,Dr G M Bhargava Clinic,18.99833,72.83864,Heat,100.0,60.36,High,0,0.5149815851727683
HOS_1090,Hospital,Shivani Medical Centre,19.223019,72.844611,Flood,100.0,66.72,High,0,0.529684557412133
HOS_1090,Hospital,Shivani Medical Centre,19.223019,72.844611,Geomagnetic,100.0,62.34,High,1,0.5341035620018205
HOS_1090,Hospital,Shivani Medical Centre,19.223019,72.844611,Heat,100.0,65.3,High,0,0.529684557412133
HOS_1091,Hospital,Shree Borivli Gujarati Seva Mandal,19.2262703,72.8519442,Flood,100.0,66.72,High,0,0.5287405005460343
HOS_1091,Hospital,Shree Borivli Gujarati Seva Mandal,19.2262703,72.8519442,Geomagnetic,100.0,62.34,High,0,0.5322090350115066
HOS_1091,Hospital,Shree Borivli Gujarati Seva Mandal,19.2262703,72.8519442,Heat,100.0,65.3,High,0,0.5287405005460343
HOS_1092,Hospital,Shreeji Kripa Surgical Center Icu and Nursing Home,,,Flood,100.0,61.68,High,0,0.5244058818855553
HOS_1092,Hospital,Shreeji Kripa Surgical Center Icu and Nursing Home,,,Geomagnetic,100.0,57.63,High,1,0.540477420964363
HOS_1092,Hospital,Shreeji Kripa Surgical Center Icu and Nursing Home,,,Heat,100.0,60.36,High,0,0.5244058818855553
HOS_1093,Hospital,Shri Bala Hanuman Maternity And Surgical Hospital,,,Flood,100.0,61.68,High,0,0.5244058818855553
HOS_1093,Hospital,Shri Bala Hanuman Maternity And Surgical Hospital,,,Geomagnetic,100.0,57.63,High,1,0.540477420964363
HOS_1093,Hospital,Shri Bala Hanuman Maternity And Surgical Hospital,,,Heat,100.0,60.36,High,0,0.5244058818855553
HOS_1094,Hospital,Snehal E N T Clinic,,,Flood,100.0,61.68,High,0,0.5244058818855553
HOS_1094,Hospital,Snehal E N T Clinic,,,Geomagnetic,100.0,57.63,High,1,0.540477420964363
HOS_1094,Hospital,Snehal E N T Clinic,,,Heat,100.0,60.36,High,0,0.5244058818855553
HOS_1095,Hospital,Sumati Maternity Home and Chhaya Surgical Home - Borivali,,,Flood,100.0,61.68,High,0,0.5244058818855553
HOS_1095,Hospital,Sumati Maternity Home and Chhaya Surgical Home - Borivali,,,Geomagnetic,100.0,57.63,High,1,0.540477420964363
HOS_1095,Hospital,Sumati Maternity Home and Chhaya Surgical Home - Borivali,,,Heat,100.0,60.36,High,0,0.5244058818855553
HOS_1096,Hospital,Vaibhav Eye Clinic and Contact Lens Centre-Borivli,19.0759837,72.8776559,Flood,100.0,61.68,High,0,0.4615533918676057
HOS_1096,Hospital,Vaibhav Eye Clinic and Contact Lens Centre-Borivli,19.0759837,72.8776559,Geomagnetic,100.0,57.63,High,0,0.4678510503457073
HOS_1096,Hospital,Vaibhav Eye Clinic and Contact Lens Centre-Borivli,19.0759837,72.8776559,Heat,100.0,60.36,High,0,0.4615533918676057
HOS_1097,Hospital,Varsha Nursing Home(Netra Mandir),,,Flood,100.0,61.68,High,0,0.5244058818855553
HOS_1097,Hospital,Varsha Nursing Home(Netra Mandir),,,Geomagnetic,100.0,57.63,High,1,0.540477420964363
HOS_1097,Hospital,Varsha Nursing Home(Netra Mandir),,,Heat,100.0,60.36,High,0,0.5244058818855553
HOS_1098,Hospital,Vasudhan Cosmetic Plastic Surgery Centre,19.2187105,72.8522215,Flood,100.0,66.72,High,0,0.526402750734508
HOS_1098,Hospital,Vasudhan Cosmetic Plastic Surgery Centre,19.2187105,72.8522215,Geomagnetic,100.0,62.34,High,0,0.5297519456461572
HOS_1098,Hospital,Vasudhan Cosmetic Plastic Surgery Centre,19.2187105,72.8522215,Heat,100.0,65.3,High,0,0.526402750734508
HOS_1099,Hospital,Vibha Care Home,,,Flood,100.0,61.68,High,0,0.5244058818855553
HOS_1099,Hospital,Vibha Care Home,,,Geomagnetic,100.0,57.63,High,1,0.540477420964363
HOS_1099,Hospital,Vibha Care Home,,,Heat,100.0,60.36,High,0,0.5244058818855553
HOS_11,Hospital,Dr. Ramesh Chaudhari,19.0759837,72.8776559,Flood,100.0,61.68,High,0,0.4615533918676057
HOS_11,Hospital,Dr. Ramesh Chaudhari,19.0759837,72.8776559,Geomagnetic,100.0,57.63,High,0,0.4678510503457073
HOS_11,Hospital,Dr. Ramesh Chaudhari,19.0759837,72.8776559,Heat,100.0,60.36,High,0,0.4615533918676057
HOS_110,Hospital,Dr.Zankars Diagnostic Centre,18.9952875,72.8364244,Flood,100.0,61.68,High,0,0.5179471555669897
HOS_110,Hospital,Dr.Zankars Diagnostic Centre,18.9952875,72.8364244,Geomagnetic,100.0,57.63,High,0,0.5179471555669897
HOS_110,Hospital,Dr.Zankars Diagnostic Centre,18.9952875,72.8364244,Heat,100.0,60.36,High,0,0.5179471555669897
HOS_1100,Hospital,Vinit Eye Clinic Retina And Laser Centre,19.2287365,72.8475542,Flood,100.0,66.72,High,1,0.5337317979107203
HOS_1100,Hospital,Vinit Eye Clinic Retina And Laser Centre,19.2287365,72.8475542,Geomagnetic,100.0,62.34,High,1,0.5383564696579307
HOS_1100,Hospital,Vinit Eye Clinic Retina And Laser Centre,19.2287365,72.8475542,Heat,100.0,65.3,High,1,0.5337317979107203
HOS_1101,Hospital,Aditya Nursing Home,19.1542933,72.8381842,Flood,100.0,61.68,High,0,0.4884936965075199
HOS_1101,Hospital,Aditya Nursing Home,19.1542933,72.8381842,Geomagnetic,100.0,57.63,High,0,0.4976209979160659
HOS_1101,Hospital,Aditya Nursing Home,19.1542933,72.8381842,Heat,100.0,60.36,High,0,0.4884936965075199
HOS_1102,Hospital,Dr Phadkes Maternity and Surgical Hospital,,,Flood,100.0,61.68,High,0,0.5244058818855553
HOS_1102,Hospital,Dr Phadkes Maternity and Surgical Hospital,,,Geomagnetic,100.0,57.63,High,1,0.540477420964363
HOS_1102,Hospital,Dr Phadkes Maternity and Surgical Hospital,,,Heat,100.0,60.36,High,0,0.5244058818855553
HOS_1103,Hospital,Dr Rays Clinic,19.1370311,72.8700524,Flood,100.0,61.68,High,0,0.4739584396892466
HOS_1103,Hospital,Dr Rays Clinic,19.1370311,72.8700524,Geomagnetic,100.0,57.63,High,0,0.4803499797630446
HOS_1103,Hospital,Dr Rays Clinic,19.1370311,72.8700524,Heat,100.0,60.36,High,0,0.4739584396892466
HOS_1104,Hospital,Dr.Sakhalkars Maternity and Nursing Home - Andheri,19.1229678,72.8641387,Flood,100.0,61.68,High,0,0.4652698510611883
HOS_1104,Hospital,Dr.Sakhalkars Maternity and Nursing Home - Andheri,19.1229678,72.8641387,Geomagnetic,100.0,57.63,High,0,0.4723952113533571
HOS_1104,Hospital,Dr.Sakhalkars Maternity and Nursing Home - Andheri,19.1229678,72.8641387,Heat,100.0,60.36,High,0,0.4652698510611883
HOS_1105,Hospital,Holy Spirit Hospital - Mumbai,19.1229678,72.8641387,Flood,100.0,61.68,High,0,0.4652698510611883
HOS_1105,Hospital,Holy Spirit Hospital - Mumbai,19.1229678,72.8641387,Geomagnetic,100.0,57.63,High,0,0.4723952113533571
HOS_1105,Hospital,Holy Spirit Hospital - Mumbai,19.1229678,72.8641387,Heat,100.0,60.36,High,0,0.4652698510611883
HOS_1106,Hospital,Indu Maternity and Surgical Nursing Home - Andheri,19.1278936,72.8623075,Flood,100.0,61.68,High,0,0.468197535459954
HOS_1106,Hospital,Indu Maternity and Surgical Nursing Home - Andheri,19.1278936,72.8623075,Geomagnetic,100.0,57.63,High,0,0.4754269801764942
HOS_1106,Hospital,Indu Maternity and Surgical Nursing Home - Andheri,19.1278936,72.8623075,Heat,100.0,60.36,High,0,0.468197535459954
HOS_1107,Hospital,Speciality Ranbaxy Ltd,19.1185922,72.872193,Flood,100.0,61.68,High,0,0.4651996409834106
HOS_1107,Hospital,Speciality Ranbaxy Ltd,19.1185922,72.872193,Geomagnetic,100.0,57.63,High,0,0.4705110709396566
HOS_1107,Hospital,Speciality Ranbaxy Ltd,19.1185922,72.872193,Heat,100.0,60.36,High,0,0.4651996409834106
HOS_1108,Hospital,Sunita Hospital,19.1154908,72.8726952,Flood,100.0,61.68,High,0,0.4643529213113688
HOS_1108,Hospital,Sunita Hospital,19.1154908,72.8726952,Geomagnetic,100.0,57.63,High,0,0.4696226746624177
HOS_1108,Hospital,Sunita Hospital,19.1154908,72.8726952,Heat,100.0,60.36,High,0,0.4643529213113688
HOS_1109,Hospital,Uma Maternity Nursing Home,19.1229678,72.8641387,Flood,100.0,61.68,High,0,0.4652698510611883
HOS_1109,Hospital,Uma Maternity Nursing Home,19.1229678,72.8641387,Geomagnetic,100.0,57.63,High,0,0.4723952113533571
HOS_1109,Hospital,Uma Maternity Nursing Home,19.1229678,72.8641387,Heat,100.0,60.36,High,0,0.4652698510611883
HOS_111,Hospital,"Global Hospital-Super Speciality And Transplant Centre ( A Unit Of Centre For Digestive and Kidney Diseases (India) Pvt. Ltd.,",,,Flood,100.0,61.68,High,0,0.5244058818855553
HOS_111,Hospital,"Global Hospital-Super Speciality And Transplant Centre ( A Unit Of Centre For Digestive and Kidney Diseases (India) Pvt. Ltd.,",,,Geomagnetic,100.0,57.63,High,1,0.540477420964363
HOS_111,Hospital,"Global Hospital-Super Speciality And Transplant Centre ( A Unit Of Centre For Digestive and Kidney Diseases (India) Pvt. Ltd.,",,,Heat,100.0,60.36,High,0,0.5244058818855553
HOS_1110,Hospital,Dr. Bahls Surgical Maternity and Polyclinic Nursing,19.1963422,72.8105333,Flood,100.0,61.68,High,1,0.5538795088217168
HOS_1110,Hospital,Dr. Bahls Surgical Maternity and Polyclinic Nursing,19.1963422,72.8105333,Geomagnetic,100.0,57.63,High,1,0.5557325713671097
HOS_1110,Hospital,Dr. Bahls Surgical Maternity and Polyclinic Nursing,19.1963422,72.8105333,Heat,100.0,60.36,High,1,0.5538795088217168
HOS_1111,Hospital,Shree Ramnath Eye Care,19.109099,72.8557189,Flood,100.0,61.68,High,0,0.4568242743561014
HOS_1111,Hospital,Shree Ramnath Eye Care,19.109099,72.8557189,Geomagnetic,100.0,57.63,High,0,0.4651660895245995
HOS_1111,Hospital,Shree Ramnath Eye Care,19.109099,72.8557189,Heat,100.0,60.36,High,0,0.4568242743561014
HOS_1112,Hospital,Aditi Hospital,,,Flood,100.0,70.09,High,0,0.5244058818855553
HOS_1112,Hospital,Aditi Hospital,,,Geomagnetic,100.0,65.48,High,1,0.540477420964363
HOS_1112,Hospital,Aditi Hospital,,,Heat,100.0,68.59,High,0,0.5244058818855553
HOS_1113,Hospital,Agrawal Clinic,19.1886713,72.8573826,Flood,100.0,66.72,High,0,0.5001039631162338
HOS_1113,Hospital,Agrawal Clinic,19.1886713,72.8573826,Geomagnetic,100.0,62.34,High,0,0.5049199586521481
HOS_1113,Hospital,Agrawal Clinic,19.1886713,72.8573826,Heat,100.0,65.3,High,0,0.5001039631162338
HOS_1114,Hospital,Anand Childrens Nursing Home,19.1154908,72.8726952,Flood,100.0,61.68,High,0,0.4643529213113688
HOS_1114,Hospital,Anand Childrens Nursing Home,19.1154908,72.8726952,Geomagnetic,100.0,57.63,High,0,0.4696226746624177
HOS_1114,Hospital,Anand Childrens Nursing Home,19.1154908,72.8726952,Heat,100.0,60.36,High,0,0.4643529213113688
HOS_1115,Hospital,Anandpara Surgical and General Hospital,,,Flood,100.0,61.68,High,0,0.5244058818855553
HOS_1115,Hospital,Anandpara Surgical and General Hospital,,,Geomagnetic,100.0,57.63,High,1,0.540477420964363
HOS_1115,Hospital,Anandpara Surgical and General Hospital,,,Heat,100.0,60.36,High,0,0.5244058818855553
HOS_1116,Hospital,Ashoka General Hospital I.C.C.U And Maternity Home,,,Flood,100.0,61.68,High,0,0.5244058818855553
HOS_1116,Hospital,Ashoka General Hospital I.C.C.U And Maternity Home,,,Geomagnetic,100.0,57.63,High,1,0.540477420964363
HOS_1116,Hospital,Ashoka General Hospital I.C.C.U And Maternity Home,,,Heat,100.0,60.36,High,0,0.5244058818855553
HOS_1117,Hospital,Datar Nursing Home,,,Flood,100.0,61.68,High,0,0.5244058818855553
HOS_1117,Hospital,Datar Nursing Home,,,Geomagnetic,100.0,57.63,High,1,0.540477420964363
HOS_1117,Hospital,Datar Nursing Home,,,Heat,100.0,60.36,High,0,0.5244058818855553
HOS_1118,Hospital,Devangi Hospital,19.1808735,72.8574558,Flood,100.0,66.72,High,0,0.4947163487672625
HOS_1118,Hospital,Devangi Hospital,19.1808735,72.8574558,Geomagnetic,100.0,62.34,High,0,0.4993841592907188
HOS_1118,Hospital,Devangi Hospital,19.1808735,72.8574558,Heat,100.0,65.3,High,0,0.4947163487672625
HOS_1119,Hospital,Hayat Hospital,,,Flood,100.0,61.68,High,0,0.5244058818855553
HOS_1119,Hospital,Hayat Hospital,,,Geomagnetic,100.0,57.63,High,1,0.540477420964363
HOS_1119,Hospital,Hayat Hospital,,,Heat,100.0,60.36,High,0,0.5244058818855553
HOS_112,Hospital,K B H B Charitable Ophthalmic and E.N.T Hospital,19.0021567,72.8415793,Flood,100.0,61.68,High,0,0.5109680331680533
HOS_112,Hospital,K B H B Charitable Ophthalmic and E.N.T Hospital,19.0021567,72.8415793,Geomagnetic,100.0,57.63,High,0,0.5109680331680533
HOS_112,Hospital,K B H B Charitable Ophthalmic and E.N.T Hospital,19.0021567,72.8415793,Heat,100.0,60.36,High,0,0.5109680331680533
HOS_1120,Hospital,Jeevan Maternity And Genral Hospital,,,Flood,100.0,61.68,High,0,0.5244058818855553
HOS_1120,Hospital,Jeevan Maternity And Genral Hospital,,,Geomagnetic,100.0,57.63,High,1,0.540477420964363
HOS_1120,Hospital,Jeevan Maternity And Genral Hospital,,,Heat,100.0,60.36,High,0,0.5244058818855553
HOS_1121,Hospital,Kairav Nursing Home,,,Flood,100.0,61.68,High,0,0.5244058818855553
HOS_1121,Hospital,Kairav Nursing Home,,,Geomagnetic,100.0,57.63,High,1,0.540477420964363
HOS_1121,Hospital,Kairav Nursing Home,,,Heat,100.0,60.36,High,0,0.5244058818855553
HOS_1122,Hospital,Krishna Eye Care Centre,19.1834374,72.8533692,Flood,100.0,66.72,High,0,0.4997164358004715
HOS_1122,Hospital,Krishna Eye Care Centre,19.1834374,72.8533692,Geomagnetic,100.0,62.34,High,0,0.5050379318846756
HOS_1122,Hospital,Krishna Eye Care Centre,19.1834374,72.8533692,Heat,100.0,65.3,High,0,0.4997164358004715
HOS_1123,Hospital,Malad Clinical and Pathological Laboratory,19.1825133,72.8565805,Flood,100.0,66.72,High,0,0.497179653493515
HOS_1123,Hospital,Malad Clinical and Pathological Laboratory,19.1825133,72.8565805,Geomagnetic,100.0,62.34,High,0,0.5016655861455117
HOS_1123,Hospital,Malad Clinical and Pathological Laboratory,19.1825133,72.8565805,Heat,100.0,65.3,High,0,0.497179653493515
HOS_1124,Hospital,Megha Surgical Hospital,,,Flood,100.0,61.68,High,0,0.5244058818855553
HOS_1124,Hospital,Megha Surgical Hospital,,,Geomagnetic,100.0,57.63,High,1,0.540477420964363
HOS_1124,Hospital,Megha Surgical Hospital,,,Heat,100.0,60.36,High,0,0.5244058818855553
HOS_1125,Hospital,Nari Nursing Home,,,Flood,100.0,61.68,High,0,0.5244058818855553
HOS_1125,Hospital,Nari Nursing Home,,,Geomagnetic,100.0,57.63,High,1,0.540477420964363
HOS_1125,Hospital,Nari Nursing Home,,,Heat,100.0,60.36,High,0,0.5244058818855553
HOS_1126,Hospital,Sai Krupa Hospital,,,Flood,100.0,61.68,High,0,0.5244058818855553
HOS_1126,Hospital,Sai Krupa Hospital,,,Geomagnetic,100.0,57.63,High,1,0.540477420964363
HOS_1126,Hospital,Sai Krupa Hospital,,,Heat,100.0,60.36,High,0,0.5244058818855553
HOS_1128,Hospital,Sanjeevani Surgical and General Hospital,19.1825133,72.8565805,Flood,100.0,66.72,High,0,0.497179653493515
HOS_1128,Hospital,Sanjeevani Surgical and General Hospital,19.1825133,72.8565805,Geomagnetic,100.0,62.34,High,0,0.5016655861455117
HOS_1128,Hospital,Sanjeevani Surgical and General Hospital,19.1825133,72.8565805,Heat,100.0,65.3,High,0,0.497179653493515
HOS_1129,Hospital,Shah Eye Clinic and Microsurgery Centre,,,Flood,100.0,61.68,High,0,0.5244058818855553
HOS_1129,Hospital,Shah Eye Clinic and Microsurgery Centre,,,Geomagnetic,100.0,57.63,High,1,0.540477420964363
HOS_1129,Hospital,Shah Eye Clinic and Microsurgery Centre,,,Heat,100.0,60.36,High,0,0.5244058818855553
HOS_113,Hospital,K B Haji Bachooali Charitable Ophthalmic and E N T H,19.003095,72.8393973,Flood,100.0,61.68,High,0,0.5090779600554363
HOS_113,Hospital,K B Haji Bachooali Charitable Ophthalmic and E N T H,19.003095,72.8393973,Geomagnetic,100.0,57.63,High,0,0.5090779600554363
HOS_113,Hospital,K B Haji Bachooali Charitable Ophthalmic and E N T H,19.003095,72.8393973,Heat,100.0,60.36,High,0,0.5090779600554363
HOS_1130,Hospital,Shraddha Orthopedic and Surgical Hospital,19.1903411,72.855971,Flood,100.0,66.72,High,0,0.5016499736057038
HOS_1130,Hospital,Shraddha Orthopedic and Surgical Hospital,19.1903411,72.855971,Geomagnetic,100.0,62.34,High,0,0.50635454318991
HOS_1130,Hospital,Shraddha Orthopedic and Surgical Hospital,19.1903411,72.855971,Heat,100.0,65.3,High,0,0.5016499736057038
HOS_1131,Hospital,Shree Guru Maternity And Childrens Nursing Home - Mumbai,,,Flood,100.0,61.68,High,0,0.5244058818855553
HOS_1131,Hospital,Shree Guru Maternity And Childrens Nursing Home - Mumbai,,,Geomagnetic,100.0,57.63,High,1,0.540477420964363
HOS_1131,Hospital,Shree Guru Maternity And Childrens Nursing Home - Mumbai,,,Heat,100.0,60.36,High,0,0.5244058818855553
HOS_1132,Hospital,Suchak Hospital,19.1889023,72.8500318,Flood,100.0,66.72,High,0,0.5032761838736701
HOS_1132,Hospital,Suchak Hospital,19.1889023,72.8500318,Geomagnetic,100.0,62.34,High,0,0.5077757377350566
HOS_1132,Hospital,Suchak Hospital,19.1889023,72.8500318,Heat,100.0,65.3,High,0,0.5032761838736701
HOS_1133,Hospital,Suresh Eye Clinic,,,Flood,100.0,61.68,High,0,0.5244058818855553
HOS_1133,Hospital,Suresh Eye Clinic,,,Geomagnetic,100.0,57.63,High,1,0.540477420964363
HOS_1133,Hospital,Suresh Eye Clinic,,,Heat,100.0,60.36,High,0,0.5244058818855553
HOS_1134,Hospital,Suvidha Hospital and Iccu,,,Flood,100.0,61.68,High,0,0.5244058818855553
HOS_1134,Hospital,Suvidha Hospital and Iccu,,,Geomagnetic,100.0,57.63,High,1,0.540477420964363
HOS_1134,Hospital,Suvidha Hospital and Iccu,,,Heat,100.0,60.36,High,0,0.5244058818855553
HOS_1135,Hospital,Clinic (Dr.Vaishnavi Patil),19.0620527,72.8834355,Flood,100.0,61.68,High,0,0.4771171489035044
HOS_1135,Hospital,Clinic (Dr.Vaishnavi Patil),19.0620527,72.8834355,Geomagnetic,100.0,57.63,High,0,0.480134670077793
HOS_1135,Hospital,Clinic (Dr.Vaishnavi Patil),19.0620527,72.8834355,Heat,100.0,60.36,High,0,0.4771171489035044
HOS_1136,Hospital,Durga Maternity and Surgical Nursing Home,,,Flood,100.0,61.68,High,0,0.5244058818855553
HOS_1136,Hospital,Durga Maternity and Surgical Nursing Home,,,Geomagnetic,100.0,57.63,High,1,0.540477420964363
HOS_1136,Hospital,Durga Maternity and Surgical Nursing Home,,,Heat,100.0,60.36,High,0,0.5244058818855553
HOS_1137,Hospital,Niron Hospital and Research Center,,,Flood,100.0,61.68,High,0,0.5244058818855553
HOS_1137,Hospital,Niron Hospital and Research Center,,,Geomagnetic,100.0,57.63,High,1,0.540477420964363
HOS_1137,Hospital,Niron Hospital and Research Center,,,Heat,100.0,60.36,High,0,0.5244058818855553
HOS_1138,Hospital,Prashanti Medical Centre,,,Flood,100.0,61.68,High,0,0.5244058818855553
HOS_1138,Hospital,Prashanti Medical Centre,,,Geomagnetic,100.0,57.63,High,1,0.540477420964363
HOS_1138,Hospital,Prashanti Medical Centre,,,Heat,100.0,60.36,High,0,0.5244058818855553
HOS_1139,Hospital,Sbf Health,19.1154908,72.8726952,Flood,100.0,61.68,High,0,0.4643529213113688
HOS_1139,Hospital,Sbf Health,19.1154908,72.8726952,Geomagnetic,100.0,57.63,High,0,0.4696226746624177
HOS_1139,Hospital,Sbf Health,19.1154908,72.8726952,Heat,100.0,60.36,High,0,0.4643529213113688
HOS_114,Hospital,Municipal Corporation Of Greater Mumbai,19.0857348,72.9138503,Flood,100.0,61.68,High,0,0.4922085142503836
HOS_114,Hospital,Municipal Corporation Of Greater Mumbai,19.0857348,72.9138503,Geomagnetic,100.0,57.63,High,0,0.4960121084672394
HOS_114,Hospital,Municipal Corporation Of Greater Mumbai,19.0857348,72.9138503,Heat,100.0,60.36,High,0,0.4922085142503836
HOS_1140,Hospital,Sushrut Nursing Home and Polyclinic,19.113645,72.8697339,Flood,100.0,61.68,High,0,0.4645702709918987
HOS_1140,Hospital,Sushrut Nursing Home and Polyclinic,19.113645,72.8697339,Geomagnetic,100.0,57.63,High,0,0.4702172764251392
HOS_1140,Hospital,Sushrut Nursing Home and Polyclinic,19.113645,72.8697339,Heat,100.0,60.36,High,0,0.4645702709918987
HOS_1141,Hospital,V-Care Hospital.,19.1154908,72.8726952,Flood,100.0,61.68,High,0,0.4643529213113688
HOS_1141,Hospital,V-Care Hospital.,19.1154908,72.8726952,Geomagnetic,100.0,57.63,High,0,0.4696226746624177
HOS_1141,Hospital,V-Care Hospital.,19.1154908,72.8726952,Heat,100.0,60.36,High,0,0.4643529213113688
HOS_1142,Hospital,Veena Clinic,19.1097712,72.8582672,Flood,100.0,61.68,High,0,0.4567042226398794
HOS_1142,Hospital,Veena Clinic,19.1097712,72.8582672,Geomagnetic,100.0,57.63,High,0,0.4650783254656792
HOS_1142,Hospital,Veena Clinic,19.1097712,72.8582672,Heat,100.0,60.36,High,0,0.4567042226398794
HOS_1143,Hospital,Aditi Hospital Poliyclinic,,,Flood,100.0,61.68,High,0,0.5244058818855553
HOS_1143,Hospital,Aditi Hospital Poliyclinic,,,Geomagnetic,100.0,57.63,High,1,0.540477420964363
HOS_1143,Hospital,Aditi Hospital Poliyclinic,,,Heat,100.0,60.36,High,0,0.5244058818855553
HOS_1144,Hospital,Arihant Heart Clinic,,,Flood,100.0,61.68,High,0,0.5244058818855553
HOS_1144,Hospital,Arihant Heart Clinic,,,Geomagnetic,100.0,57.63,High,1,0.540477420964363
HOS_1144,Hospital,Arihant Heart Clinic,,,Heat,100.0,60.36,High,0,0.5244058818855553
HOS_1145,Hospital,Dhiraj Hospital,,,Flood,100.0,61.68,High,0,0.5244058818855553
HOS_1145,Hospital,Dhiraj Hospital,,,Geomagnetic,100.0,57.63,High,1,0.540477420964363
HOS_1145,Hospital,Dhiraj Hospital,,,Heat,100.0,60.36,High,0,0.5244058818855553
HOS_1146,Hospital,Dna Multispeciality Hospital - Mumbai,,,Flood,100.0,61.68,High,0,0.5244058818855553
HOS_1146,Hospital,Dna Multispeciality Hospital - Mumbai,,,Geomagnetic,100.0,57.63,High,1,0.540477420964363
HOS_1146,Hospital,Dna Multispeciality Hospital - Mumbai,,,Heat,100.0,60.36,High,0,0.5244058818855553
HOS_1147,Hospital,Dr. Masurkar Hospital,,,Flood,100.0,61.68,High,0,0.5244058818855553
HOS_1147,Hospital,Dr. Masurkar Hospital,,,Geomagnetic,100.0,57.63,High,1,0.540477420964363
HOS_1147,Hospital,Dr. Masurkar Hospital,,,Heat,100.0,60.36,High,0,0.5244058818855553
HOS_1148,Hospital,Gulmohar Eye Clinic,,,Flood,100.0,61.68,High,0,0.5244058818855553
HOS_1148,Hospital,Gulmohar Eye Clinic,,,Geomagnetic,100.0,57.63,High,1,0.540477420964363
HOS_1148,Hospital,Gulmohar Eye Clinic,,,Heat,100.0,60.36,High,0,0.5244058818855553
HOS_1149,Hospital,Kedar Nursing Home,,,Flood,100.0,61.68,High,0,0.5244058818855553
HOS_1149,Hospital,Kedar Nursing Home,,,Geomagnetic,100.0,57.63,High,1,0.540477420964363
HOS_1149,Hospital,Kedar Nursing Home,,,Heat,100.0,60.36,High,0,0.5244058818855553
HOS_115,Hospital,N S Optical Contact Lens Clinic Ghatkopar,18.9840396,72.835737,Flood,100.0,61.68,High,0,0.5294239898828099
HOS_115,Hospital,N S Optical Contact Lens Clinic Ghatkopar,18.9840396,72.835737,Geomagnetic,100.0,57.63,High,0,0.5294239898828099
HOS_115,Hospital,N S Optical Contact Lens Clinic Ghatkopar,18.9840396,72.835737,Heat,100.0,60.36,High,0,0.5294239898828099
HOS_1150,Hospital,Laxmi Clinic - Kandivli - (Mumbai),19.2018029,72.859212,Flood,100.0,66.72,High,0,0.5081073484682604
HOS_1150,Hospital,Laxmi Clinic - Kandivli - (Mumbai),19.2018029,72.859212,Geomagnetic,100.0,62.34,High,0,0.5120910931459296
HOS_1150,Hospital,Laxmi Clinic - Kandivli - (Mumbai),19.2018029,72.859212,Heat,100.0,65.3,High,0,0.5081073484682604
HOS_1151,Hospital,Medha Maternity and Nursing Home - Kandivali (E) Mumbai,19.1956904,72.8754354,Flood,100.0,66.72,High,0,0.511361519356647
HOS_1151,Hospital,Medha Maternity and Nursing Home - Kandivali (E) Mumbai,19.1956904,72.8754354,Geomagnetic,100.0,62.34,High,0,0.5153518157006791
HOS_1151,Hospital,Medha Maternity and Nursing Home - Kandivali (E) Mumbai,19.1956904,72.8754354,Heat,100.0,65.3,High,0,0.511361519356647
HOS_1152,Hospital,New Life Nursing Home,19.2064722,72.8648413,Flood,100.0,70.09,High,0,0.5138165493697593
HOS_1152,Hospital,New Life Nursing Home,19.2064722,72.8648413,Geomagnetic,100.0,65.48,High,0,0.5192168550761095
HOS_1152,Hospital,New Life Nursing Home,19.2064722,72.8648413,Heat,100.0,68.59,High,0,0.5138165493697593
HOS_1153,Hospital,Noble Hospital,,,Flood,100.0,61.68,High,0,0.5244058818855553
HOS_1153,Hospital,Noble Hospital,,,Geomagnetic,100.0,57.63,High,1,0.540477420964363
HOS_1153,Hospital,Noble Hospital,,,Heat,100.0,60.36,High,0,0.5244058818855553
HOS_1154,Hospital,Nupur Nursing Home - Kandivli,19.2594417,72.8635548,Flood,100.0,61.68,High,1,0.5539249150254251
HOS_1154,Hospital,Nupur Nursing Home - Kandivli,19.2594417,72.8635548,Geomagnetic,100.0,57.63,High,1,0.5584523951507536
HOS_1154,Hospital,Nupur Nursing Home - Kandivli,19.2594417,72.8635548,Heat,100.0,60.36,High,1,0.5539249150254251
HOS_1155,Hospital,"Omm Sai Nursing Home - Kandivali, Mumbai",19.2114533,72.8737217,Flood,100.0,70.09,High,0,0.5240376528581674
HOS_1155,Hospital,"Omm Sai Nursing Home - Kandivali, Mumbai",19.2114533,72.8737217,Geomagnetic,100.0,65.48,High,0,0.5269053794427399
HOS_1155,Hospital,"Omm Sai Nursing Home - Kandivali, Mumbai",19.2114533,72.8737217,Heat,100.0,68.59,High,0,0.5240376528581674
HOS_1156,Hospital,Ortho Plus Hospital,,,Flood,100.0,61.68,High,0,0.5244058818855553
HOS_1156,Hospital,Ortho Plus Hospital,,,Geomagnetic,100.0,57.63,High,1,0.540477420964363
HOS_1156,Hospital,Ortho Plus Hospital,,,Heat,100.0,60.36,High,0,0.5244058818855553
HOS_1157,Hospital,Paramount Ganpati Health Care - Kandivali,19.2114533,72.8737217,Flood,100.0,70.09,High,0,0.5240376528581674
HOS_1157,Hospital,Paramount Ganpati Health Care - Kandivali,19.2114533,72.8737217,Geomagnetic,100.0,65.48,High,0,0.5269053794427399
HOS_1157,Hospital,Paramount Ganpati Health Care - Kandivali,19.2114533,72.8737217,Heat,100.0,68.59,High,0,0.5240376528581674
HOS_1158,Hospital,Saibaba Maternity and Nursing Home,19.2017881,72.856749,Flood,100.0,66.72,High,0,0.5089459280859487
HOS_1158,Hospital,Saibaba Maternity and Nursing Home,19.2017881,72.856749,Geomagnetic,100.0,62.34,High,0,0.5123969608862587
HOS_1158,Hospital,Saibaba Maternity and Nursing Home,19.2017881,72.856749,Heat,100.0,65.3,High,0,0.5089459280859487
HOS_1159,Hospital,Sanchaiti Hospital,19.2014495,72.8590491,Flood,100.0,66.72,High,0,0.5067438986882633
HOS_1159,Hospital,Sanchaiti Hospital,19.2014495,72.8590491,Geomagnetic,100.0,62.34,High,0,0.5105779032586
HOS_1159,Hospital,Sanchaiti Hospital,19.2014495,72.8590491,Heat,100.0,65.3,High,0,0.5067438986882633
HOS_116,Hospital,Om Shanti Manav Kalyan Netralay,,,Flood,100.0,61.68,High,0,0.5244058818855553
HOS_116,Hospital,Om Shanti Manav Kalyan Netralay,,,Geomagnetic,100.0,57.63,High,1,0.540477420964363
HOS_116,Hospital,Om Shanti Manav Kalyan Netralay,,,Heat,100.0,60.36,High,0,0.5244058818855553
HOS_1160,Hospital,Shree Sai Hospital,,,Flood,100.0,61.68,High,0,0.5244058818855553
HOS_1160,Hospital,Shree Sai Hospital,,,Geomagnetic,100.0,57.63,High,1,0.540477420964363
HOS_1160,Hospital,Shree Sai Hospital,,,Heat,100.0,60.36,High,0,0.5244058818855553
HOS_1161,Hospital,Shreeji Hospital (Kandivli),19.2009337,72.8692653,Flood,100.0,70.09,High,0,0.5115509069643733
HOS_1161,Hospital,Shreeji Hospital (Kandivli),19.2009337,72.8692653,Geomagnetic,100.0,65.48,High,0,0.5148275567619838
HOS_1161,Hospital,Shreeji Hospital (Kandivli),19.2009337,72.8692653,Heat,100.0,68.59,High,0,0.5115509069643733
HOS_1162,Hospital,Speciality Ent Hospital,,,Flood,100.0,61.68,High,0,0.5244058818855553
HOS_1162,Hospital,Speciality Ent Hospital,,,Geomagnetic,100.0,57.63,High,1,0.540477420964363
HOS_1162,Hospital,Speciality Ent Hospital,,,Heat,100.0,60.36,High,0,0.5244058818855553
HOS_1164,Hospital,Vikas Diagnostic Centre,19.2139911,72.8655789,Flood,100.0,70.09,High,0,0.5226689432723428
HOS_1164,Hospital,Vikas Diagnostic Centre,19.2139911,72.8655789,Geomagnetic,100.0,65.48,High,0,0.5274588438003956
HOS_1164,Hospital,Vikas Diagnostic Centre,19.2139911,72.8655789,Heat,100.0,68.59,High,0,0.5226689432723428
HOS_1165,Hospital,Crystal Eye Center,,,Flood,100.0,61.68,High,0,0.5244058818855553
HOS_1165,Hospital,Crystal Eye Center,,,Geomagnetic,100.0,57.63,High,1,0.540477420964363
HOS_1165,Hospital,Crystal Eye Center,,,Heat,100.0,60.36,High,0,0.5244058818855553
HOS_1166,Hospital,Dr Shah Piles Clinic,19.0759837,72.8776559,Flood,100.0,61.68,High,0,0.4615533918676057
HOS_1166,Hospital,Dr Shah Piles Clinic,19.0759837,72.8776559,Geomagnetic,100.0,57.63,High,0,0.4678510503457073
HOS_1166,Hospital,Dr Shah Piles Clinic,19.0759837,72.8776559,Heat,100.0,60.36,High,0,0.4615533918676057
HOS_1167,Hospital,Dr Shahs Hospital,,,Flood,100.0,61.68,High,0,0.5244058818855553
HOS_1167,Hospital,Dr Shahs Hospital,,,Geomagnetic,100.0,57.63,High,1,0.540477420964363
HOS_1167,Hospital,Dr Shahs Hospital,,,Heat,100.0,60.36,High,0,0.5244058818855553
HOS_1168,Hospital,Linkway Nursing Home and Polyclinic,19.1405116,72.8421555,Flood,100.0,61.68,High,0,0.4781632118879006
HOS_1168,Hospital,Linkway Nursing Home and Polyclinic,19.1405116,72.8421555,Geomagnetic,100.0,57.63,High,0,0.4840776377596958
HOS_1168,Hospital,Linkway Nursing Home and Polyclinic,19.1405116,72.8421555,Heat,100.0,60.36,High,0,0.4781632118879006
HOS_1169,Hospital,Mallika Hospital and Envision Eye Centre,,,Flood,100.0,61.68,High,0,0.5244058818855553
HOS_1169,Hospital,Mallika Hospital and Envision Eye Centre,,,Geomagnetic,100.0,57.63,High,1,0.540477420964363
HOS_1169,Hospital,Mallika Hospital and Envision Eye Centre,,,Heat,100.0,60.36,High,0,0.5244058818855553
HOS_117,Hospital,Parel Institute Of Orthopaedic Specialities,19.004888,72.8456268,Flood,100.0,61.68,High,0,0.5078934639209897
HOS_117,Hospital,Parel Institute Of Orthopaedic Specialities,19.004888,72.8456268,Geomagnetic,100.0,57.63,High,0,0.5083151970898255
HOS_117,Hospital,Parel Institute Of Orthopaedic Specialities,19.004888,72.8456268,Heat,100.0,60.36,High,0,0.5078934639209897
HOS_1170,Hospital,Mother Care Maternity And Surgical Nursing Home - Mumbai,19.1405116,72.8421555,Flood,100.0,61.68,High,0,0.4781632118879006
HOS_1170,Hospital,Mother Care Maternity And Surgical Nursing Home - Mumbai,19.1405116,72.8421555,Geomagnetic,100.0,57.63,High,0,0.4840776377596958
HOS_1170,Hospital,Mother Care Maternity And Surgical Nursing Home - Mumbai,19.1405116,72.8421555,Heat,100.0,60.36,High,0,0.4781632118879006
HOS_1172,Hospital,Pooja Nursing Home,19.1405116,72.8421555,Flood,100.0,61.68,High,0,0.4781632118879006
HOS_1172,Hospital,Pooja Nursing Home,19.1405116,72.8421555,Geomagnetic,100.0,57.63,High,0,0.4840776377596958
HOS_1172,Hospital,Pooja Nursing Home,19.1405116,72.8421555,Heat,100.0,60.36,High,0,0.4781632118879006
HOS_1173,Hospital,Pratima Maternity and Surgical Nursing Home,19.1332655,72.84371,Flood,100.0,61.68,High,0,0.4735512942019969
HOS_1173,Hospital,Pratima Maternity and Surgical Nursing Home,19.1332655,72.84371,Geomagnetic,100.0,57.63,High,0,0.4799592006284796
HOS_1173,Hospital,Pratima Maternity and Surgical Nursing Home,19.1332655,72.84371,Heat,100.0,60.36,High,0,0.4735512942019969
HOS_1174,Hospital,Shivam Netram Eye Hospital,19.1439388,72.8430671,Flood,100.0,61.68,High,0,0.4800134043402382
HOS_1174,Hospital,Shivam Netram Eye Hospital,19.1439388,72.8430671,Geomagnetic,100.0,57.63,High,0,0.4869430845228006
HOS_1174,Hospital,Shivam Netram Eye Hospital,19.1439388,72.8430671,Heat,100.0,60.36,High,0,0.4800134043402382
HOS_1175,Hospital,Ameya Orthopaedic Centre,19.2375183,72.8548501,Flood,100.0,66.72,High,1,0.540681280692275
HOS_1175,Hospital,Ameya Orthopaedic Centre,19.2375183,72.8548501,Geomagnetic,100.0,62.34,High,1,0.5442296245191128
HOS_1175,Hospital,Ameya Orthopaedic Centre,19.2375183,72.8548501,Heat,100.0,65.3,High,1,0.540681280692275
HOS_1176,Hospital,Kini Nursing Home,,,Flood,100.0,61.68,High,0,0.5244058818855553
HOS_1176,Hospital,Kini Nursing Home,,,Geomagnetic,100.0,57.63,High,1,0.540477420964363
HOS_1176,Hospital,Kini Nursing Home,,,Heat,100.0,60.36,High,0,0.5244058818855553
HOS_1177,Hospital,Netra Mandir,,,Flood,100.0,61.68,High,0,0.5244058818855553
HOS_1177,Hospital,Netra Mandir,,,Geomagnetic,100.0,57.63,High,1,0.540477420964363
HOS_1177,Hospital,Netra Mandir,,,Heat,100.0,60.36,High,0,0.5244058818855553
HOS_1178,Hospital,Sohum Eyecare and Oculoplasty Centre,19.2461644,72.8509056,Flood,100.0,66.72,High,1,0.5489847127123727
HOS_1178,Hospital,Sohum Eyecare and Oculoplasty Centre,19.2461644,72.8509056,Geomagnetic,100.0,62.34,High,1,0.5512584161837529
HOS_1178,Hospital,Sohum Eyecare and Oculoplasty Centre,19.2461644,72.8509056,Heat,100.0,65.3,High,1,0.5489847127123727
HOS_1179,Hospital,Dr. Bamis Fracture and Hand Clinic - Goregaon,19.1629338,72.839241,Flood,100.0,61.68,High,0,0.4915634446777562
HOS_1179,Hospital,Dr. Bamis Fracture and Hand Clinic - Goregaon,19.1629338,72.839241,Geomagnetic,100.0,57.63,High,0,0.4997701544422219
HOS_1179,Hospital,Dr. Bamis Fracture and Hand Clinic - Goregaon,19.1629338,72.839241,Heat,100.0,60.36,High,0,0.4915634446777562
HOS_118,Hospital,Dr Nerurkars Harish Nursing Home,,,Flood,100.0,61.68,High,0,0.5244058818855553
HOS_118,Hospital,Dr Nerurkars Harish Nursing Home,,,Geomagnetic,100.0,57.63,High,1,0.540477420964363
HOS_118,Hospital,Dr Nerurkars Harish Nursing Home,,,Heat,100.0,60.36,High,0,0.5244058818855553
HOS_1180,Hospital,Pooja Hospital,19.1629338,72.839241,Flood,100.0,61.68,High,0,0.4915634446777562
HOS_1180,Hospital,Pooja Hospital,19.1629338,72.839241,Geomagnetic,100.0,57.63,High,0,0.4997701544422219
HOS_1180,Hospital,Pooja Hospital,19.1629338,72.839241,Heat,100.0,60.36,High,0,0.4915634446777562
HOS_1181,Hospital,"Breach Candy Hospital, Mumbai",18.972711,72.804394,Flood,100.0,61.68,High,1,0.584369688402422
HOS_1181,Hospital,"Breach Candy Hospital, Mumbai",18.972711,72.804394,Geomagnetic,100.0,57.63,High,1,0.584369688402422
HOS_1181,Hospital,"Breach Candy Hospital, Mumbai",18.972711,72.804394,Heat,100.0,60.36,High,1,0.584369688402422
HOS_1182,Hospital,Cumbala Hill Hospital and Heart Institute,18.9624555,72.8098026,Flood,100.0,61.68,High,1,0.5803866506823869
HOS_1182,Hospital,Cumbala Hill Hospital and Heart Institute,18.9624555,72.8098026,Geomagnetic,100.0,57.63,High,1,0.5803866506823869
HOS_1182,Hospital,Cumbala Hill Hospital and Heart Institute,18.9624555,72.8098026,Heat,100.0,60.36,High,1,0.5803866506823869
HOS_1183,Hospital,Asian Heart Institute And Research Center,19.06413,72.861656,Flood,100.0,61.68,High,0,0.4639458653551311
HOS_1183,Hospital,Asian Heart Institute And Research Center,19.06413,72.861656,Geomagnetic,100.0,57.63,High,0,0.4712895378344228
HOS_1183,Hospital,Asian Heart Institute And Research Center,19.06413,72.861656,Heat,100.0,60.36,High,0,0.4639458653551311
HOS_1184,Hospital,Lilavati Hospital and Research Center,19.0515721,72.8346314,Flood,100.0,61.68,High,0,0.4825096240352164
HOS_1184,Hospital,Lilavati Hospital and Research Center,19.0515721,72.8346314,Geomagnetic,100.0,57.63,High,0,0.4825504482690569
HOS_1184,Hospital,Lilavati Hospital and Research Center,19.0515721,72.8346314,Heat,100.0,60.36,High,0,0.4825096240352164
HOS_1185,Hospital,Tata Memorial Hospital,19.0041141,72.8426707,Flood,100.0,61.68,High,0,0.5079773538884226
HOS_1185,Hospital,Tata Memorial Hospital,19.0041141,72.8426707,Geomagnetic,100.0,57.63,High,0,0.5079881534681413
HOS_1185,Hospital,Tata Memorial Hospital,19.0041141,72.8426707,Heat,100.0,60.36,High,0,0.5079773538884226
HOS_1186,Hospital,Bhatia General Hospital,18.9664679,72.8152953,Flood,100.0,61.68,High,1,0.5680061592034709
HOS_1186,Hospital,Bhatia General Hospital,18.9664679,72.8152953,Geomagnetic,100.0,57.63,High,1,0.5680061592034709
HOS_1186,Hospital,Bhatia General Hospital,18.9664679,72.8152953,Heat,100.0,60.36,High,1,0.5680061592034709
HOS_1187,Hospital,Seven Hills Hospital,19.1154908,72.8726952,Flood,100.0,61.68,High,0,0.4643529213113688
HOS_1187,Hospital,Seven Hills Hospital,19.1154908,72.8726952,Geomagnetic,100.0,57.63,High,0,0.4696226746624177
HOS_1187,Hospital,Seven Hills Hospital,19.1154908,72.8726952,Heat,100.0,60.36,High,0,0.4643529213113688
HOS_1188,Hospital,Bombay Hospital And Medical Research Center,18.941002,72.827324,Flood,100.0,61.68,High,1,0.575146685867384
HOS_1188,Hospital,Bombay Hospital And Medical Research Center,18.941002,72.827324,Geomagnetic,100.0,57.63,High,1,0.575146685867384
HOS_1188,Hospital,Bombay Hospital And Medical Research Center,18.941002,72.827324,Heat,100.0,60.36,High,1,0.575146685867384
HOS_1189,Hospital,P.D.Hinduja National Hospital and Research center,19.0374901,72.8390644,Flood,100.0,61.68,High,0,0.4828320720664926
HOS_1189,Hospital,P.D.Hinduja National Hospital and Research center,19.0374901,72.8390644,Geomagnetic,100.0,57.63,High,0,0.4841509961065987
HOS_1189,Hospital,P.D.Hinduja National Hospital and Research center,19.0374901,72.8390644,Heat,100.0,60.36,High,0,0.4828320720664926
HOS_119,Hospital,Dr.Mugdha Ranade Eye Clinic,,,Flood,100.0,61.68,High,0,0.5244058818855553
HOS_119,Hospital,Dr.Mugdha Ranade Eye Clinic,,,Geomagnetic,100.0,57.63,High,1,0.540477420964363
HOS_119,Hospital,Dr.Mugdha Ranade Eye Clinic,,,Heat,100.0,60.36,High,0,0.5244058818855553
HOS_1190,Hospital,Saifee Hospital,18.952508,72.818199,Flood,100.0,61.68,High,1,0.5744703313318318
HOS_1190,Hospital,Saifee Hospital,18.952508,72.818199,Geomagnetic,100.0,57.63,High,1,0.5744703313318318
HOS_1190,Hospital,Saifee Hospital,18.952508,72.818199,Heat,100.0,60.36,High,1,0.5744703313318318
HOS_1191,Hospital,"Fortis Hospitals, Mulund",19.1918191,72.8348753,Flood,100.0,61.68,High,0,0.5153919083668645
HOS_1191,Hospital,"Fortis Hospitals, Mulund",19.1918191,72.8348753,Geomagnetic,100.0,57.63,High,0,0.5200405705569305
HOS_1191,Hospital,"Fortis Hospitals, Mulund",19.1918191,72.8348753,Heat,100.0,60.36,High,0,0.5153919083668645
HOS_1192,Hospital,Jaslok Hospital And Medical Research Institute,18.9755757,72.8097374,Flood,100.0,61.68,High,1,0.5711249679931548
HOS_1192,Hospital,Jaslok Hospital And Medical Research Institute,18.9755757,72.8097374,Geomagnetic,100.0,57.63,High,1,0.5711249679931548
HOS_1192,Hospital,Jaslok Hospital And Medical Research Institute,18.9755757,72.8097374,Heat,100.0,60.36,High,1,0.5711249679931548
HOS_1193,Hospital,Guru Nanak Hospital,,,Flood,100.0,61.68,High,0,0.5244058818855553
HOS_1193,Hospital,Guru Nanak Hospital,,,Geomagnetic,100.0,57.63,High,1,0.540477420964363
HOS_1193,Hospital,Guru Nanak Hospital,,,Heat,100.0,60.36,High,0,0.5244058818855553
HOS_1194,Hospital,Criticare Multispeciality Hospital and Research Centre,19.1145832,72.8358707,Flood,100.0,61.68,High,0,0.4706374536776986
HOS_1194,Hospital,Criticare Multispeciality Hospital and Research Centre,19.1145832,72.8358707,Geomagnetic,100.0,57.63,High,0,0.4760759295842407
HOS_1194,Hospital,Criticare Multispeciality Hospital and Research Centre,19.1145832,72.8358707,Heat,100.0,60.36,High,0,0.4706374536776986
HOS_1195,Hospital,Surana Sethia Hospital and Research Centre,19.0536352,72.8851743,Flood,100.0,61.68,High,0,0.4834480249734232
HOS_1195,Hospital,Surana Sethia Hospital and Research Centre,19.0536352,72.8851743,Geomagnetic,100.0,57.63,High,0,0.4849753058108108
HOS_1195,Hospital,Surana Sethia Hospital and Research Centre,19.0536352,72.8851743,Heat,100.0,60.36,High,0,0.4834480249734232
HOS_1196,Hospital,Balaji Hospital,18.9767706,72.8350652,Flood,100.0,61.68,High,1,0.536009993661728
HOS_1196,Hospital,Balaji Hospital,18.9767706,72.8350652,Geomagnetic,100.0,57.63,High,1,0.536009993661728
HOS_1196,Hospital,Balaji Hospital,18.9767706,72.8350652,Heat,100.0,60.36,High,1,0.536009993661728
HOS_1197,Hospital,Kokilaben Dhirubhai Ambani Hospital and Medical Research Institute,19.1363246,72.82766,Flood,100.0,61.68,High,0,0.493128409492963
HOS_1197,Hospital,Kokilaben Dhirubhai Ambani Hospital and Medical Research Institute,19.1363246,72.82766,Geomagnetic,100.0,57.63,High,0,0.4978323945370091
HOS_1197,Hospital,Kokilaben Dhirubhai Ambani Hospital and Medical Research Institute,19.1363246,72.82766,Heat,100.0,60.36,High,0,0.493128409492963
HOS_1198,Hospital,Aditya Jyot Eye Hospital,19.0164103,72.855261,Flood,100.0,61.68,High,0,0.4931678665785712
HOS_1198,Hospital,Aditya Jyot Eye Hospital,19.0164103,72.855261,Geomagnetic,100.0,57.63,High,0,0.4970480727364547
HOS_1198,Hospital,Aditya Jyot Eye Hospital,19.0164103,72.855261,Heat,100.0,60.36,High,0,0.4931678665785712
HOS_1199,Hospital,Shree Bidada Sarvodaya Trust Hospital,19.0021567,72.8415793,Flood,100.0,61.68,High,0,0.5109680331680533
HOS_1199,Hospital,Shree Bidada Sarvodaya Trust Hospital,19.0021567,72.8415793,Geomagnetic,100.0,57.63,High,0,0.5109680331680533
HOS_1199,Hospital,Shree Bidada Sarvodaya Trust Hospital,19.0021567,72.8415793,Heat,100.0,60.36,High,0,0.5109680331680533
HOS_12,Hospital,Dr. Sandeep S. Nagvekar,,,Flood,100.0,61.68,High,0,0.5244058818855553
HOS_12,Hospital,Dr. Sandeep S. Nagvekar,,,Geomagnetic,100.0,57.63,High,1,0.540477420964363
HOS_12,Hospital,Dr. Sandeep S. Nagvekar,,,Heat,100.0,60.36,High,0,0.5244058818855553
HOS_120,Hospital,Harish Nursing Home,18.991758,72.831223,Flood,100.0,61.68,High,0,0.5263130222502812
HOS_120,Hospital,Harish Nursing Home,18.991758,72.831223,Geomagnetic,100.0,57.63,High,0,0.5263130222502812
HOS_120,Hospital,Harish Nursing Home,18.991758,72.831223,Heat,100.0,60.36,High,0,0.5263130222502812
HOS_1200,Hospital,Bombay City Eye Institute and Research Centre,18.9629992,72.8175748,Flood,100.0,61.68,High,1,0.566532337663925
HOS_1200,Hospital,Bombay City Eye Institute and Research Centre,18.9629992,72.8175748,Geomagnetic,100.0,57.63,High,1,0.566532337663925
HOS_1200,Hospital,Bombay City Eye Institute and Research Centre,18.9629992,72.8175748,Heat,100.0,60.36,High,1,0.566532337663925
HOS_1201,Hospital,The B.D.Petit Parsee General Hospital,18.9668749,72.805182,Flood,100.0,61.68,High,1,0.5874836093559354
HOS_1201,Hospital,The B.D.Petit Parsee General Hospital,18.9668749,72.805182,Geomagnetic,100.0,57.63,High,1,0.5874836093559354
HOS_1201,Hospital,The B.D.Petit Parsee General Hospital,18.9668749,72.805182,Heat,100.0,60.36,High,1,0.5874836093559354
HOS_1202,Hospital,"Centre For Sight, Juhu",19.1102949,72.8409693,Flood,100.0,61.68,High,0,0.4632643163784594
HOS_1202,Hospital,"Centre For Sight, Juhu",19.1102949,72.8409693,Geomagnetic,100.0,57.63,High,0,0.4703925857906436
HOS_1202,Hospital,"Centre For Sight, Juhu",19.1102949,72.8409693,Heat,100.0,60.36,High,0,0.4632643163784594
HOS_1203,Hospital,Asian Heart Institute,19.0562207,72.8537634,Flood,100.0,61.68,High,0,0.4694482159727274
HOS_1203,Hospital,Asian Heart Institute,19.0562207,72.8537634,Geomagnetic,100.0,57.63,High,0,0.4754163307332188
HOS_1203,Hospital,Asian Heart Institute,19.0562207,72.8537634,Heat,100.0,60.36,High,0,0.4694482159727274
HOS_1205,Hospital,"CGHS Dispensary No.2, Pedder Road,",,,Flood,100.0,61.68,High,0,0.5244058818855553
HOS_1205,Hospital,"CGHS Dispensary No.2, Pedder Road,",,,Geomagnetic,100.0,57.63,High,1,0.540477420964363
HOS_1205,Hospital,"CGHS Dispensary No.2, Pedder Road,",,,Heat,100.0,60.36,High,0,0.5244058818855553
HOS_1206,Hospital,"CGHS Dispensary No.3, Worli",,,Flood,100.0,61.68,High,0,0.5244058818855553
HOS_1206,Hospital,"CGHS Dispensary No.3, Worli",,,Geomagnetic,100.0,57.63,High,1,0.540477420964363
HOS_1206,Hospital,"CGHS Dispensary No.3, Worli",,,Heat,100.0,60.36,High,0,0.5244058818855553
HOS_1207,Hospital,"CGHS Dispensary No.4, Mahim Building",,,Flood,100.0,61.68,High,0,0.5244058818855553
HOS_1207,Hospital,"CGHS Dispensary No.4, Mahim Building",,,Geomagnetic,100.0,57.63,High,1,0.540477420964363
HOS_1207,Hospital,"CGHS Dispensary No.4, Mahim Building",,,Heat,100.0,60.36,High,0,0.5244058818855553
HOS_1208,Hospital,"CGHS Dispensary No.5, Santacruz",19.1034191,72.854365,Flood,100.0,61.68,High,0,0.4570416508516939
HOS_1208,Hospital,"CGHS Dispensary No.5, Santacruz",19.1034191,72.854365,Geomagnetic,100.0,57.63,High,0,0.4656991189512062
HOS_1208,Hospital,"CGHS Dispensary No.5, Santacruz",19.1034191,72.854365,Heat,100.0,60.36,High,0,0.4570416508516939
HOS_1209,Hospital,"CGHS Dispensary No.6, Ghatkopar",19.1403981,72.9379362,Flood,100.0,63.92,High,0,0.5284343607929596
HOS_1209,Hospital,"CGHS Dispensary No.6, Ghatkopar",19.1403981,72.9379362,Geomagnetic,100.0,59.72,High,0,0.529026044241276
HOS_1209,Hospital,"CGHS Dispensary No.6, Ghatkopar",19.1403981,72.9379362,Heat,100.0,62.56,High,0,0.5284343607929596
HOS_121,Hospital,Jain Diagnotic Centre,18.9915925,72.8315014,Flood,100.0,61.68,High,0,0.5257023267443569
HOS_121,Hospital,Jain Diagnotic Centre,18.9915925,72.8315014,Geomagnetic,100.0,57.63,High,0,0.5257023267443569
HOS_121,Hospital,Jain Diagnotic Centre,18.9915925,72.8315014,Heat,100.0,60.36,High,0,0.5257023267443569
HOS_1210,Hospital,"CGHS Dispensary No.7, Wadala",,,Flood,100.0,61.68,High,0,0.5244058818855553
HOS_1210,Hospital,"CGHS Dispensary No.7, Wadala",,,Geomagnetic,100.0,57.63,High,1,0.540477420964363
HOS_1210,Hospital,"CGHS Dispensary No.7, Wadala",,,Heat,100.0,60.36,High,0,0.5244058818855553
HOS_1211,Hospital,"CGHS Dispensary No.8, Koliwada",19.030998,72.862675,Flood,100.0,61.68,High,0,0.4816767316246255
HOS_1211,Hospital,"CGHS Dispensary No.8, Koliwada",19.030998,72.862675,Geomagnetic,100.0,57.63,High,0,0.487391042542922
HOS_1211,Hospital,"CGHS Dispensary No.8, Koliwada",19.030998,72.862675,Heat,100.0,60.36,High,0,0.4816767316246255
HOS_1212,Hospital,CGHS Dispensary No.9,,,Flood,100.0,61.68,High,0,0.5244058818855553
HOS_1212,Hospital,CGHS Dispensary No.9,,,Geomagnetic,100.0,57.63,High,1,0.540477420964363
HOS_1212,Hospital,CGHS Dispensary No.9,,,Heat,100.0,60.36,High,0,0.5244058818855553
HOS_1213,Hospital,"CGHS Dispensary No.10, Bandra",19.0606917,72.8362497,Flood,100.0,61.68,High,0,0.4744092593494922
HOS_1213,Hospital,"CGHS Dispensary No.10, Bandra",19.0606917,72.8362497,Geomagnetic,100.0,57.63,High,0,0.4767591573750629
HOS_1213,Hospital,"CGHS Dispensary No.10, Bandra",19.0606917,72.8362497,Heat,100.0,60.36,High,0,0.4744092593494922
HOS_1214,Hospital,"CGHS Dispensary No.11, Byculla",18.9751131,72.8298837,Flood,100.0,61.68,High,1,0.5421641612801468
HOS_1214,Hospital,"CGHS Dispensary No.11, Byculla",18.9751131,72.8298837,Geomagnetic,100.0,57.63,High,1,0.5421641612801468
HOS_1214,Hospital,"CGHS Dispensary No.11, Byculla",18.9751131,72.8298837,Heat,100.0,60.36,High,1,0.5421641612801468
HOS_1215,Hospital,"CGHS Dispensary No.14, Vakola",19.0788783,72.8500307,Flood,100.0,61.68,High,0,0.4625892460555262
HOS_1215,Hospital,"CGHS Dispensary No.14, Vakola",19.0788783,72.8500307,Geomagnetic,100.0,57.63,High,0,0.4698102556881044
HOS_1215,Hospital,"CGHS Dispensary No.14, Vakola",19.0788783,72.8500307,Heat,100.0,60.36,High,0,0.4625892460555262
HOS_1216,Hospital,"CGHS Dispensary No.15, Deonar",,,Flood,100.0,61.68,High,0,0.5244058818855553
HOS_1216,Hospital,"CGHS Dispensary No.15, Deonar",,,Geomagnetic,100.0,57.63,High,1,0.540477420964363
HOS_1216,Hospital,"CGHS Dispensary No.15, Deonar",,,Heat,100.0,60.36,High,0,0.5244058818855553
HOS_1217,Hospital,"CGHS Dispensary No.16, Matunga",,,Flood,100.0,61.68,High,0,0.5244058818855553
HOS_1217,Hospital,"CGHS Dispensary No.16, Matunga",,,Geomagnetic,100.0,57.63,High,1,0.540477420964363
HOS_1217,Hospital,"CGHS Dispensary No.16, Matunga",,,Heat,100.0,60.36,High,0,0.5244058818855553
HOS_1218,Hospital,"CGHS Dispensary No.17, Bhandup",19.149901,72.931134,Flood,100.0,67.29,High,0,0.521192578968394
HOS_1218,Hospital,"CGHS Dispensary No.17, Bhandup",19.149901,72.931134,Geomagnetic,100.0,62.86,High,0,0.5228819444182402
HOS_1218,Hospital,"CGHS Dispensary No.17, Bhandup",19.149901,72.931134,Heat,100.0,65.85,High,0,0.521192578968394
HOS_1219,Hospital,"CGHS Dispensary No., Vikhroli",,,Flood,100.0,61.68,High,0,0.5244058818855553
HOS_1219,Hospital,"CGHS Dispensary No., Vikhroli",,,Geomagnetic,100.0,57.63,High,1,0.540477420964363
HOS_1219,Hospital,"CGHS Dispensary No., Vikhroli",,,Heat,100.0,60.36,High,0,0.5244058818855553
HOS_122,Hospital,Akshi Eye Centre,19.0187123,72.8480251,Flood,100.0,61.68,High,0,0.4939461690056758
HOS_122,Hospital,Akshi Eye Centre,19.0187123,72.8480251,Geomagnetic,100.0,57.63,High,0,0.4939461690056758
HOS_122,Hospital,Akshi Eye Centre,19.0187123,72.8480251,Heat,100.0,60.36,High,0,0.4939461690056758
HOS_1220,Hospital,"CGHS Dispensary No.19, Mulund",19.1725542,72.942537,Flood,100.0,67.29,High,1,0.5370200424294047
HOS_1220,Hospital,"CGHS Dispensary No.19, Mulund",19.1725542,72.942537,Geomagnetic,100.0,62.86,High,1,0.5379307377191302
HOS_1220,Hospital,"CGHS Dispensary No.19, Mulund",19.1725542,72.942537,Heat,100.0,65.85,High,1,0.5370200424294047
HOS_1221,Hospital,"CGHS Dispensary No.20, Goregaon",,,Flood,100.0,61.68,High,0,0.5244058818855553
HOS_1221,Hospital,"CGHS Dispensary No.20, Goregaon",,,Geomagnetic,100.0,57.63,High,1,0.540477420964363
HOS_1221,Hospital,"CGHS Dispensary No.20, Goregaon",,,Heat,100.0,60.36,High,0,0.5244058818855553
HOS_1222,Hospital,"CGHS Dispensary No.21, Sahar",19.1015512,72.8631724,Flood,100.0,61.68,High,0,0.4560964619381601
HOS_1222,Hospital,"CGHS Dispensary No.21, Sahar",19.1015512,72.8631724,Geomagnetic,100.0,57.63,High,0,0.4643803766044636
HOS_1222,Hospital,"CGHS Dispensary No.21, Sahar",19.1015512,72.8631724,Heat,100.0,60.36,High,0,0.4560964619381601
HOS_1223,Hospital,CGHS Dispensary No.22,,,Flood,100.0,61.68,High,0,0.5244058818855553
HOS_1223,Hospital,CGHS Dispensary No.22,,,Geomagnetic,100.0,57.63,High,1,0.540477420964363
HOS_1223,Hospital,CGHS Dispensary No.22,,,Heat,100.0,60.36,High,0,0.5244058818855553
HOS_1224,Hospital,CGHS Dispensary No.23,,,Flood,100.0,61.68,High,0,0.5244058818855553
HOS_1224,Hospital,CGHS Dispensary No.23,,,Geomagnetic,100.0,57.63,High,1,0.540477420964363
HOS_1224,Hospital,CGHS Dispensary No.23,,,Heat,100.0,60.36,High,0,0.5244058818855553
HOS_1225,Hospital,"CGHS Dispensary No.24, Kanjurmarg",,,Flood,100.0,61.68,High,0,0.5244058818855553
HOS_1225,Hospital,"CGHS Dispensary No.24, Kanjurmarg",,,Geomagnetic,100.0,57.63,High,1,0.540477420964363
HOS_1225,Hospital,"CGHS Dispensary No.24, Kanjurmarg",,,Heat,100.0,60.36,High,0,0.5244058818855553
HOS_1226,Hospital,"CGHS Dispensary No.25, Jogeshwari",19.1319685,72.8607789,Flood,100.0,61.68,High,0,0.4700962807045658
HOS_1226,Hospital,"CGHS Dispensary No.25, Jogeshwari",19.1319685,72.8607789,Geomagnetic,100.0,57.63,High,0,0.4780415624748005
HOS_1226,Hospital,"CGHS Dispensary No.25, Jogeshwari",19.1319685,72.8607789,Heat,100.0,60.36,High,0,0.4700962807045658
HOS_1227,Hospital,"CGHS Dispensary No.26, Seepz",19.1154908,72.8726952,Flood,100.0,61.68,High,0,0.4643529213113688
HOS_1227,Hospital,"CGHS Dispensary No.26, Seepz",19.1154908,72.8726952,Geomagnetic,100.0,57.63,High,0,0.4696226746624177
HOS_1227,Hospital,"CGHS Dispensary No.26, Seepz",19.1154908,72.8726952,Heat,100.0,60.36,High,0,0.4643529213113688
HOS_1228,Hospital,"CGHS Sub-Dispensary, Juhu",,,Flood,100.0,61.68,High,0,0.5244058818855553
HOS_1228,Hospital,"CGHS Sub-Dispensary, Juhu",,,Geomagnetic,100.0,57.63,High,1,0.540477420964363
HOS_1228,Hospital,"CGHS Sub-Dispensary, Juhu",,,Heat,100.0,60.36,High,0,0.5244058818855553
HOS_1229,Hospital,CGHS Sub-Dispensary Nepean Sea Road,18.9593271,72.8012627,Flood,100.0,61.68,High,1,0.5953622954051094
HOS_1229,Hospital,CGHS Sub-Dispensary Nepean Sea Road,18.9593271,72.8012627,Geomagnetic,100.0,57.63,High,1,0.5953622954051094
HOS_1229,Hospital,CGHS Sub-Dispensary Nepean Sea Road,18.9593271,72.8012627,Heat,100.0,60.36,High,1,0.5953622954051094
HOS_123,Hospital,Arthroscopy and Sports Medicine Institute,,,Flood,100.0,61.68,High,0,0.5244058818855553
HOS_123,Hospital,Arthroscopy and Sports Medicine Institute,,,Geomagnetic,100.0,57.63,High,1,0.540477420964363
HOS_123,Hospital,Arthroscopy and Sports Medicine Institute,,,Heat,100.0,60.36,High,0,0.5244058818855553
HOS_1230,Hospital,"CGHS Polyclinic, Ballard Estate",,,Flood,100.0,61.68,High,0,0.5244058818855553
HOS_1230,Hospital,"CGHS Polyclinic, Ballard Estate",,,Geomagnetic,100.0,57.63,High,1,0.540477420964363
HOS_1230,Hospital,"CGHS Polyclinic, Ballard Estate",,,Heat,100.0,60.36,High,0,0.5244058818855553
HOS_1231,Hospital,CGHS Polyclinic Koliwada,19.0327797,72.864102,Flood,100.0,61.68,High,0,0.4822142992789509
HOS_1231,Hospital,CGHS Polyclinic Koliwada,19.0327797,72.864102,Geomagnetic,100.0,57.63,High,0,0.4882803416993647
HOS_1231,Hospital,CGHS Polyclinic Koliwada,19.0327797,72.864102,Heat,100.0,60.36,High,0,0.4822142992789509
HOS_1232,Hospital,Aayush Eye Clinic Microsurgery and Laser Centre,19.0597308,72.8989478,Flood,100.0,61.68,High,0,0.4934774779455231
HOS_1232,Hospital,Aayush Eye Clinic Microsurgery and Laser Centre,19.0597308,72.8989478,Geomagnetic,100.0,57.63,High,0,0.4955841169913474
HOS_1232,Hospital,Aayush Eye Clinic Microsurgery and Laser Centre,19.0597308,72.8989478,Heat,100.0,60.36,High,0,0.4934774779455231
HOS_1233,Hospital,Abhishek Nursing Home,19.096654,72.9026801,Flood,100.0,61.68,High,0,0.4859107882937808
HOS_1233,Hospital,Abhishek Nursing Home,19.096654,72.9026801,Geomagnetic,100.0,57.63,High,0,0.4896532307319128
HOS_1233,Hospital,Abhishek Nursing Home,19.096654,72.9026801,Heat,100.0,60.36,High,0,0.4859107882937808
HOS_1234,Hospital,Aditi Hospital,19.2132136,72.8637163,Flood,100.0,70.09,High,0,0.5181429036995561
HOS_1234,Hospital,Aditi Hospital,19.2132136,72.8637163,Geomagnetic,100.0,65.48,High,0,0.5228806534572368
HOS_1234,Hospital,Aditi Hospital,19.2132136,72.8637163,Heat,100.0,68.59,High,0,0.5181429036995561
HOS_1235,Hospital,Dr.Shyam Agrawal,,,Flood,100.0,61.68,High,0,0.5244058818855553
HOS_1235,Hospital,Dr.Shyam Agrawal,,,Geomagnetic,100.0,57.63,High,1,0.540477420964363
HOS_1235,Hospital,Dr.Shyam Agrawal,,,Heat,100.0,60.36,High,0,0.5244058818855553
HOS_1236,Hospital,Amruta Surgical And Maternity Home,19.0898792,72.908696,Flood,100.0,61.68,High,0,0.485701184286173
HOS_1236,Hospital,Amruta Surgical And Maternity Home,19.0898792,72.908696,Geomagnetic,100.0,57.63,High,0,0.4887123536720064
HOS_1236,Hospital,Amruta Surgical And Maternity Home,19.0898792,72.908696,Heat,100.0,60.36,High,0,0.485701184286173
HOS_1237,Hospital,Apex Hospital,,,Flood,100.0,67.81,High,1,0.5951958934334937
HOS_1237,Hospital,Apex Hospital,,,Geomagnetic,100.0,63.35,High,1,0.6105199705976185
HOS_1237,Hospital,Apex Hospital,,,Heat,100.0,66.36,High,1,0.5951958934334937
HOS_1238,Hospital,Dr. L H Hiranandani Hospital,19.1374852,72.917394,Flood,100.0,63.92,High,0,0.5059397319288262
HOS_1238,Hospital,Dr. L H Hiranandani Hospital,19.1374852,72.917394,Geomagnetic,100.0,59.72,High,0,0.510372189170594
HOS_1238,Hospital,Dr. L H Hiranandani Hospital,19.1374852,72.917394,Heat,100.0,62.56,High,0,0.5059397319288262
HOS_1239,Hospital,P D Hinduja National Hospital and Research Centre,19.0374901,72.8390644,Flood,100.0,61.68,High,0,0.4828320720664926
HOS_1239,Hospital,P D Hinduja National Hospital and Research Centre,19.0374901,72.8390644,Geomagnetic,100.0,57.63,High,0,0.4841509961065987
HOS_1239,Hospital,P D Hinduja National Hospital and Research Centre,19.0374901,72.8390644,Heat,100.0,60.36,High,0,0.4828320720664926
HOS_124,Hospital,Ashirvad Clinic(Dr.Vandana Walvekar),19.021324,72.8424178,Flood,100.0,61.68,High,0,0.4916326605291878
HOS_124,Hospital,Ashirvad Clinic(Dr.Vandana Walvekar),19.021324,72.8424178,Geomagnetic,100.0,57.63,High,0,0.4916326605291878
HOS_124,Hospital,Ashirvad Clinic(Dr.Vandana Walvekar),19.021324,72.8424178,Heat,100.0,60.36,High,0,0.4916326605291878
HOS_1240,Hospital,Godrej Memorial Hospital,19.0966611,72.9239095,Flood,100.0,61.68,High,0,0.5096976228216871
HOS_1240,Hospital,Godrej Memorial Hospital,19.0966611,72.9239095,Geomagnetic,100.0,57.63,High,0,0.5116046967680888
HOS_1240,Hospital,Godrej Memorial Hospital,19.0966611,72.9239095,Heat,100.0,60.36,High,0,0.5096976228216871
HOS_1241,Hospital,Holy Spirit Hospital,19.1229678,72.8641387,Flood,100.0,67.96,High,1,0.6450563217551948
HOS_1241,Hospital,Holy Spirit Hospital,19.1229678,72.8641387,Geomagnetic,100.0,63.49,High,1,0.6586156882907529
HOS_1241,Hospital,Holy Spirit Hospital,19.1229678,72.8641387,Heat,100.0,66.51,High,1,0.6450563217551948
HOS_1242,Hospital,Holy Family Hospital,,,Flood,100.0,67.9,High,1,0.6668796514060119
HOS_1242,Hospital,Holy Family Hospital,,,Geomagnetic,100.0,63.44,High,1,0.6809098903616809
HOS_1242,Hospital,Holy Family Hospital,,,Heat,100.0,66.45,High,1,0.6668796514060119
HOS_1243,Hospital,Lilavati Hospital and Research Centre,19.0515721,72.8346314,Flood,100.0,67.93,High,1,0.6541757724511721
HOS_1243,Hospital,Lilavati Hospital and Research Centre,19.0515721,72.8346314,Geomagnetic,100.0,63.47,High,1,0.6621241312868418
HOS_1243,Hospital,Lilavati Hospital and Research Centre,19.0515721,72.8346314,Heat,100.0,66.48,High,1,0.6541757724511721
HOS_1245,Hospital,Jaslok Hospital,18.9681978,72.8072647,Flood,100.0,67.97,High,1,0.7017483086058516
HOS_1245,Hospital,Jaslok Hospital,18.9681978,72.8072647,Geomagnetic,100.0,63.51,High,1,0.7044403339834713
HOS_1245,Hospital,Jaslok Hospital,18.9681978,72.8072647,Heat,100.0,66.52,High,1,0.7017483086058516
HOS_1246,Hospital,Kohinoor Hospital,,,Flood,100.0,61.68,High,0,0.5244058818855553
HOS_1246,Hospital,Kohinoor Hospital,,,Geomagnetic,100.0,57.63,High,1,0.540477420964363
HOS_1246,Hospital,Kohinoor Hospital,,,Heat,100.0,60.36,High,0,0.5244058818855553
HOS_1247,Hospital,Fortis Hospital Mulund,19.1918191,72.8348753,Flood,100.0,67.92,High,1,0.6713166209434686
HOS_1247,Hospital,Fortis Hospital Mulund,19.1918191,72.8348753,Geomagnetic,100.0,63.46,High,1,0.6781274326812688
HOS_1247,Hospital,Fortis Hospital Mulund,19.1918191,72.8348753,Heat,100.0,66.47,High,1,0.6713166209434686
HOS_1248,Hospital,Seven Hills Hospital,19.1188585,72.8802146,Flood,100.0,61.68,High,0,0.4727212614611294
HOS_1248,Hospital,Seven Hills Hospital,19.1188585,72.8802146,Geomagnetic,100.0,57.63,High,0,0.4768346325478071
HOS_1248,Hospital,Seven Hills Hospital,19.1188585,72.8802146,Heat,100.0,60.36,High,0,0.4727212614611294
HOS_1249,Hospital,Zynova Heart Hospital,19.0889039,72.907247,Flood,100.0,67.74,High,0,0.5026662570163856
HOS_1249,Hospital,Zynova Heart Hospital,19.0889039,72.907247,Geomagnetic,100.0,63.29,High,0,0.5093197905452146
HOS_1249,Hospital,Zynova Heart Hospital,19.0889039,72.907247,Heat,100.0,66.29,High,0,0.5026662570163856
HOS_125,Hospital,Ashirwad Transfusion And Chemotherapy Centre,19.0759837,72.8776559,Flood,100.0,61.68,High,0,0.4615533918676057
HOS_125,Hospital,Ashirwad Transfusion And Chemotherapy Centre,19.0759837,72.8776559,Geomagnetic,100.0,57.63,High,0,0.4678510503457073
HOS_125,Hospital,Ashirwad Transfusion And Chemotherapy Centre,19.0759837,72.8776559,Heat,100.0,60.36,High,0,0.4615533918676057
HOS_1250,Hospital,Zenith Hospital,,,Flood,100.0,67.84,High,1,0.6256824518268423
HOS_1250,Hospital,Zenith Hospital,,,Geomagnetic,100.0,63.38,High,1,0.6382910198878998
HOS_1250,Hospital,Zenith Hospital,,,Heat,100.0,66.39,High,1,0.6256824518268423
HOS_1251,Hospital,The Eye Super Specialities,19.0796375,72.9070116,Flood,100.0,61.68,High,0,0.4851076813731457
HOS_1251,Hospital,The Eye Super Specialities,19.0796375,72.9070116,Geomagnetic,100.0,57.63,High,0,0.4889658150537271
HOS_1251,Hospital,The Eye Super Specialities,19.0796375,72.9070116,Heat,100.0,60.36,High,0,0.4851076813731457
HOS_1252,Hospital,Swastik Hospital and Research Centre,19.0552812,72.8892082,Flood,100.0,61.68,High,0,0.4869022706222187
HOS_1252,Hospital,Swastik Hospital and Research Centre,19.0552812,72.8892082,Geomagnetic,100.0,57.63,High,0,0.4885006107882728
HOS_1252,Hospital,Swastik Hospital and Research Centre,19.0552812,72.8892082,Heat,100.0,60.36,High,0,0.4869022706222187
HOS_1253,Hospital,Sushrut Hospital and Research Centre,19.0552812,72.8892082,Flood,100.0,61.68,High,0,0.4869022706222187
HOS_1253,Hospital,Sushrut Hospital and Research Centre,19.0552812,72.8892082,Geomagnetic,100.0,57.63,High,0,0.4885006107882728
HOS_1253,Hospital,Sushrut Hospital and Research Centre,19.0552812,72.8892082,Heat,100.0,60.36,High,0,0.4869022706222187
HOS_1254,Hospital,Surya Eye Institute and Research Centre Pvt Ltd,19.1725542,72.942537,Flood,100.0,67.29,High,1,0.5370200424294047
HOS_1254,Hospital,Surya Eye Institute and Research Centre Pvt Ltd,19.1725542,72.942537,Geomagnetic,100.0,62.86,High,1,0.5379307377191302
HOS_1254,Hospital,Surya Eye Institute and Research Centre Pvt Ltd,19.1725542,72.942537,Heat,100.0,65.85,High,1,0.5370200424294047
HOS_1255,Hospital,Suruchi Eye Centre,19.1512887,72.9985574,Flood,100.0,66.72,High,1,0.5967242369532274
HOS_1255,Hospital,Suruchi Eye Centre,19.1512887,72.9985574,Geomagnetic,100.0,62.34,High,1,0.5998663293359917
HOS_1255,Hospital,Suruchi Eye Centre,19.1512887,72.9985574,Heat,100.0,65.3,High,1,0.5967242369532274
HOS_1256,Hospital,Surana Hospital and Research Centre,,,Flood,100.0,61.68,High,0,0.5244058818855553
HOS_1256,Hospital,Surana Hospital and Research Centre,,,Geomagnetic,100.0,57.63,High,1,0.540477420964363
HOS_1256,Hospital,Surana Hospital and Research Centre,,,Heat,100.0,60.36,High,0,0.5244058818855553
HOS_1257,Hospital,Suprabha Surgicare,19.0237817,72.8502094,Flood,100.0,61.68,High,0,0.4871921465004973
HOS_1257,Hospital,Suprabha Surgicare,19.0237817,72.8502094,Geomagnetic,100.0,57.63,High,0,0.4916075345873326
HOS_1257,Hospital,Suprabha Surgicare,19.0237817,72.8502094,Heat,100.0,60.36,High,0,0.4871921465004973
HOS_1258,Hospital,Sujay Hospital,19.1160222,72.8313139,Flood,100.0,61.68,High,0,0.4743016186013337
HOS_1258,Hospital,Sujay Hospital,19.1160222,72.8313139,Geomagnetic,100.0,57.63,High,0,0.4800004605953408
HOS_1258,Hospital,Sujay Hospital,19.1160222,72.8313139,Heat,100.0,60.36,High,0,0.4743016186013337
HOS_1259,Hospital,Smt.S.R.Mehta and Sir K.P.Cardiac Institute,,,Flood,100.0,61.68,High,0,0.5244058818855553
HOS_1259,Hospital,Smt.S.R.Mehta and Sir K.P.Cardiac Institute,,,Geomagnetic,100.0,57.63,High,1,0.540477420964363
HOS_1259,Hospital,Smt.S.R.Mehta and Sir K.P.Cardiac Institute,,,Heat,100.0,60.36,High,0,0.5244058818855553
HOS_126,Hospital,Ashwini Accident Hospital and Poly Clinic,,,Flood,100.0,61.68,High,0,0.5244058818855553
HOS_126,Hospital,Ashwini Accident Hospital and Poly Clinic,,,Geomagnetic,100.0,57.63,High,1,0.540477420964363
HOS_126,Hospital,Ashwini Accident Hospital and Poly Clinic,,,Heat,100.0,60.36,High,0,0.5244058818855553
HOS_1260,Hospital,Global Hospital Super Speciality and Transplant Center,,,Flood,100.0,61.68,High,0,0.5244058818855553
HOS_1260,Hospital,Global Hospital Super Speciality and Transplant Center,,,Geomagnetic,100.0,57.63,High,1,0.540477420964363
HOS_1260,Hospital,Global Hospital Super Speciality and Transplant Center,,,Heat,100.0,60.36,High,0,0.5244058818855553
HOS_1261,Hospital,Gokul Hospital,19.206396,72.8656109,Flood,100.0,70.09,High,0,0.5144895576490767
HOS_1261,Hospital,Gokul Hospital,19.206396,72.8656109,Geomagnetic,100.0,65.48,High,0,0.5195559052708341
HOS_1261,Hospital,Gokul Hospital,19.206396,72.8656109,Heat,100.0,68.59,High,0,0.5144895576490767
HOS_1262,Hospital,Gomathi Eye Centre,,,Flood,100.0,63.92,High,0,0.5244058818855553
HOS_1262,Hospital,Gomathi Eye Centre,,,Geomagnetic,100.0,59.72,High,1,0.540477420964363
HOS_1262,Hospital,Gomathi Eye Centre,,,Heat,100.0,62.56,High,0,0.5244058818855553
HOS_1263,Hospital,Hinduja Healthcare Surgical,19.0685232,72.8352484,Flood,100.0,61.68,High,0,0.4759478017769619
HOS_1263,Hospital,Hinduja Healthcare Surgical,19.0685232,72.8352484,Geomagnetic,100.0,57.63,High,0,0.4796890542429185
HOS_1263,Hospital,Hinduja Healthcare Surgical,19.0685232,72.8352484,Heat,100.0,60.36,High,0,0.4759478017769619
HOS_1264,Hospital,Hira Mongi Navneet Hospital,19.1709732,72.9505973,Flood,100.0,74.04,High,1,0.6463128546950764
HOS_1264,Hospital,Hira Mongi Navneet Hospital,19.1709732,72.9505973,Geomagnetic,100.0,69.17,High,1,0.6478064421772318
HOS_1264,Hospital,Hira Mongi Navneet Hospital,19.1709732,72.9505973,Heat,100.0,72.46,High,1,0.6463128546950764
HOS_1265,Hospital,Inlaks General Hospital,19.0327996,72.8963568,Flood,100.0,73.39,High,1,0.6067697104976081
HOS_1265,Hospital,Inlaks General Hospital,19.0327996,72.8963568,Geomagnetic,100.0,68.57,High,1,0.6101281302379709
HOS_1265,Hospital,Inlaks General Hospital,19.0327996,72.8963568,Heat,100.0,71.83,High,1,0.6067697104976081
HOS_1266,Hospital,Jaslok Hospital And Research Centre,18.9681978,72.8072647,Flood,100.0,61.68,High,1,0.5811910759003446
HOS_1266,Hospital,Jaslok Hospital And Research Centre,18.9681978,72.8072647,Geomagnetic,100.0,57.63,High,1,0.5811910759003446
HOS_1266,Hospital,Jaslok Hospital And Research Centre,18.9681978,72.8072647,Heat,100.0,60.36,High,1,0.5811910759003446
HOS_1267,Hospital,Joy Hospital Pvt Ltd,19.1095683,72.825288,Flood,100.0,61.68,High,0,0.4845451698652606
HOS_1267,Hospital,Joy Hospital Pvt Ltd,19.1095683,72.825288,Geomagnetic,100.0,57.63,High,0,0.4891799944596634
HOS_1267,Hospital,Joy Hospital Pvt Ltd,19.1095683,72.825288,Heat,100.0,60.36,High,0,0.4845451698652606
HOS_1268,Hospital,Jupiter Hospital,,,Flood,100.0,67.95,High,1,0.6891320509005723
HOS_1268,Hospital,Jupiter Hospital,,,Geomagnetic,100.0,63.48,High,1,0.7032890861513904
HOS_1268,Hospital,Jupiter Hospital,,,Heat,100.0,66.5,High,1,0.6891320509005723
HOS_127,Hospital,Asmi Arthroscopy and Sports Medicine Institute,19.019119,72.848349,Flood,100.0,61.68,High,0,0.4930823400866667
HOS_127,Hospital,Asmi Arthroscopy and Sports Medicine Institute,19.019119,72.848349,Geomagnetic,100.0,57.63,High,0,0.4931847983030404
HOS_127,Hospital,Asmi Arthroscopy and Sports Medicine Institute,19.019119,72.848349,Heat,100.0,60.36,High,0,0.4930823400866667
HOS_1270,Hospital,Kaushalya Medical Foundation Trust Hospital,,,Flood,100.0,67.84,High,1,0.6256824518268423
HOS_1270,Hospital,Kaushalya Medical Foundation Trust Hospital,,,Geomagnetic,100.0,63.38,High,1,0.6382910198878998
HOS_1270,Hospital,Kaushalya Medical Foundation Trust Hospital,,,Heat,100.0,66.39,High,1,0.6256824518268423
HOS_1271,Hospital,Kkasturi Medicare Pvt Ltd,,,Flood,100.0,67.8,High,1,0.5951958934334937
HOS_1271,Hospital,Kkasturi Medicare Pvt Ltd,,,Geomagnetic,100.0,63.34,High,1,0.6105199705976185
HOS_1271,Hospital,Kkasturi Medicare Pvt Ltd,,,Heat,100.0,66.35,High,1,0.5951958934334937
HOS_1272,Hospital,Kohinoor Hospitals Pvt Ltd,,,Flood,100.0,67.98,High,1,0.7033205946563121
HOS_1272,Hospital,Kohinoor Hospitals Pvt Ltd,,,Geomagnetic,100.0,63.52,High,1,0.7188916742428242
HOS_1272,Hospital,Kohinoor Hospitals Pvt Ltd,,,Heat,100.0,66.53,High,1,0.7033205946563121
HOS_1273,Hospital,Kokilaben Dhirubhai Ambani Hospital,19.1363246,72.82766,Flood,100.0,67.99,High,1,0.6862386579997447
HOS_1273,Hospital,Kokilaben Dhirubhai Ambani Hospital,19.1363246,72.82766,Geomagnetic,100.0,63.53,High,1,0.6921827617740665
HOS_1273,Hospital,Kokilaben Dhirubhai Ambani Hospital,19.1363246,72.82766,Heat,100.0,66.54,High,1,0.6862386579997447
HOS_1274,Hospital,Krishna Cardiac Care Centre,,,Flood,100.0,61.68,High,0,0.5244058818855553
HOS_1274,Hospital,Krishna Cardiac Care Centre,,,Geomagnetic,100.0,57.63,High,1,0.540477420964363
HOS_1274,Hospital,Krishna Cardiac Care Centre,,,Heat,100.0,60.36,High,0,0.5244058818855553
HOS_1275,Hospital,Aditya Jyot Eye Hospital,,,Flood,100.0,61.68,High,0,0.5244058818855553
HOS_1275,Hospital,Aditya Jyot Eye Hospital,,,Geomagnetic,100.0,57.63,High,1,0.540477420964363
HOS_1275,Hospital,Aditya Jyot Eye Hospital,,,Heat,100.0,60.36,High,0,0.5244058818855553
HOS_1276,Hospital,Life Care Hospital,19.2961387,72.862607,Flood,100.0,61.68,High,1,0.5643272719348784
HOS_1276,Hospital,Life Care Hospital,19.2961387,72.862607,Geomagnetic,100.0,57.63,High,1,0.5690768774546068
HOS_1276,Hospital,Life Care Hospital,19.2961387,72.862607,Heat,100.0,60.36,High,1,0.5643272719348784
HOS_1277,Hospital,Lifeline Hospital,19.1938477,72.8465927,Flood,100.0,66.72,High,0,0.5076941238378145
HOS_1277,Hospital,Lifeline Hospital,19.1938477,72.8465927,Geomagnetic,100.0,62.34,High,0,0.5128212427698678
HOS_1277,Hospital,Lifeline Hospital,19.1938477,72.8465927,Heat,100.0,65.3,High,0,0.5076941238378145
HOS_1278,Hospital,Lotus Ent Hospital,,,Flood,100.0,61.68,High,0,0.5244058818855553
HOS_1278,Hospital,Lotus Ent Hospital,,,Geomagnetic,100.0,57.63,High,1,0.540477420964363
HOS_1278,Hospital,Lotus Ent Hospital,,,Heat,100.0,60.36,High,0,0.5244058818855553
HOS_1279,Hospital,Maa Nursing Home And Netra Jyoti Eye Care Center,,,Flood,100.0,61.68,High,0,0.5244058818855553
HOS_1279,Hospital,Maa Nursing Home And Netra Jyoti Eye Care Center,,,Geomagnetic,100.0,57.63,High,1,0.540477420964363
HOS_1279,Hospital,Maa Nursing Home And Netra Jyoti Eye Care Center,,,Heat,100.0,60.36,High,0,0.5244058818855553
HOS_128,Hospital,B N D Onco Center,19.016976,72.847592,Flood,100.0,61.68,High,0,0.4949298018551982
HOS_128,Hospital,B N D Onco Center,19.016976,72.847592,Geomagnetic,100.0,57.63,High,0,0.4949298018551982
HOS_128,Hospital,B N D Onco Center,19.016976,72.847592,Heat,100.0,60.36,High,0,0.4949298018551982
HOS_1280,Hospital,Madhu Polyclinic and Nursing Home,19.200861,72.9643615,Flood,100.0,73.94,High,1,0.6359859004561572
HOS_1280,Hospital,Madhu Polyclinic and Nursing Home,19.200861,72.9643615,Geomagnetic,100.0,69.08,High,1,0.6400893385172862
HOS_1280,Hospital,Madhu Polyclinic and Nursing Home,19.200861,72.9643615,Heat,100.0,72.36,High,1,0.6359859004561572
HOS_1281,Hospital,Mahavir Medical Research Centre,,,Flood,100.0,67.82,High,1,0.5965837441175872
HOS_1281,Hospital,Mahavir Medical Research Centre,,,Geomagnetic,100.0,63.36,High,1,0.6112088080015673
HOS_1281,Hospital,Mahavir Medical Research Centre,,,Heat,100.0,66.37,High,1,0.5965837441175872
HOS_1282,Hospital,Nanavati Hospital,19.094854,72.839654,Flood,100.0,67.97,High,1,0.6415858888837273
HOS_1282,Hospital,Nanavati Hospital,19.094854,72.839654,Geomagnetic,100.0,63.5,High,1,0.6559039358702023
HOS_1282,Hospital,Nanavati Hospital,19.094854,72.839654,Heat,100.0,66.51,High,1,0.6415858888837273
HOS_1284,Hospital,Nulife Hospital,19.0898792,72.908696,Flood,100.0,61.68,High,0,0.485701184286173
HOS_1284,Hospital,Nulife Hospital,19.0898792,72.908696,Geomagnetic,100.0,57.63,High,0,0.4887123536720064
HOS_1284,Hospital,Nulife Hospital,19.0898792,72.908696,Heat,100.0,60.36,High,0,0.485701184286173
HOS_1285,Hospital,Om Navjeevan Hospital,,,Flood,100.0,61.68,High,0,0.5244058818855553
HOS_1285,Hospital,Om Navjeevan Hospital,,,Geomagnetic,100.0,57.63,High,1,0.540477420964363
HOS_1285,Hospital,Om Navjeevan Hospital,,,Heat,100.0,60.36,High,0,0.5244058818855553
HOS_1286,Hospital,Orbit Eye Hospital,19.1405116,72.8421555,Flood,100.0,61.68,High,0,0.4781632118879006
HOS_1286,Hospital,Orbit Eye Hospital,19.1405116,72.8421555,Geomagnetic,100.0,57.63,High,0,0.4840776377596958
HOS_1286,Hospital,Orbit Eye Hospital,19.1405116,72.8421555,Heat,100.0,60.36,High,0,0.4781632118879006
HOS_1287,Hospital,Parakh Hospital,19.0796375,72.9070116,Flood,100.0,61.68,High,0,0.4851076813731457
HOS_1287,Hospital,Parakh Hospital,19.0796375,72.9070116,Geomagnetic,100.0,57.63,High,0,0.4889658150537271
HOS_1287,Hospital,Parakh Hospital,19.0796375,72.9070116,Heat,100.0,60.36,High,0,0.4851076813731457
HOS_1288,Hospital,Paramount General Hospital and ICCU,19.1198548,72.8464601,Flood,100.0,61.68,High,0,0.4689136358447667
HOS_1288,Hospital,Paramount General Hospital and ICCU,19.1198548,72.8464601,Geomagnetic,100.0,57.63,High,0,0.474183731327029
HOS_1288,Hospital,Paramount General Hospital and ICCU,19.1198548,72.8464601,Heat,100.0,60.36,High,0,0.4689136358447667
HOS_1289,Hospital,Platinum Hospitals,19.1565109,72.9637728,Flood,100.0,74.01,High,1,0.6500104595643708
HOS_1289,Hospital,Platinum Hospitals,19.1565109,72.9637728,Geomagnetic,100.0,69.15,High,1,0.6524463998407444
HOS_1289,Hospital,Platinum Hospitals,19.1565109,72.9637728,Heat,100.0,72.43,High,1,0.6500104595643708
HOS_129,Hospital,Dr Khandeparkars Nursing Home,19.0194936,72.8467661,Flood,100.0,61.68,High,0,0.4928793306019018
HOS_129,Hospital,Dr Khandeparkars Nursing Home,19.0194936,72.8467661,Geomagnetic,100.0,57.63,High,0,0.4928793306019018
HOS_129,Hospital,Dr Khandeparkars Nursing Home,19.0194936,72.8467661,Heat,100.0,60.36,High,0,0.4928793306019018
HOS_1290,Hospital,Prince Aly Khan Hospital,,,Flood,100.0,67.89,High,1,0.6431418528539284
HOS_1290,Hospital,Prince Aly Khan Hospital,,,Geomagnetic,100.0,63.43,High,1,0.6566270980723208
HOS_1290,Hospital,Prince Aly Khan Hospital,,,Heat,100.0,66.45,High,1,0.6431418528539284
HOS_1291,Hospital,Punamiya Hospital,19.0235976,72.8378125,Flood,100.0,61.68,High,0,0.4895142049969029
HOS_1291,Hospital,Punamiya Hospital,19.0235976,72.8378125,Geomagnetic,100.0,57.63,High,0,0.4903662250138911
HOS_1291,Hospital,Punamiya Hospital,19.0235976,72.8378125,Heat,100.0,60.36,High,0,0.4895142049969029
HOS_1292,Hospital,\nDr.Mukhi's Raj Hospital,19.1725542,72.942537,Flood,100.0,73.96,High,1,0.6020896548720794
HOS_1292,Hospital,\nDr.Mukhi's Raj Hospital,19.1725542,72.942537,Geomagnetic,100.0,69.1,High,1,0.6056813515825151
HOS_1292,Hospital,\nDr.Mukhi's Raj Hospital,19.1725542,72.942537,Heat,100.0,72.38,High,1,0.6020896548720794
HOS_1293,Hospital,Rane Heart Hospital,19.0691719,72.902584,Flood,100.0,67.76,High,1,0.5518666871016923
HOS_1293,Hospital,Rane Heart Hospital,19.0691719,72.902584,Geomagnetic,100.0,63.31,High,1,0.5598184303368808
HOS_1293,Hospital,Rane Heart Hospital,19.0691719,72.902584,Heat,100.0,66.32,High,1,0.5518666871016923
HOS_1294,Hospital,RG Stone Urology and Laparoscopy Hospital,,,Flood,100.0,61.68,High,0,0.5244058818855553
HOS_1294,Hospital,RG Stone Urology and Laparoscopy Hospital,,,Geomagnetic,100.0,57.63,High,1,0.540477420964363
HOS_1294,Hospital,RG Stone Urology and Laparoscopy Hospital,,,Heat,100.0,60.36,High,0,0.5244058818855553
HOS_1295,Hospital,Riddhivinayak Critical Care and Cardiac Centre,,,Flood,100.0,61.68,High,0,0.5244058818855553
HOS_1295,Hospital,Riddhivinayak Critical Care and Cardiac Centre,,,Geomagnetic,100.0,57.63,High,1,0.540477420964363
HOS_1295,Hospital,Riddhivinayak Critical Care and Cardiac Centre,,,Heat,100.0,60.36,High,0,0.5244058818855553
HOS_1296,Hospital,Roshni Eye Hospital,19.1198548,72.8464601,Flood,100.0,61.68,High,0,0.4689136358447667
HOS_1296,Hospital,Roshni Eye Hospital,19.1198548,72.8464601,Geomagnetic,100.0,57.63,High,0,0.474183731327029
HOS_1296,Hospital,Roshni Eye Hospital,19.1198548,72.8464601,Heat,100.0,60.36,High,0,0.4689136358447667
HOS_1297,Hospital,Rushabh Eye Hospital And Laser Centre,19.059862,72.9005605,Flood,100.0,61.68,High,0,0.4937711563704184
HOS_1297,Hospital,Rushabh Eye Hospital And Laser Centre,19.059862,72.9005605,Geomagnetic,100.0,57.63,High,0,0.4961168445456914
HOS_1297,Hospital,Rushabh Eye Hospital And Laser Centre,19.059862,72.9005605,Heat,100.0,60.36,High,0,0.4937711563704184
HOS_1298,Hospital,S.L.Raheja Hospital,,,Flood,100.0,67.89,High,1,0.6354253154989676
HOS_1298,Hospital,S.L.Raheja Hospital,,,Geomagnetic,100.0,63.43,High,1,0.6480106003733113
HOS_1298,Hospital,S.L.Raheja Hospital,,,Heat,100.0,66.44,High,1,0.6354253154989676
HOS_1299,Hospital,Sai Seva Hospital And Icu,19.157935,72.9934762,Flood,100.0,73.29,High,1,0.6312129860583394
HOS_1299,Hospital,Sai Seva Hospital And Icu,19.157935,72.9934762,Geomagnetic,100.0,68.47,High,1,0.6354904108720648
HOS_1299,Hospital,Sai Seva Hospital And Icu,19.157935,72.9934762,Heat,100.0,71.72,High,1,0.6312129860583394
HOS_13,Hospital,Dr.Apte Maternity and Nursing Home,,,Flood,100.0,61.68,High,0,0.5244058818855553
HOS_13,Hospital,Dr.Apte Maternity and Nursing Home,,,Geomagnetic,100.0,57.63,High,1,0.540477420964363
HOS_13,Hospital,Dr.Apte Maternity and Nursing Home,,,Heat,100.0,60.36,High,0,0.5244058818855553
HOS_130,Hospital,Dr Kulkarni Hospital,19.1365997,72.8566074,Flood,100.0,61.68,High,0,0.4711318501950026
HOS_130,Hospital,Dr Kulkarni Hospital,19.1365997,72.8566074,Geomagnetic,100.0,57.63,High,0,0.4794665982190341
HOS_130,Hospital,Dr Kulkarni Hospital,19.1365997,72.8566074,Heat,100.0,60.36,High,0,0.4711318501950026
HOS_1300,Hospital,Saifee Hospital,18.952508,72.818199,Flood,100.0,67.91,High,1,0.6880374203385282
HOS_1300,Hospital,Saifee Hospital,18.952508,72.818199,Geomagnetic,100.0,63.45,High,1,0.6900086402207082
HOS_1300,Hospital,Saifee Hospital,18.952508,72.818199,Heat,100.0,66.46,High,1,0.6880374203385282
HOS_1301,Hospital,Sai lee Hospital and Diagnostic Centre,,,Flood,100.0,67.74,High,1,0.5570419470789445
HOS_1301,Hospital,Sai lee Hospital and Diagnostic Centre,,,Geomagnetic,100.0,63.29,High,1,0.5733941062463691
HOS_1301,Hospital,Sai lee Hospital and Diagnostic Centre,,,Heat,100.0,66.3,High,1,0.5570419470789445
HOS_1302,Hospital,Sangita Maternity Surgical and Diagnostic Centre,19.1171389,72.846563,Flood,100.0,61.68,High,0,0.4677948615508195
HOS_1302,Hospital,Sangita Maternity Surgical and Diagnostic Centre,19.1171389,72.846563,Geomagnetic,100.0,57.63,High,0,0.4739608208181096
HOS_1302,Hospital,Sangita Maternity Surgical and Diagnostic Centre,19.1171389,72.846563,Heat,100.0,60.36,High,0,0.4677948615508195
HOS_1303,Hospital,Sanjeevani Surgical And General Hospital,,,Flood,100.0,67.87,High,1,0.6326868316934215
HOS_1303,Hospital,Sanjeevani Surgical And General Hospital,,,Geomagnetic,100.0,63.41,High,1,0.6452910018507269
HOS_1303,Hospital,Sanjeevani Surgical And General Hospital,,,Heat,100.0,66.42,High,1,0.6326868316934215
HOS_1304,Hospital,Smt S.R.Mehta and Sir K.P.Cardiac Institute,,,Flood,100.0,61.68,High,0,0.5244058818855553
HOS_1304,Hospital,Smt S.R.Mehta and Sir K.P.Cardiac Institute,,,Geomagnetic,100.0,57.63,High,1,0.540477420964363
HOS_1304,Hospital,Smt S.R.Mehta and Sir K.P.Cardiac Institute,,,Heat,100.0,60.36,High,0,0.5244058818855553
HOS_1305,Hospital,Speciality Ear Nose Throat Hospital,,,Flood,100.0,61.68,High,0,0.5244058818855553
HOS_1305,Hospital,Speciality Ear Nose Throat Hospital,,,Geomagnetic,100.0,57.63,High,1,0.540477420964363
HOS_1305,Hospital,Speciality Ear Nose Throat Hospital,,,Heat,100.0,60.36,High,0,0.5244058818855553
HOS_1306,Hospital,Sujay Hospital,19.1160222,72.8313139,Flood,100.0,67.77,High,1,0.5440690487270513
HOS_1306,Hospital,Sujay Hospital,19.1160222,72.8313139,Geomagnetic,100.0,63.32,High,1,0.5556470856696639
HOS_1306,Hospital,Sujay Hospital,19.1160222,72.8313139,Heat,100.0,66.32,High,1,0.5440690487270513
HOS_1307,Hospital,Suman Eye Clinic and Surgery Centre,19.1441579,72.8238595,Flood,100.0,61.68,High,0,0.5072312330190111
HOS_1307,Hospital,Suman Eye Clinic and Surgery Centre,19.1441579,72.8238595,Geomagnetic,100.0,57.63,High,0,0.5110305784774835
HOS_1307,Hospital,Suman Eye Clinic and Surgery Centre,19.1441579,72.8238595,Heat,100.0,60.36,High,0,0.5072312330190111
HOS_1308,Hospital,Surana Sethia Hospital and Research Centre,19.053083,72.8982503,Flood,100.0,61.68,High,0,0.4959921539000856
HOS_1308,Hospital,Surana Sethia Hospital and Research Centre,19.053083,72.8982503,Geomagnetic,100.0,57.63,High,0,0.4970523716192396
HOS_1308,Hospital,Surana Sethia Hospital and Research Centre,19.053083,72.8982503,Heat,100.0,60.36,High,0,0.4959921539000856
HOS_131,Hospital,Dr M B Agarwalclinic,19.0759837,72.8776559,Flood,100.0,61.68,High,0,0.4615533918676057
HOS_131,Hospital,Dr M B Agarwalclinic,19.0759837,72.8776559,Geomagnetic,100.0,57.63,High,0,0.4678510503457073
HOS_131,Hospital,Dr M B Agarwalclinic,19.0759837,72.8776559,Heat,100.0,60.36,High,0,0.4615533918676057
HOS_132,Hospital,Dr R M Jangada Clinic Dadar,19.0146087,72.8427525,Flood,100.0,61.68,High,0,0.4958550272420673
HOS_132,Hospital,Dr R M Jangada Clinic Dadar,19.0146087,72.8427525,Geomagnetic,100.0,57.63,High,0,0.4958550272420673
HOS_132,Hospital,Dr R M Jangada Clinic Dadar,19.0146087,72.8427525,Heat,100.0,60.36,High,0,0.4958550272420673
HOS_133,Hospital,Dr. Karmarkar Hospital,19.0160002,72.8431146,Flood,100.0,61.68,High,0,0.4940722421046554
HOS_133,Hospital,Dr. Karmarkar Hospital,19.0160002,72.8431146,Geomagnetic,100.0,57.63,High,0,0.4940722421046554
HOS_133,Hospital,Dr. Karmarkar Hospital,19.0160002,72.8431146,Heat,100.0,60.36,High,0,0.4940722421046554
HOS_134,Hospital,Dr. Vaze`S Nursing Home And Eye Clinic,,,Flood,100.0,61.68,High,0,0.5244058818855553
HOS_134,Hospital,Dr. Vaze`S Nursing Home And Eye Clinic,,,Geomagnetic,100.0,57.63,High,1,0.540477420964363
HOS_134,Hospital,Dr. Vaze`S Nursing Home And Eye Clinic,,,Heat,100.0,60.36,High,0,0.5244058818855553
HOS_135,Hospital,Elixir Hospital,19.0187882,72.848917,Flood,100.0,61.68,High,0,0.4937832392229271
HOS_135,Hospital,Elixir Hospital,19.0187882,72.848917,Geomagnetic,100.0,57.63,High,0,0.4938858430800379
HOS_135,Hospital,Elixir Hospital,19.0187882,72.848917,Heat,100.0,60.36,High,0,0.4937832392229271
HOS_136,Hospital,G S B S Medical Trust,19.0099129,72.8426858,Flood,100.0,61.68,High,0,0.5012678182256929
HOS_136,Hospital,G S B S Medical Trust,19.0099129,72.8426858,Geomagnetic,100.0,57.63,High,0,0.5017726178108367
HOS_136,Hospital,G S B S Medical Trust,19.0099129,72.8426858,Heat,100.0,60.36,High,0,0.5012678182256929
HOS_137,Hospital,Haematology Centre,19.0759837,72.8776559,Flood,100.0,61.68,High,0,0.4615533918676057
HOS_137,Hospital,Haematology Centre,19.0759837,72.8776559,Geomagnetic,100.0,57.63,High,0,0.4678510503457073
HOS_137,Hospital,Haematology Centre,19.0759837,72.8776559,Heat,100.0,60.36,High,0,0.4615533918676057
HOS_138,Hospital,Kashyap Nursing Home,,,Flood,100.0,61.68,High,0,0.5244058818855553
HOS_138,Hospital,Kashyap Nursing Home,,,Geomagnetic,100.0,57.63,High,1,0.540477420964363
HOS_138,Hospital,Kashyap Nursing Home,,,Heat,100.0,60.36,High,0,0.5244058818855553
HOS_139,Hospital,Krishna Cardiac Care Centre,19.0228246,72.8534206,Flood,100.0,61.68,High,0,0.4881280902405763
HOS_139,Hospital,Krishna Cardiac Care Centre,19.0228246,72.8534206,Geomagnetic,100.0,57.63,High,0,0.4930845308716526
HOS_139,Hospital,Krishna Cardiac Care Centre,19.0228246,72.8534206,Heat,100.0,60.36,High,0,0.4881280902405763
HOS_14,Hospital,Dr.Jaydeep S Khedkar,19.0176169,72.8561288,Flood,100.0,61.68,High,0,0.4912492209612948
HOS_14,Hospital,Dr.Jaydeep S Khedkar,19.0176169,72.8561288,Geomagnetic,100.0,57.63,High,0,0.4947715355782826
HOS_14,Hospital,Dr.Jaydeep S Khedkar,19.0176169,72.8561288,Heat,100.0,60.36,High,0,0.4912492209612948
HOS_140,Hospital,Laud Clinic,19.020546,72.8487169,Flood,100.0,61.68,High,0,0.4923763052333549
HOS_140,Hospital,Laud Clinic,19.020546,72.8487169,Geomagnetic,100.0,57.63,High,0,0.4924786167418345
HOS_140,Hospital,Laud Clinic,19.020546,72.8487169,Heat,100.0,60.36,High,0,0.4923763052333549
HOS_141,Hospital,Navneet Jain Health Center,19.0207984,72.8384577,Flood,100.0,61.68,High,0,0.4916564722371903
HOS_141,Hospital,Navneet Jain Health Center,19.0207984,72.8384577,Geomagnetic,100.0,57.63,High,0,0.4916564722371903
HOS_141,Hospital,Navneet Jain Health Center,19.0207984,72.8384577,Heat,100.0,60.36,High,0,0.4916564722371903
HOS_142,Hospital,Nehru Nagar Medical Center,,,Flood,100.0,61.68,High,0,0.5244058818855553
HOS_142,Hospital,Nehru Nagar Medical Center,,,Geomagnetic,100.0,57.63,High,1,0.540477420964363
HOS_142,Hospital,Nehru Nagar Medical Center,,,Heat,100.0,60.36,High,0,0.5244058818855553
HOS_143,Hospital,Nirmal Nursing Home,,,Flood,100.0,61.68,High,0,0.5244058818855553
HOS_143,Hospital,Nirmal Nursing Home,,,Geomagnetic,100.0,57.63,High,1,0.540477420964363
HOS_143,Hospital,Nirmal Nursing Home,,,Heat,100.0,60.36,High,0,0.5244058818855553
HOS_144,Hospital,Prof (Dr.) M B Agarwals Haematology Day Care Centr,19.0759837,72.8776559,Flood,100.0,61.68,High,0,0.4615533918676057
HOS_144,Hospital,Prof (Dr.) M B Agarwals Haematology Day Care Centr,19.0759837,72.8776559,Geomagnetic,100.0,57.63,High,0,0.4678510503457073
HOS_144,Hospital,Prof (Dr.) M B Agarwals Haematology Day Care Centr,19.0759837,72.8776559,Heat,100.0,60.36,High,0,0.4615533918676057
HOS_145,Hospital,Shree Samarth Nursing Home,18.9635287,72.8280994,Flood,100.0,61.68,High,1,0.5557617994968285
HOS_145,Hospital,Shree Samarth Nursing Home,18.9635287,72.8280994,Geomagnetic,100.0,57.63,High,1,0.5557617994968285
HOS_145,Hospital,Shree Samarth Nursing Home,18.9635287,72.8280994,Heat,100.0,60.36,High,1,0.5557617994968285
HOS_146,Hospital,Shrikhande Clinic,19.021324,72.8424178,Flood,100.0,61.68,High,0,0.4916326605291878
HOS_146,Hospital,Shrikhande Clinic,19.021324,72.8424178,Geomagnetic,100.0,57.63,High,0,0.4916326605291878
HOS_146,Hospital,Shrikhande Clinic,19.021324,72.8424178,Heat,100.0,60.36,High,0,0.4916326605291878
HOS_147,Hospital,Suprabha Surgicare,19.0099129,72.8426858,Flood,100.0,61.68,High,0,0.5012678182256929
HOS_147,Hospital,Suprabha Surgicare,19.0099129,72.8426858,Geomagnetic,100.0,57.63,High,0,0.5017726178108367
HOS_147,Hospital,Suprabha Surgicare,19.0099129,72.8426858,Heat,100.0,60.36,High,0,0.5012678182256929
HOS_148,Hospital,Dr. Haresh L Gala Clinic-Acharya Donde Marg.,19.0759837,72.8776559,Flood,100.0,61.68,High,0,0.4615533918676057
HOS_148,Hospital,Dr. Haresh L Gala Clinic-Acharya Donde Marg.,19.0759837,72.8776559,Geomagnetic,100.0,57.63,High,0,0.4678510503457073
HOS_148,Hospital,Dr. Haresh L Gala Clinic-Acharya Donde Marg.,19.0759837,72.8776559,Heat,100.0,60.36,High,0,0.4615533918676057
HOS_149,Hospital,Sewree Nursing Home,19.0759837,72.8776559,Flood,100.0,61.68,High,0,0.4615533918676057
HOS_149,Hospital,Sewree Nursing Home,19.0759837,72.8776559,Geomagnetic,100.0,57.63,High,0,0.4678510503457073
HOS_149,Hospital,Sewree Nursing Home,19.0759837,72.8776559,Heat,100.0,60.36,High,0,0.4615533918676057
HOS_15,Hospital,Gokul Nursing Home and Iccu,19.1738547,72.8476718,Flood,100.0,61.68,High,0,0.4953185970687409
HOS_15,Hospital,Gokul Nursing Home and Iccu,19.1738547,72.8476718,Geomagnetic,100.0,57.63,High,0,0.5022528463179042
HOS_15,Hospital,Gokul Nursing Home and Iccu,19.1738547,72.8476718,Heat,100.0,60.36,High,0,0.4953185970687409
HOS_150,Hospital,Dr Haresh Shah Prabhat Maternity and Surgical Nursing Home,,,Flood,100.0,61.68,High,0,0.5244058818855553
HOS_150,Hospital,Dr Haresh Shah Prabhat Maternity and Surgical Nursing Home,,,Geomagnetic,100.0,57.63,High,1,0.540477420964363
HOS_150,Hospital,Dr Haresh Shah Prabhat Maternity and Surgical Nursing Home,,,Heat,100.0,60.36,High,0,0.5244058818855553
HOS_151,Hospital,Dr. Fonsecas Maternity and Surgical Home,19.0414516,72.8453359,Flood,100.0,61.68,High,0,0.4802286270740614
HOS_151,Hospital,Dr. Fonsecas Maternity and Surgical Home,19.0414516,72.8453359,Geomagnetic,100.0,57.63,High,0,0.4812882685568806
HOS_151,Hospital,Dr. Fonsecas Maternity and Surgical Home,19.0414516,72.8453359,Heat,100.0,60.36,High,0,0.4802286270740614
HOS_152,Hospital,Dr. Mathure`S Surgical Clinic,19.0351534,72.8404432,Flood,100.0,61.68,High,0,0.4842513817230021
HOS_152,Hospital,Dr. Mathure`S Surgical Clinic,19.0351534,72.8404432,Geomagnetic,100.0,57.63,High,0,0.4861725427916763
HOS_152,Hospital,Dr. Mathure`S Surgical Clinic,19.0351534,72.8404432,Heat,100.0,60.36,High,0,0.4842513817230021
HOS_153,Hospital,"Dr.(Mrs,) Renu L. Vallicha",19.0351534,72.8404432,Flood,100.0,61.68,High,0,0.4842513817230021
HOS_153,Hospital,"Dr.(Mrs,) Renu L. Vallicha",19.0351534,72.8404432,Geomagnetic,100.0,57.63,High,0,0.4861725427916763
HOS_153,Hospital,"Dr.(Mrs,) Renu L. Vallicha",19.0351534,72.8404432,Heat,100.0,60.36,High,0,0.4842513817230021
HOS_154,Hospital,Dr.Koppikars Family Clinic,19.0334876,72.8463712,Flood,100.0,61.68,High,0,0.4838304103339103
HOS_154,Hospital,Dr.Koppikars Family Clinic,19.0334876,72.8463712,Geomagnetic,100.0,57.63,High,0,0.4863645037051707
HOS_154,Hospital,Dr.Koppikars Family Clinic,19.0334876,72.8463712,Heat,100.0,60.36,High,0,0.4838304103339103
HOS_155,Hospital,Gupte Maternity and Surgical Home,19.0298134,72.8398724,Flood,100.0,61.68,High,0,0.4863288562785345
HOS_155,Hospital,Gupte Maternity and Surgical Home,19.0298134,72.8398724,Geomagnetic,100.0,57.63,High,0,0.4879052008484585
HOS_155,Hospital,Gupte Maternity and Surgical Home,19.0298134,72.8398724,Heat,100.0,60.36,High,0,0.4863288562785345
HOS_156,Hospital,Laxmi Clinic,,,Flood,100.0,61.68,High,0,0.5244058818855553
HOS_156,Hospital,Laxmi Clinic,,,Geomagnetic,100.0,57.63,High,1,0.540477420964363
HOS_156,Hospital,Laxmi Clinic,,,Heat,100.0,60.36,High,0,0.5244058818855553
HOS_157,Hospital,Nadkarni Clinic,19.0351534,72.8404432,Flood,100.0,61.68,High,0,0.4842513817230021
HOS_157,Hospital,Nadkarni Clinic,19.0351534,72.8404432,Geomagnetic,100.0,57.63,High,0,0.4861725427916763
HOS_157,Hospital,Nadkarni Clinic,19.0351534,72.8404432,Heat,100.0,60.36,High,0,0.4842513817230021
HOS_158,Hospital,Netra Retina And Laser Centre,19.0353124,72.8436859,Flood,100.0,61.68,High,0,0.4839728114615177
HOS_158,Hospital,Netra Retina And Laser Centre,19.0353124,72.8436859,Geomagnetic,100.0,57.63,High,0,0.4867918028800128
HOS_158,Hospital,Netra Retina And Laser Centre,19.0353124,72.8436859,Heat,100.0,60.36,High,0,0.4839728114615177
HOS_159,Hospital,North Bombay Clinic Surgical and Maternity Home,19.0338576,72.8423219,Flood,100.0,61.68,High,0,0.4851254471177573
HOS_159,Hospital,North Bombay Clinic Surgical and Maternity Home,19.0338576,72.8423219,Geomagnetic,100.0,57.63,High,0,0.4871951300142434
HOS_159,Hospital,North Bombay Clinic Surgical and Maternity Home,19.0338576,72.8423219,Heat,100.0,60.36,High,0,0.4851254471177573
HOS_16,Hospital,Harshit Health Care Centre - Jalalpur-Jainpur,,,Flood,100.0,61.68,High,0,0.5244058818855553
HOS_16,Hospital,Harshit Health Care Centre - Jalalpur-Jainpur,,,Geomagnetic,100.0,57.63,High,1,0.540477420964363
HOS_16,Hospital,Harshit Health Care Centre - Jalalpur-Jainpur,,,Heat,100.0,60.36,High,0,0.5244058818855553
HOS_160,Hospital,P D Hinduja National Hospital and Medical Research Centre,19.0374901,72.8390644,Flood,100.0,61.68,High,0,0.4828320720664926
HOS_160,Hospital,P D Hinduja National Hospital and Medical Research Centre,19.0374901,72.8390644,Geomagnetic,100.0,57.63,High,0,0.4841509961065987
HOS_160,Hospital,P D Hinduja National Hospital and Medical Research Centre,19.0374901,72.8390644,Heat,100.0,60.36,High,0,0.4828320720664926
HOS_161,Hospital,Pikale Hospital,,,Flood,100.0,61.68,High,0,0.5244058818855553
HOS_161,Hospital,Pikale Hospital,,,Geomagnetic,100.0,57.63,High,1,0.540477420964363
HOS_161,Hospital,Pikale Hospital,,,Heat,100.0,60.36,High,0,0.5244058818855553
HOS_162,Hospital,Prabhat Maternity And Surgical Nursing Home,,,Flood,100.0,61.68,High,0,0.5244058818855553
HOS_162,Hospital,Prabhat Maternity And Surgical Nursing Home,,,Geomagnetic,100.0,57.63,High,1,0.540477420964363
HOS_162,Hospital,Prabhat Maternity And Surgical Nursing Home,,,Heat,100.0,60.36,High,0,0.5244058818855553
HOS_163,Hospital,Rajvi Clinic,19.0281662,72.8382547,Flood,100.0,61.68,High,0,0.4865414400810105
HOS_163,Hospital,Rajvi Clinic,19.0281662,72.8382547,Geomagnetic,100.0,57.63,High,0,0.4887440625200049
HOS_163,Hospital,Rajvi Clinic,19.0281662,72.8382547,Heat,100.0,60.36,High,0,0.4865414400810105
HOS_164,Hospital,S.L. Raheja Hospital,19.032012,72.8401043,Flood,100.0,61.68,High,0,0.4846947850776071
HOS_164,Hospital,S.L. Raheja Hospital,19.032012,72.8401043,Geomagnetic,100.0,57.63,High,0,0.4865079713329629
HOS_164,Hospital,S.L. Raheja Hospital,19.032012,72.8401043,Heat,100.0,60.36,High,0,0.4846947850776071
HOS_165,Hospital,Shree Saraswati Nursing Home,19.0310674,72.8453376,Flood,100.0,61.68,High,0,0.4841413864950724
HOS_165,Hospital,Shree Saraswati Nursing Home,19.0310674,72.8453376,Geomagnetic,100.0,57.63,High,0,0.4866002515491396
HOS_165,Hospital,Shree Saraswati Nursing Home,19.0310674,72.8453376,Heat,100.0,60.36,High,0,0.4841413864950724
HOS_166,Hospital,Surlata Hospital,,,Flood,100.0,61.68,High,0,0.5244058818855553
HOS_166,Hospital,Surlata Hospital,,,Geomagnetic,100.0,57.63,High,1,0.540477420964363
HOS_166,Hospital,Surlata Hospital,,,Heat,100.0,60.36,High,0,0.5244058818855553
HOS_167,Hospital,Triveni Nursing Home,19.0313867,72.8379652,Flood,100.0,61.68,High,0,0.484488189096619
HOS_167,Hospital,Triveni Nursing Home,19.0313867,72.8379652,Geomagnetic,100.0,57.63,High,0,0.4867205637028593
HOS_167,Hospital,Triveni Nursing Home,19.0313867,72.8379652,Heat,100.0,60.36,High,0,0.484488189096619
HOS_168,Hospital,Ayurseva Hospital,19.0463778,72.8543168,Flood,100.0,61.68,High,0,0.4744369388892241
HOS_168,Hospital,Ayurseva Hospital,19.0463778,72.8543168,Geomagnetic,100.0,57.63,High,0,0.4788519669936762
HOS_168,Hospital,Ayurseva Hospital,19.0463778,72.8543168,Heat,100.0,60.36,High,0,0.4744369388892241
HOS_169,Hospital,Bava Medical Centre,19.0402084,72.8508504,Flood,100.0,61.68,High,0,0.4774604196956882
HOS_169,Hospital,Bava Medical Centre,19.0402084,72.8508504,Geomagnetic,100.0,57.63,High,0,0.4810281185419847
HOS_169,Hospital,Bava Medical Centre,19.0402084,72.8508504,Heat,100.0,60.36,High,0,0.4774604196956882
HOS_17,Hospital,Kapadia Multi Speciality Hospital,19.1630556,72.8390592,Flood,100.0,61.68,High,0,0.492177506903818
HOS_17,Hospital,Kapadia Multi Speciality Hospital,19.1630556,72.8390592,Geomagnetic,100.0,57.63,High,0,0.5001084065048538
HOS_17,Hospital,Kapadia Multi Speciality Hospital,19.1630556,72.8390592,Heat,100.0,60.36,High,0,0.492177506903818
HOS_170,Hospital,Dhanwantari Nursing Home and Diagnostic Centre,19.0390744,72.8527492,Flood,100.0,61.68,High,0,0.4776024667975081
HOS_170,Hospital,Dhanwantari Nursing Home and Diagnostic Centre,19.0390744,72.8527492,Geomagnetic,100.0,57.63,High,0,0.4841958759018951
HOS_170,Hospital,Dhanwantari Nursing Home and Diagnostic Centre,19.0390744,72.8527492,Heat,100.0,60.36,High,0,0.4776024667975081
HOS_171,Hospital,Dr. Sushil D Nakhates Child Care Centre and Shruti Nursing Home,19.0480285,72.857092,Flood,100.0,61.68,High,0,0.4727375770366983
HOS_171,Hospital,Dr. Sushil D Nakhates Child Care Centre and Shruti Nursing Home,19.0480285,72.857092,Geomagnetic,100.0,57.63,High,0,0.4762838321014971
HOS_171,Hospital,Dr. Sushil D Nakhates Child Care Centre and Shruti Nursing Home,19.0480285,72.857092,Heat,100.0,60.36,High,0,0.4727375770366983
HOS_172,Hospital,Lfe Care Hospital - Dharavi,19.0480285,72.857092,Flood,100.0,61.68,High,0,0.4727375770366983
HOS_172,Hospital,Lfe Care Hospital - Dharavi,19.0480285,72.857092,Geomagnetic,100.0,57.63,High,0,0.4762838321014971
HOS_172,Hospital,Lfe Care Hospital - Dharavi,19.0480285,72.857092,Heat,100.0,60.36,High,0,0.4727375770366983
HOS_173,Hospital,Sai Hospital,,,Flood,100.0,61.68,High,0,0.5244058818855553
HOS_173,Hospital,Sai Hospital,,,Geomagnetic,100.0,57.63,High,1,0.540477420964363
HOS_173,Hospital,Sai Hospital,,,Heat,100.0,60.36,High,0,0.5244058818855553
HOS_174,Hospital,Sai Medicure Services Pvt. Ltd. (Sai Hospital),19.0402084,72.8508504,Flood,100.0,61.68,High,0,0.4774604196956882
HOS_174,Hospital,Sai Medicure Services Pvt. Ltd. (Sai Hospital),19.0402084,72.8508504,Geomagnetic,100.0,57.63,High,0,0.4810281185419847
HOS_174,Hospital,Sai Medicure Services Pvt. Ltd. (Sai Hospital),19.0402084,72.8508504,Heat,100.0,60.36,High,0,0.4774604196956882
HOS_175,Hospital,Bosco Nursing Home and Ent Research Centre,,,Flood,100.0,61.68,High,0,0.5244058818855553
HOS_175,Hospital,Bosco Nursing Home and Ent Research Centre,,,Geomagnetic,100.0,57.63,High,1,0.540477420964363
HOS_175,Hospital,Bosco Nursing Home and Ent Research Centre,,,Heat,100.0,60.36,High,0,0.5244058818855553
HOS_176,Hospital,Dr Gadgils Eye Hospital,,,Flood,100.0,61.68,High,0,0.5244058818855553
HOS_176,Hospital,Dr Gadgils Eye Hospital,,,Geomagnetic,100.0,57.63,High,1,0.540477420964363
HOS_176,Hospital,Dr Gadgils Eye Hospital,,,Heat,100.0,60.36,High,0,0.5244058818855553
HOS_177,Hospital,Nirmal Clinic,18.9872015,72.8290456,Flood,100.0,61.68,High,1,0.5356613311374535
HOS_177,Hospital,Nirmal Clinic,18.9872015,72.8290456,Geomagnetic,100.0,57.63,High,1,0.5356613311374535
HOS_177,Hospital,Nirmal Clinic,18.9872015,72.8290456,Heat,100.0,60.36,High,1,0.5356613311374535
HOS_178,Hospital,R R A Podar Central Research Institute,18.9997784,72.8169357,Flood,100.0,61.68,High,1,0.5423485039720615
HOS_178,Hospital,R R A Podar Central Research Institute,18.9997784,72.8169357,Geomagnetic,100.0,57.63,High,1,0.5423485039720615
HOS_178,Hospital,R R A Podar Central Research Institute,18.9997784,72.8169357,Heat,100.0,60.36,High,1,0.5423485039720615
HOS_179,Hospital,Regenesis,,,Flood,100.0,61.68,High,0,0.5244058818855553
HOS_179,Hospital,Regenesis,,,Geomagnetic,100.0,57.63,High,1,0.540477420964363
HOS_179,Hospital,Regenesis,,,Heat,100.0,60.36,High,0,0.5244058818855553
HOS_18,Hospital,Kilbil Childrens Hospital,,,Flood,100.0,61.68,High,0,0.5244058818855553
HOS_18,Hospital,Kilbil Childrens Hospital,,,Geomagnetic,100.0,57.63,High,1,0.540477420964363
HOS_18,Hospital,Kilbil Childrens Hospital,,,Heat,100.0,60.36,High,0,0.5244058818855553
HOS_180,Hospital,Reliance Life Sciences Pvt. Ltd,19.0062696,72.8206853,Flood,100.0,61.68,High,0,0.5325055087263882
HOS_180,Hospital,Reliance Life Sciences Pvt. Ltd,19.0062696,72.8206853,Geomagnetic,100.0,57.63,High,0,0.5325055087263882
HOS_180,Hospital,Reliance Life Sciences Pvt. Ltd,19.0062696,72.8206853,Heat,100.0,60.36,High,0,0.5325055087263882
HOS_181,Hospital,Saarthi Hospital,19.1509879,72.9315251,Flood,100.0,67.29,High,0,0.520877058653074
HOS_181,Hospital,Saarthi Hospital,19.1509879,72.9315251,Geomagnetic,100.0,62.86,High,0,0.5225685151799757
HOS_181,Hospital,Saarthi Hospital,19.1509879,72.9315251,Heat,100.0,65.85,High,0,0.520877058653074
HOS_182,Hospital,The Bombay Mothers and Children Welfare Societys,19.0031932,72.8192367,Flood,100.0,61.68,High,0,0.5333858331520949
HOS_182,Hospital,The Bombay Mothers and Children Welfare Societys,19.0031932,72.8192367,Geomagnetic,100.0,57.63,High,0,0.5333858331520949
HOS_182,Hospital,The Bombay Mothers and Children Welfare Societys,19.0031932,72.8192367,Heat,100.0,60.36,High,0,0.5333858331520949
HOS_183,Hospital,Dr Trivedis Maternity and Nursing Home,19.0792247,72.9057813,Flood,100.0,61.68,High,0,0.4865497413165644
HOS_183,Hospital,Dr Trivedis Maternity and Nursing Home,19.0792247,72.9057813,Geomagnetic,100.0,57.63,High,0,0.4909062203790979
HOS_183,Hospital,Dr Trivedis Maternity and Nursing Home,19.0792247,72.9057813,Heat,100.0,60.36,High,0,0.4865497413165644
HOS_184,Hospital,Dr V T Shah Diagnostic Centre and Clinic,19.023947,72.8529909,Flood,100.0,61.68,High,0,0.4863809768553996
HOS_184,Hospital,Dr V T Shah Diagnostic Centre and Clinic,19.023947,72.8529909,Geomagnetic,100.0,57.63,High,0,0.4923229765608594
HOS_184,Hospital,Dr V T Shah Diagnostic Centre and Clinic,19.023947,72.8529909,Heat,100.0,60.36,High,0,0.4863809768553996
HOS_185,Hospital,Dr.Chhatres Maternity and Surgical Nursing Home,19.0252685,72.8523958,Flood,100.0,61.68,High,0,0.4854237108358062
HOS_185,Hospital,Dr.Chhatres Maternity and Surgical Nursing Home,19.0252685,72.8523958,Geomagnetic,100.0,57.63,High,0,0.4911399723557224
HOS_185,Hospital,Dr.Chhatres Maternity and Surgical Nursing Home,19.0252685,72.8523958,Heat,100.0,60.36,High,0,0.4854237108358062
HOS_186,Hospital,Icon The Eye Consultants Eye and Laser Centre,19.0336548,72.854459,Flood,100.0,61.68,High,0,0.481678117128863
HOS_186,Hospital,Icon The Eye Consultants Eye and Laser Centre,19.0336548,72.854459,Geomagnetic,100.0,57.63,High,0,0.488029232251466
HOS_186,Hospital,Icon The Eye Consultants Eye and Laser Centre,19.0336548,72.854459,Heat,100.0,60.36,High,0,0.481678117128863
HOS_187,Hospital,Insight Eye Clinic,19.0759837,72.8776559,Flood,100.0,61.68,High,0,0.4615533918676057
HOS_187,Hospital,Insight Eye Clinic,19.0759837,72.8776559,Geomagnetic,100.0,57.63,High,0,0.4678510503457073
HOS_187,Hospital,Insight Eye Clinic,19.0759837,72.8776559,Heat,100.0,60.36,High,0,0.4615533918676057
HOS_188,Hospital,Jashem Eye Institute,19.0759837,72.8776559,Flood,100.0,61.68,High,0,0.4615533918676057
HOS_188,Hospital,Jashem Eye Institute,19.0759837,72.8776559,Geomagnetic,100.0,57.63,High,0,0.4678510503457073
HOS_188,Hospital,Jashem Eye Institute,19.0759837,72.8776559,Heat,100.0,60.36,High,0,0.4615533918676057
HOS_189,Hospital,Lions Club Of East Bombay,19.0099,72.820598,Flood,100.0,61.68,High,0,0.5279087854770831
HOS_189,Hospital,Lions Club Of East Bombay,19.0099,72.820598,Geomagnetic,100.0,57.63,High,0,0.5279087854770831
HOS_189,Hospital,Lions Club Of East Bombay,19.0099,72.820598,Heat,100.0,60.36,High,0,0.5279087854770831
HOS_19,Hospital,Laksh-Deep Hospital,,,Flood,100.0,61.68,High,0,0.5244058818855553
HOS_19,Hospital,Laksh-Deep Hospital,,,Geomagnetic,100.0,57.63,High,1,0.540477420964363
HOS_19,Hospital,Laksh-Deep Hospital,,,Heat,100.0,60.36,High,0,0.5244058818855553
HOS_190,Hospital,Naik Nursing Home and Endoscopy Centre,19.0962638,73.0111333,Flood,100.0,61.68,High,1,0.598631159618548
HOS_190,Hospital,Naik Nursing Home and Endoscopy Centre,19.0962638,73.0111333,Geomagnetic,100.0,57.63,High,1,0.598631159618548
HOS_190,Hospital,Naik Nursing Home and Endoscopy Centre,19.0962638,73.0111333,Heat,100.0,60.36,High,1,0.598631159618548
HOS_191,Hospital,Narvekar Clinics,,,Flood,100.0,61.68,High,0,0.5244058818855553
HOS_191,Hospital,Narvekar Clinics,,,Geomagnetic,100.0,57.63,High,1,0.540477420964363
HOS_191,Hospital,Narvekar Clinics,,,Heat,100.0,60.36,High,0,0.5244058818855553
HOS_192,Hospital,Shah Nursing Home,,,Flood,100.0,61.68,High,0,0.5244058818855553
HOS_192,Hospital,Shah Nursing Home,,,Geomagnetic,100.0,57.63,High,1,0.540477420964363
HOS_192,Hospital,Shah Nursing Home,,,Heat,100.0,60.36,High,0,0.5244058818855553
HOS_193,Hospital,Siddhamrut Clinic,19.022637,72.851028,Flood,100.0,61.68,High,0,0.4869916020916386
HOS_193,Hospital,Siddhamrut Clinic,19.022637,72.851028,Geomagnetic,100.0,57.63,High,0,0.4908812361137681
HOS_193,Hospital,Siddhamrut Clinic,19.022637,72.851028,Heat,100.0,60.36,High,0,0.4869916020916386
HOS_194,Hospital,Visaria Nursing Home - Matunga,19.0304554,72.8469971,Flood,100.0,61.68,High,0,0.4851870783437663
HOS_194,Hospital,Visaria Nursing Home - Matunga,19.0304554,72.8469971,Geomagnetic,100.0,57.63,High,0,0.4883293969177574
HOS_194,Hospital,Visaria Nursing Home - Matunga,19.0304554,72.8469971,Heat,100.0,60.36,High,0,0.4851870783437663
HOS_195,Hospital,Bombay Hospital and Medical Research Centre,18.9389181,72.8286535,Flood,100.0,61.68,High,1,0.5745177114378509
HOS_195,Hospital,Bombay Hospital and Medical Research Centre,18.9389181,72.8286535,Geomagnetic,100.0,57.63,High,1,0.5745177114378509
HOS_195,Hospital,Bombay Hospital and Medical Research Centre,18.9389181,72.8286535,Heat,100.0,60.36,High,1,0.5745177114378509
HOS_196,Hospital,Dr. Bacha`S Memorial Belle Vue Nursing Home,,,Flood,100.0,61.68,High,0,0.5244058818855553
HOS_196,Hospital,Dr. Bacha`S Memorial Belle Vue Nursing Home,,,Geomagnetic,100.0,57.63,High,1,0.540477420964363
HOS_196,Hospital,Dr. Bacha`S Memorial Belle Vue Nursing Home,,,Heat,100.0,60.36,High,0,0.5244058818855553
HOS_197,Hospital,Zain Eye Care,18.9457243,72.8237605,Flood,100.0,61.68,High,1,0.5790927959613301
HOS_197,Hospital,Zain Eye Care,18.9457243,72.8237605,Geomagnetic,100.0,57.63,High,1,0.5790927959613301
HOS_197,Hospital,Zain Eye Care,18.9457243,72.8237605,Heat,100.0,60.36,High,1,0.5790927959613301
HOS_198,Hospital,Abhishek Day Care Ins. and Medical Research Centre,,,Flood,100.0,61.68,High,0,0.5244058818855553
HOS_198,Hospital,Abhishek Day Care Ins. and Medical Research Centre,,,Geomagnetic,100.0,57.63,High,1,0.540477420964363
HOS_198,Hospital,Abhishek Day Care Ins. and Medical Research Centre,,,Heat,100.0,60.36,High,0,0.5244058818855553
HOS_199,Hospital,Lady Ratan Tata Medical Centre,19.0759837,72.8776559,Flood,100.0,61.68,High,0,0.4615533918676057
HOS_199,Hospital,Lady Ratan Tata Medical Centre,19.0759837,72.8776559,Geomagnetic,100.0,57.63,High,0,0.4678510503457073
HOS_199,Hospital,Lady Ratan Tata Medical Centre,19.0759837,72.8776559,Heat,100.0,60.36,High,0,0.4615533918676057
HOS_2,Hospital,Arihant Heart and Surgical Hospital,19.2240612,72.8666469,Flood,100.0,70.09,High,0,0.5320176697183161
HOS_2,Hospital,Arihant Heart and Surgical Hospital,19.2240612,72.8666469,Geomagnetic,100.0,65.48,High,1,0.5365963600573629
HOS_2,Hospital,Arihant Heart and Surgical Hospital,19.2240612,72.8666469,Heat,100.0,68.59,High,0,0.5320176697183161
HOS_20,Hospital,Laser Eye Surgery Center,19.0599051,72.8342113,Flood,100.0,61.68,High,0,0.4783864094156168
HOS_20,Hospital,Laser Eye Surgery Center,19.0599051,72.8342113,Geomagnetic,100.0,57.63,High,0,0.48004581473019
HOS_20,Hospital,Laser Eye Surgery Center,19.0599051,72.8342113,Heat,100.0,60.36,High,0,0.4783864094156168
HOS_200,Hospital,Vinod Sharma Memorial Medical Centre,19.0759837,72.8776559,Flood,100.0,61.68,High,0,0.4615533918676057
HOS_200,Hospital,Vinod Sharma Memorial Medical Centre,19.0759837,72.8776559,Geomagnetic,100.0,57.63,High,0,0.4678510503457073
HOS_200,Hospital,Vinod Sharma Memorial Medical Centre,19.0759837,72.8776559,Heat,100.0,60.36,High,0,0.4615533918676057
HOS_201,Hospital,Ashirwad Nursing Home,19.0394894,72.8597092,Flood,100.0,61.68,High,0,0.4781769328927684
HOS_201,Hospital,Ashirwad Nursing Home,19.0394894,72.8597092,Geomagnetic,100.0,57.63,High,0,0.4829837236721499
HOS_201,Hospital,Ashirwad Nursing Home,19.0394894,72.8597092,Heat,100.0,60.36,High,0,0.4781769328927684
HOS_202,Hospital,Dr Savlas Child Care Centre,19.0351454,72.8663173,Flood,100.0,61.68,High,0,0.4852564977194149
HOS_202,Hospital,Dr Savlas Child Care Centre,19.0351454,72.8663173,Geomagnetic,100.0,57.63,High,0,0.4907981203088487
HOS_202,Hospital,Dr Savlas Child Care Centre,19.0351454,72.8663173,Heat,100.0,60.36,High,0,0.4852564977194149
HOS_203,Hospital,Dr. Deosthaci's Eye Care Centre,19.0397531,72.8611975,Flood,100.0,61.68,High,0,0.4778241386177911
HOS_203,Hospital,Dr. Deosthaci's Eye Care Centre,19.0397531,72.8611975,Geomagnetic,100.0,57.63,High,0,0.4833722994588651
HOS_203,Hospital,Dr. Deosthaci's Eye Care Centre,19.0397531,72.8611975,Heat,100.0,60.36,High,0,0.4778241386177911
HOS_204,Hospital,Dr.Patrawala`S Kalpana Nursing Home,19.0516931,72.8691602,Flood,100.0,61.68,High,0,0.4776085461565058
HOS_204,Hospital,Dr.Patrawala`S Kalpana Nursing Home,19.0516931,72.8691602,Geomagnetic,100.0,57.63,High,0,0.478629264338208
HOS_204,Hospital,Dr.Patrawala`S Kalpana Nursing Home,19.0516931,72.8691602,Heat,100.0,60.36,High,0,0.4776085461565058
HOS_205,Hospital,Endoscopy Asia,19.0381054,72.8596712,Flood,100.0,61.68,High,0,0.4794773783796
HOS_205,Hospital,Endoscopy Asia,19.0381054,72.8596712,Geomagnetic,100.0,57.63,High,0,0.4847879269252347
HOS_205,Hospital,Endoscopy Asia,19.0381054,72.8596712,Heat,100.0,60.36,High,0,0.4794773783796
HOS_206,Hospital,Gandhi Hospital - Navi Mumbai,19.153192,72.9969872,Flood,100.0,66.72,High,1,0.5973870971592063
HOS_206,Hospital,Gandhi Hospital - Navi Mumbai,19.153192,72.9969872,Geomagnetic,100.0,62.34,High,1,0.601349234814486
HOS_206,Hospital,Gandhi Hospital - Navi Mumbai,19.153192,72.9969872,Heat,100.0,65.3,High,1,0.5973870971592063
HOS_207,Hospital,Iyers Polyclinic,19.0351454,72.8663173,Flood,100.0,61.68,High,0,0.4852564977194149
HOS_207,Hospital,Iyers Polyclinic,19.0351454,72.8663173,Geomagnetic,100.0,57.63,High,0,0.4907981203088487
HOS_207,Hospital,Iyers Polyclinic,19.0351454,72.8663173,Heat,100.0,60.36,High,0,0.4852564977194149
HOS_208,Hospital,Kamakshi Maternity Home,,,Flood,100.0,61.68,High,0,0.5244058818855553
HOS_208,Hospital,Kamakshi Maternity Home,,,Geomagnetic,100.0,57.63,High,1,0.540477420964363
HOS_208,Hospital,Kamakshi Maternity Home,,,Heat,100.0,60.36,High,0,0.5244058818855553
HOS_209,Hospital,Krishna Eye Centre,19.0351454,72.8663173,Flood,100.0,61.68,High,0,0.4852564977194149
HOS_209,Hospital,Krishna Eye Centre,19.0351454,72.8663173,Geomagnetic,100.0,57.63,High,0,0.4907981203088487
HOS_209,Hospital,Krishna Eye Centre,19.0351454,72.8663173,Heat,100.0,60.36,High,0,0.4852564977194149
HOS_21,Hospital,Marve Nursing Home,19.1963422,72.8105333,Flood,100.0,61.68,High,1,0.5538795088217168
HOS_21,Hospital,Marve Nursing Home,19.1963422,72.8105333,Geomagnetic,100.0,57.63,High,1,0.5557325713671097
HOS_21,Hospital,Marve Nursing Home,19.1963422,72.8105333,Heat,100.0,60.36,High,1,0.5538795088217168
HOS_210,Hospital,Mata Lachmi Hospital,19.0349625,72.8601821,Flood,100.0,61.68,High,0,0.4805770237475193
HOS_210,Hospital,Mata Lachmi Hospital,19.0349625,72.8601821,Geomagnetic,100.0,57.63,High,0,0.4868397802027177
HOS_210,Hospital,Mata Lachmi Hospital,19.0349625,72.8601821,Heat,100.0,60.36,High,0,0.4805770237475193
HOS_211,Hospital,Shanmukhananda Aditya Jyot Eye Institute - Sion - Mumbai,19.0351454,72.8663173,Flood,100.0,61.68,High,0,0.4852564977194149
HOS_211,Hospital,Shanmukhananda Aditya Jyot Eye Institute - Sion - Mumbai,19.0351454,72.8663173,Geomagnetic,100.0,57.63,High,0,0.4907981203088487
HOS_211,Hospital,Shanmukhananda Aditya Jyot Eye Institute - Sion - Mumbai,19.0351454,72.8663173,Heat,100.0,60.36,High,0,0.4852564977194149
HOS_212,Hospital,Shanmukhananda Jasubhai Rkshah Medical Centre,19.0176169,72.8561288,Flood,100.0,61.68,High,0,0.4912492209612948
HOS_212,Hospital,Shanmukhananda Jasubhai Rkshah Medical Centre,19.0176169,72.8561288,Geomagnetic,100.0,57.63,High,0,0.4947715355782826
HOS_212,Hospital,Shanmukhananda Jasubhai Rkshah Medical Centre,19.0176169,72.8561288,Heat,100.0,60.36,High,0,0.4912492209612948
HOS_213,Hospital,Shri Vaishnav Seva Samaj Public Charitable Trust -,19.0390214,72.8618952,Flood,100.0,61.68,High,0,0.4778764161179769
HOS_213,Hospital,Shri Vaishnav Seva Samaj Public Charitable Trust -,19.0390214,72.8618952,Geomagnetic,100.0,57.63,High,0,0.4841690157358315
HOS_213,Hospital,Shri Vaishnav Seva Samaj Public Charitable Trust -,19.0390214,72.8618952,Heat,100.0,60.36,High,0,0.4778764161179769
HOS_214,Hospital,Smt. Sushilaben R. Mehta and Sir K.P. Cardiac Institute / (Sir Kikabhai Premchand Trust),,,Flood,100.0,61.68,High,0,0.5244058818855553
HOS_214,Hospital,Smt. Sushilaben R. Mehta and Sir K.P. Cardiac Institute / (Sir Kikabhai Premchand Trust),,,Geomagnetic,100.0,57.63,High,1,0.540477420964363
HOS_214,Hospital,Smt. Sushilaben R. Mehta and Sir K.P. Cardiac Institute / (Sir Kikabhai Premchand Trust),,,Heat,100.0,60.36,High,0,0.5244058818855553
HOS_215,Hospital,Varun Cardiac Clinic,19.082354,72.9051026,Flood,100.0,61.68,High,0,0.4864162541781529
HOS_215,Hospital,Varun Cardiac Clinic,19.082354,72.9051026,Geomagnetic,100.0,57.63,High,0,0.4907113418457185
HOS_215,Hospital,Varun Cardiac Clinic,19.082354,72.9051026,Heat,100.0,60.36,High,0,0.4864162541781529
HOS_216,Hospital,Vyas Surgery Mumbai,,,Flood,100.0,61.68,High,0,0.5244058818855553
HOS_216,Hospital,Vyas Surgery Mumbai,,,Geomagnetic,100.0,57.63,High,1,0.540477420964363
HOS_216,Hospital,Vyas Surgery Mumbai,,,Heat,100.0,60.36,High,0,0.5244058818855553
HOS_217,Hospital,Amrutha Surgical And Maternity Home,19.0898792,72.908696,Flood,100.0,61.68,High,0,0.485701184286173
HOS_217,Hospital,Amrutha Surgical And Maternity Home,19.0898792,72.908696,Geomagnetic,100.0,57.63,High,0,0.4887123536720064
HOS_217,Hospital,Amrutha Surgical And Maternity Home,19.0898792,72.908696,Heat,100.0,60.36,High,0,0.485701184286173
HOS_218,Hospital,Aryan Hospital and Iccu - Kurla-Mumbai,19.0579437,72.8412418,Flood,100.0,61.68,High,0,0.4739055069940827
HOS_218,Hospital,Aryan Hospital and Iccu - Kurla-Mumbai,19.0579437,72.8412418,Geomagnetic,100.0,57.63,High,0,0.476027668687154
HOS_218,Hospital,Aryan Hospital and Iccu - Kurla-Mumbai,19.0579437,72.8412418,Heat,100.0,60.36,High,0,0.4739055069940827
HOS_219,Hospital,Ashvini Maternity and Surgical Nursing Home,19.0639898,72.8825627,Flood,100.0,61.68,High,0,0.4762850335937878
HOS_219,Hospital,Ashvini Maternity and Surgical Nursing Home,19.0639898,72.8825627,Geomagnetic,100.0,57.63,High,0,0.4803926205210829
HOS_219,Hospital,Ashvini Maternity and Surgical Nursing Home,19.0639898,72.8825627,Heat,100.0,60.36,High,0,0.4762850335937878
HOS_22,Hospital,Mauli Hospital,19.2539332,72.8672448,Flood,100.0,66.72,High,1,0.5555347940681153
HOS_22,Hospital,Mauli Hospital,19.2539332,72.8672448,Geomagnetic,100.0,62.34,High,1,0.5584098547076072
HOS_22,Hospital,Mauli Hospital,19.2539332,72.8672448,Heat,100.0,65.3,High,1,0.5555347940681153
HOS_220,Hospital,Prarushi Healthcare Pvt Ltd / Kusumesh Chandra Maternity Hospital,,,Flood,100.0,61.68,High,0,0.5244058818855553
HOS_220,Hospital,Prarushi Healthcare Pvt Ltd / Kusumesh Chandra Maternity Hospital,,,Geomagnetic,100.0,57.63,High,1,0.540477420964363
HOS_220,Hospital,Prarushi Healthcare Pvt Ltd / Kusumesh Chandra Maternity Hospital,,,Heat,100.0,60.36,High,0,0.5244058818855553
HOS_221,Hospital,Asha Surgical and Maternity Home Laparoscopy and Famil,19.0158466,72.8279973,Flood,100.0,61.68,High,0,0.5097025434039317
HOS_221,Hospital,Asha Surgical and Maternity Home Laparoscopy and Famil,19.0158466,72.8279973,Geomagnetic,100.0,57.63,High,0,0.5097025434039317
HOS_221,Hospital,Asha Surgical and Maternity Home Laparoscopy and Famil,19.0158466,72.8279973,Heat,100.0,60.36,High,0,0.5097025434039317
HOS_222,Hospital,Comfort Clinic Nursing Home,,,Flood,100.0,61.68,High,0,0.5244058818855553
HOS_222,Hospital,Comfort Clinic Nursing Home,,,Geomagnetic,100.0,57.63,High,1,0.540477420964363
HOS_222,Hospital,Comfort Clinic Nursing Home,,,Heat,100.0,60.36,High,0,0.5244058818855553
HOS_223,Hospital,Dr.D.M.Beke,19.0759837,72.8776559,Flood,100.0,61.68,High,0,0.4615533918676057
HOS_223,Hospital,Dr.D.M.Beke,19.0759837,72.8776559,Geomagnetic,100.0,57.63,High,0,0.4678510503457073
HOS_223,Hospital,Dr.D.M.Beke,19.0759837,72.8776559,Heat,100.0,60.36,High,0,0.4615533918676057
HOS_224,Hospital,"Dr.Palep`S ""Priyank""Maternity Nursing Home",,,Flood,100.0,61.68,High,0,0.5244058818855553
HOS_224,Hospital,"Dr.Palep`S ""Priyank""Maternity Nursing Home",,,Geomagnetic,100.0,57.63,High,1,0.540477420964363
HOS_224,Hospital,"Dr.Palep`S ""Priyank""Maternity Nursing Home",,,Heat,100.0,60.36,High,0,0.5244058818855553
HOS_225,Hospital,Fayth Clinic,19.0137008,72.8294379,Flood,100.0,61.68,High,0,0.5085717831648208
HOS_225,Hospital,Fayth Clinic,19.0137008,72.8294379,Geomagnetic,100.0,57.63,High,0,0.5085717831648208
HOS_225,Hospital,Fayth Clinic,19.0137008,72.8294379,Heat,100.0,60.36,High,0,0.5085717831648208
HOS_226,Hospital,Punamiya Hospital,19.0181462,72.8357351,Flood,100.0,61.68,High,0,0.4959298581396839
HOS_226,Hospital,Punamiya Hospital,19.0181462,72.8357351,Geomagnetic,100.0,57.63,High,0,0.4959298581396839
HOS_226,Hospital,Punamiya Hospital,19.0181462,72.8357351,Heat,100.0,60.36,High,0,0.4959298581396839
HOS_227,Hospital,Savla Medical Center,19.0158466,72.8279973,Flood,100.0,61.68,High,0,0.5097025434039317
HOS_227,Hospital,Savla Medical Center,19.0158466,72.8279973,Geomagnetic,100.0,57.63,High,0,0.5097025434039317
HOS_227,Hospital,Savla Medical Center,19.0158466,72.8279973,Heat,100.0,60.36,High,0,0.5097025434039317
HOS_228,Hospital,Siddivinayak Healthcare Pvt Ltd,19.0235976,72.8378125,Flood,100.0,61.68,High,0,0.4895142049969029
HOS_228,Hospital,Siddivinayak Healthcare Pvt Ltd,19.0235976,72.8378125,Geomagnetic,100.0,57.63,High,0,0.4903662250138911
HOS_228,Hospital,Siddivinayak Healthcare Pvt Ltd,19.0235976,72.8378125,Heat,100.0,60.36,High,0,0.4895142049969029
HOS_229,Hospital,Sidhivinayk Clinic,19.0096924,72.8299301,Flood,100.0,61.68,High,0,0.5115716975800567
HOS_229,Hospital,Sidhivinayk Clinic,19.0096924,72.8299301,Geomagnetic,100.0,57.63,High,0,0.5115716975800567
HOS_229,Hospital,Sidhivinayk Clinic,19.0096924,72.8299301,Heat,100.0,60.36,High,0,0.5115716975800567
HOS_23,Hospital,Nath Hospital,19.2041173,72.9747855,Flood,100.0,61.68,High,1,0.601401899939375
HOS_23,Hospital,Nath Hospital,19.2041173,72.9747855,Geomagnetic,100.0,57.63,High,1,0.6038532032871714
HOS_23,Hospital,Nath Hospital,19.2041173,72.9747855,Heat,100.0,60.36,High,1,0.601401899939375
HOS_230,Hospital,Tirtha Surgical and Maternity Home,19.0254538,72.8357672,Flood,100.0,61.68,High,0,0.4917578422327439
HOS_230,Hospital,Tirtha Surgical and Maternity Home,19.0254538,72.8357672,Geomagnetic,100.0,57.63,High,0,0.4924147763366057
HOS_230,Hospital,Tirtha Surgical and Maternity Home,19.0254538,72.8357672,Heat,100.0,60.36,High,0,0.4917578422327439
HOS_231,Hospital,Varad Medical Centre,,,Flood,100.0,61.68,High,0,0.5244058818855553
HOS_231,Hospital,Varad Medical Centre,,,Geomagnetic,100.0,57.63,High,1,0.540477420964363
HOS_231,Hospital,Varad Medical Centre,,,Heat,100.0,60.36,High,0,0.5244058818855553
HOS_232,Hospital,Breach Candy Hospital Trust,18.972711,72.804394,Flood,100.0,61.68,High,1,0.584369688402422
HOS_232,Hospital,Breach Candy Hospital Trust,18.972711,72.804394,Geomagnetic,100.0,57.63,High,1,0.584369688402422
HOS_232,Hospital,Breach Candy Hospital Trust,18.972711,72.804394,Heat,100.0,60.36,High,1,0.584369688402422
HOS_233,Hospital,Doshi Eye Care,18.9714675,72.8095069,Flood,100.0,61.68,High,1,0.5724747023613275
HOS_233,Hospital,Doshi Eye Care,18.9714675,72.8095069,Geomagnetic,100.0,57.63,High,1,0.5724747023613275
HOS_233,Hospital,Doshi Eye Care,18.9714675,72.8095069,Heat,100.0,60.36,High,1,0.5724747023613275
HOS_234,Hospital,Gynaecworld,19.0759837,72.8776559,Flood,100.0,61.68,High,0,0.4615533918676057
HOS_234,Hospital,Gynaecworld,19.0759837,72.8776559,Geomagnetic,100.0,57.63,High,0,0.4678510503457073
HOS_234,Hospital,Gynaecworld,19.0759837,72.8776559,Heat,100.0,60.36,High,0,0.4615533918676057
HOS_235,Hospital,Jaslok Hospital and Research Centre,,,Flood,100.0,61.68,High,0,0.5244058818855553
HOS_235,Hospital,Jaslok Hospital and Research Centre,,,Geomagnetic,100.0,57.63,High,1,0.540477420964363
HOS_235,Hospital,Jaslok Hospital and Research Centre,,,Heat,100.0,60.36,High,0,0.5244058818855553
HOS_236,Hospital,Right Sight Eye Clinic,19.0759837,72.8776559,Flood,100.0,61.68,High,0,0.4615533918676057
HOS_236,Hospital,Right Sight Eye Clinic,19.0759837,72.8776559,Geomagnetic,100.0,57.63,High,0,0.4678510503457073
HOS_236,Hospital,Right Sight Eye Clinic,19.0759837,72.8776559,Heat,100.0,60.36,High,0,0.4615533918676057
HOS_237,Hospital,Soonawala Clinic,18.9678635,72.8089613,Flood,100.0,61.68,High,1,0.5770266892942693
HOS_237,Hospital,Soonawala Clinic,18.9678635,72.8089613,Geomagnetic,100.0,57.63,High,1,0.5770266892942693
HOS_237,Hospital,Soonawala Clinic,18.9678635,72.8089613,Heat,100.0,60.36,High,1,0.5770266892942693
HOS_238,Hospital,Voras Nursing Home,,,Flood,100.0,61.68,High,0,0.5244058818855553
HOS_238,Hospital,Voras Nursing Home,,,Geomagnetic,100.0,57.63,High,1,0.540477420964363
HOS_238,Hospital,Voras Nursing Home,,,Heat,100.0,60.36,High,0,0.5244058818855553
HOS_239,Hospital,Balaji Hospital,18.9821993,72.8382547,Flood,100.0,61.68,High,0,0.5297563496424559
HOS_239,Hospital,Balaji Hospital,18.9821993,72.8382547,Geomagnetic,100.0,57.63,High,0,0.5297563496424559
HOS_239,Hospital,Balaji Hospital,18.9821993,72.8382547,Heat,100.0,60.36,High,0,0.5297563496424559
HOS_24,Hospital,Phiroze M.Dastoor and Co,18.9380988,72.8343567,Flood,100.0,61.68,High,1,0.5681887653352329
HOS_24,Hospital,Phiroze M.Dastoor and Co,18.9380988,72.8343567,Geomagnetic,100.0,57.63,High,1,0.5681887653352329
HOS_24,Hospital,Phiroze M.Dastoor and Co,18.9380988,72.8343567,Heat,100.0,60.36,High,1,0.5681887653352329
HOS_240,Hospital,Ashtavinayak Maternity Surgical and Eye Hospital,19.0759837,72.8776559,Flood,100.0,61.68,High,0,0.4615533918676057
HOS_240,Hospital,Ashtavinayak Maternity Surgical and Eye Hospital,19.0759837,72.8776559,Geomagnetic,100.0,57.63,High,0,0.4678510503457073
HOS_240,Hospital,Ashtavinayak Maternity Surgical and Eye Hospital,19.0759837,72.8776559,Heat,100.0,60.36,High,0,0.4615533918676057
HOS_241,Hospital,Ashvini Nursing and Maternity Home,19.0235976,72.8378125,Flood,100.0,61.68,High,0,0.4895142049969029
HOS_241,Hospital,Ashvini Nursing and Maternity Home,19.0235976,72.8378125,Geomagnetic,100.0,57.63,High,0,0.4903662250138911
HOS_241,Hospital,Ashvini Nursing and Maternity Home,19.0235976,72.8378125,Heat,100.0,60.36,High,0,0.4895142049969029
HOS_242,Hospital,Deccan Fertility Clinic and Keyhole Surgery Center,19.0759837,72.8776559,Flood,100.0,61.68,High,0,0.4615533918676057
HOS_242,Hospital,Deccan Fertility Clinic and Keyhole Surgery Center,19.0759837,72.8776559,Geomagnetic,100.0,57.63,High,0,0.4678510503457073
HOS_242,Hospital,Deccan Fertility Clinic and Keyhole Surgery Center,19.0759837,72.8776559,Heat,100.0,60.36,High,0,0.4615533918676057
HOS_243,Hospital,Dev Nursing Home,19.0759837,72.8776559,Flood,100.0,61.68,High,0,0.4615533918676057
HOS_243,Hospital,Dev Nursing Home,19.0759837,72.8776559,Geomagnetic,100.0,57.63,High,0,0.4678510503457073
HOS_243,Hospital,Dev Nursing Home,19.0759837,72.8776559,Heat,100.0,60.36,High,0,0.4615533918676057
HOS_244,Hospital,Dnyan Geeta Nursing Home,19.0256197,72.8372812,Flood,100.0,61.68,High,0,0.4889355680804714
HOS_244,Hospital,Dnyan Geeta Nursing Home,19.0256197,72.8372812,Geomagnetic,100.0,57.63,High,0,0.4908334880655514
HOS_244,Hospital,Dnyan Geeta Nursing Home,19.0256197,72.8372812,Heat,100.0,60.36,High,0,0.4889355680804714
HOS_245,Hospital,Dr Dhaval D Shah Clinic,,,Flood,100.0,61.68,High,0,0.5244058818855553
HOS_245,Hospital,Dr Dhaval D Shah Clinic,,,Geomagnetic,100.0,57.63,High,1,0.540477420964363
HOS_245,Hospital,Dr Dhaval D Shah Clinic,,,Heat,100.0,60.36,High,0,0.5244058818855553
HOS_246,Hospital,Dr Sunil Kowlis Surgical Clinic And Nusing Home,,,Flood,100.0,61.68,High,0,0.5244058818855553
HOS_246,Hospital,Dr Sunil Kowlis Surgical Clinic And Nusing Home,,,Geomagnetic,100.0,57.63,High,1,0.540477420964363
HOS_246,Hospital,Dr Sunil Kowlis Surgical Clinic And Nusing Home,,,Heat,100.0,60.36,High,0,0.5244058818855553
HOS_247,Hospital,Dr Thakur Hospital,19.0235976,72.8378125,Flood,100.0,61.68,High,0,0.4895142049969029
HOS_247,Hospital,Dr Thakur Hospital,19.0235976,72.8378125,Geomagnetic,100.0,57.63,High,0,0.4903662250138911
HOS_247,Hospital,Dr Thakur Hospital,19.0235976,72.8378125,Heat,100.0,60.36,High,0,0.4895142049969029
HOS_248,Hospital,Dr. Gandhi's Nusing Home,,,Flood,100.0,61.68,High,0,0.5244058818855553
HOS_248,Hospital,Dr. Gandhi's Nusing Home,,,Geomagnetic,100.0,57.63,High,1,0.540477420964363
HOS_248,Hospital,Dr. Gandhi's Nusing Home,,,Heat,100.0,60.36,High,0,0.5244058818855553
HOS_249,Hospital,Dr.Patkars Surgical Nursing Home,19.0235976,72.8378125,Flood,100.0,61.68,High,0,0.4895142049969029
HOS_249,Hospital,Dr.Patkars Surgical Nursing Home,19.0235976,72.8378125,Geomagnetic,100.0,57.63,High,0,0.4903662250138911
HOS_249,Hospital,Dr.Patkars Surgical Nursing Home,19.0235976,72.8378125,Heat,100.0,60.36,High,0,0.4895142049969029
HOS_25,Hospital,Pikhala Hospital,,,Flood,100.0,61.68,High,0,0.5244058818855553
HOS_25,Hospital,Pikhala Hospital,,,Geomagnetic,100.0,57.63,High,1,0.540477420964363
HOS_25,Hospital,Pikhala Hospital,,,Heat,100.0,60.36,High,0,0.5244058818855553
HOS_250,Hospital,Dr.Vaze Hospital,19.0241157,72.8365432,Flood,100.0,61.68,High,0,0.4908300643744578
HOS_250,Hospital,Dr.Vaze Hospital,19.0241157,72.8365432,Geomagnetic,100.0,57.63,High,0,0.4918108582552462
HOS_250,Hospital,Dr.Vaze Hospital,19.0241157,72.8365432,Heat,100.0,60.36,High,0,0.4908300643744578
HOS_251,Hospital,Nerkar Surgical Clinic,19.0163387,72.8401024,Flood,100.0,61.68,High,0,0.4938369635719027
HOS_251,Hospital,Nerkar Surgical Clinic,19.0163387,72.8401024,Geomagnetic,100.0,57.63,High,0,0.4938369635719027
HOS_251,Hospital,Nerkar Surgical Clinic,19.0163387,72.8401024,Heat,100.0,60.36,High,0,0.4938369635719027
HOS_252,Hospital,"Paramount Medical Services Pvt Ltd.,",,,Flood,100.0,61.68,High,0,0.5244058818855553
HOS_252,Hospital,"Paramount Medical Services Pvt Ltd.,",,,Geomagnetic,100.0,57.63,High,1,0.540477420964363
HOS_252,Hospital,"Paramount Medical Services Pvt Ltd.,",,,Heat,100.0,60.36,High,0,0.5244058818855553
HOS_253,Hospital,Shree Vardhaman Sthanakvasi Jain Shravak Sangh Dadar Sanchalit Navneet Jain Health Centre,19.0207984,72.8384577,Flood,100.0,61.68,High,0,0.4916564722371903
HOS_253,Hospital,Shree Vardhaman Sthanakvasi Jain Shravak Sangh Dadar Sanchalit Navneet Jain Health Centre,19.0207984,72.8384577,Geomagnetic,100.0,57.63,High,0,0.4916564722371903
HOS_253,Hospital,Shree Vardhaman Sthanakvasi Jain Shravak Sangh Dadar Sanchalit Navneet Jain Health Centre,19.0207984,72.8384577,Heat,100.0,60.36,High,0,0.4916564722371903
HOS_254,Hospital,Shreedhar Hospital,19.021324,72.8424178,Flood,100.0,61.68,High,0,0.4916326605291878
HOS_254,Hospital,Shreedhar Hospital,19.021324,72.8424178,Geomagnetic,100.0,57.63,High,0,0.4916326605291878
HOS_254,Hospital,Shreedhar Hospital,19.021324,72.8424178,Heat,100.0,60.36,High,0,0.4916326605291878
HOS_255,Hospital,Shri Siddhivinayak Nursing Home,19.021324,72.8424178,Flood,100.0,61.68,High,0,0.4916326605291878
HOS_255,Hospital,Shri Siddhivinayak Nursing Home,19.021324,72.8424178,Geomagnetic,100.0,57.63,High,0,0.4916326605291878
HOS_255,Hospital,Shri Siddhivinayak Nursing Home,19.021324,72.8424178,Heat,100.0,60.36,High,0,0.4916326605291878
HOS_256,Hospital,Shushrusha Citizens` Co-Op Hospital Ltd.,19.0213255,72.8397884,Flood,100.0,61.68,High,0,0.4913598816491889
HOS_256,Hospital,Shushrusha Citizens` Co-Op Hospital Ltd.,19.0213255,72.8397884,Geomagnetic,100.0,57.63,High,0,0.4913598816491889
HOS_256,Hospital,Shushrusha Citizens` Co-Op Hospital Ltd.,19.0213255,72.8397884,Heat,100.0,60.36,High,0,0.4913598816491889
HOS_257,Hospital,Thyrocare Services,,,Flood,100.0,61.68,High,0,0.5244058818855553
HOS_257,Hospital,Thyrocare Services,,,Geomagnetic,100.0,57.63,High,1,0.540477420964363
HOS_257,Hospital,Thyrocare Services,,,Heat,100.0,60.36,High,0,0.5244058818855553
HOS_258,Hospital,Urology and Infertility Clinic Dadar,19.0241157,72.8365432,Flood,100.0,61.68,High,0,0.4908300643744578
HOS_258,Hospital,Urology and Infertility Clinic Dadar,19.0241157,72.8365432,Geomagnetic,100.0,57.63,High,0,0.4918108582552462
HOS_258,Hospital,Urology and Infertility Clinic Dadar,19.0241157,72.8365432,Heat,100.0,60.36,High,0,0.4908300643744578
HOS_259,Hospital,Vijeet Stone Center,19.0241157,72.8365432,Flood,100.0,61.68,High,0,0.4908300643744578
HOS_259,Hospital,Vijeet Stone Center,19.0241157,72.8365432,Geomagnetic,100.0,57.63,High,0,0.4918108582552462
HOS_259,Hospital,Vijeet Stone Center,19.0241157,72.8365432,Heat,100.0,60.36,High,0,0.4908300643744578
HOS_26,Hospital,Prathana Hospital,19.0759837,72.8776559,Flood,100.0,61.68,High,0,0.4615533918676057
HOS_26,Hospital,Prathana Hospital,19.0759837,72.8776559,Geomagnetic,100.0,57.63,High,0,0.4678510503457073
HOS_26,Hospital,Prathana Hospital,19.0759837,72.8776559,Heat,100.0,60.36,High,0,0.4615533918676057
HOS_260,Hospital,Well Spring Dr Avinash Phadke Pathlab Clinic,19.0242735,72.8379211,Flood,100.0,61.68,High,0,0.4886498775249454
HOS_260,Hospital,Well Spring Dr Avinash Phadke Pathlab Clinic,19.0242735,72.8379211,Geomagnetic,100.0,57.63,High,0,0.4901556995598322
HOS_260,Hospital,Well Spring Dr Avinash Phadke Pathlab Clinic,19.0242735,72.8379211,Heat,100.0,60.36,High,0,0.4886498775249454
HOS_261,Hospital,Ishanni Urology Center,19.0759837,72.8776559,Flood,100.0,61.68,High,0,0.4615533918676057
HOS_261,Hospital,Ishanni Urology Center,19.0759837,72.8776559,Geomagnetic,100.0,57.63,High,0,0.4678510503457073
HOS_261,Hospital,Ishanni Urology Center,19.0759837,72.8776559,Heat,100.0,60.36,High,0,0.4615533918676057
HOS_262,Hospital,Sai Deep Nursing Home,,,Flood,100.0,61.68,High,0,0.5244058818855553
HOS_262,Hospital,Sai Deep Nursing Home,,,Geomagnetic,100.0,57.63,High,1,0.540477420964363
HOS_262,Hospital,Sai Deep Nursing Home,,,Heat,100.0,60.36,High,0,0.5244058818855553
HOS_263,Hospital,Metropolis Health Services India Ltd,,,Flood,100.0,61.68,High,0,0.5244058818855553
HOS_263,Hospital,Metropolis Health Services India Ltd,,,Geomagnetic,100.0,57.63,High,1,0.540477420964363
HOS_263,Hospital,Metropolis Health Services India Ltd,,,Heat,100.0,60.36,High,0,0.5244058818855553
HOS_264,Hospital,Worli Hospital For Women,19.0759837,72.8776559,Flood,100.0,61.68,High,0,0.4615533918676057
HOS_264,Hospital,Worli Hospital For Women,19.0759837,72.8776559,Geomagnetic,100.0,57.63,High,0,0.4678510503457073
HOS_264,Hospital,Worli Hospital For Women,19.0759837,72.8776559,Heat,100.0,60.36,High,0,0.4615533918676057
HOS_265,Hospital,Aditya Jyoti Eye Hospital(P V T ) L T D,,,Flood,100.0,61.68,High,0,0.5244058818855553
HOS_265,Hospital,Aditya Jyoti Eye Hospital(P V T ) L T D,,,Geomagnetic,100.0,57.63,High,1,0.540477420964363
HOS_265,Hospital,Aditya Jyoti Eye Hospital(P V T ) L T D,,,Heat,100.0,60.36,High,0,0.5244058818855553
HOS_266,Hospital,Rotunda Nursing Home,19.0151285,72.8580644,Flood,100.0,61.68,High,0,0.4925990118384479
HOS_266,Hospital,Rotunda Nursing Home,19.0151285,72.8580644,Geomagnetic,100.0,57.63,High,0,0.4954320888960931
HOS_266,Hospital,Rotunda Nursing Home,19.0151285,72.8580644,Heat,100.0,60.36,High,0,0.4925990118384479
HOS_267,Hospital,Shobha Maternity and Surgical Home,18.9655331,72.8165727,Flood,100.0,61.68,High,1,0.5671906343982823
HOS_267,Hospital,Shobha Maternity and Surgical Home,18.9655331,72.8165727,Geomagnetic,100.0,57.63,High,1,0.5671906343982823
HOS_267,Hospital,Shobha Maternity and Surgical Home,18.9655331,72.8165727,Heat,100.0,60.36,High,1,0.5671906343982823
HOS_268,Hospital,Aryan Hospital and Icu,19.0097727,72.9017603,Flood,100.0,70.09,High,0,0.532826629693793
HOS_268,Hospital,Aryan Hospital and Icu,19.0097727,72.9017603,Geomagnetic,100.0,65.48,High,1,0.5345639851968049
HOS_268,Hospital,Aryan Hospital and Icu,19.0097727,72.9017603,Heat,100.0,68.59,High,0,0.532826629693793
HOS_269,Hospital,Dr Redkars Maternity and Nursing Home,19.1822352,72.9468948,Flood,100.0,63.92,High,1,0.5535263165730201
HOS_269,Hospital,Dr Redkars Maternity and Nursing Home,19.1822352,72.9468948,Geomagnetic,100.0,59.72,High,1,0.5549162338486734
HOS_269,Hospital,Dr Redkars Maternity and Nursing Home,19.1822352,72.9468948,Heat,100.0,62.56,High,1,0.5535263165730201
HOS_27,Hospital,Pregnancy Advice and Service,,,Flood,100.0,61.68,High,0,0.5244058818855553
HOS_27,Hospital,Pregnancy Advice and Service,,,Geomagnetic,100.0,57.63,High,1,0.540477420964363
HOS_27,Hospital,Pregnancy Advice and Service,,,Heat,100.0,60.36,High,0,0.5244058818855553
HOS_270,Hospital,Anudhiti Care,,,Flood,100.0,61.68,High,0,0.5244058818855553
HOS_270,Hospital,Anudhiti Care,,,Geomagnetic,100.0,57.63,High,1,0.540477420964363
HOS_270,Hospital,Anudhiti Care,,,Heat,100.0,60.36,High,0,0.5244058818855553
HOS_271,Hospital,"Aus Clinic and Lithotripsy Center, Tardeo",,,Flood,100.0,61.68,High,0,0.5244058818855553
HOS_271,Hospital,"Aus Clinic and Lithotripsy Center, Tardeo",,,Geomagnetic,100.0,57.63,High,1,0.540477420964363
HOS_271,Hospital,"Aus Clinic and Lithotripsy Center, Tardeo",,,Heat,100.0,60.36,High,0,0.5244058818855553
HOS_272,Hospital,Janakee Nursing Home,19.0759837,72.8776559,Flood,100.0,61.68,High,0,0.4615533918676057
HOS_272,Hospital,Janakee Nursing Home,19.0759837,72.8776559,Geomagnetic,100.0,57.63,High,0,0.4678510503457073
HOS_272,Hospital,Janakee Nursing Home,19.0759837,72.8776559,Heat,100.0,60.36,High,0,0.4615533918676057
HOS_273,Hospital,Nova Medical Centers Pvt Ltd,18.9681499,72.8122442,Flood,100.0,61.68,High,1,0.5713515299548357
HOS_273,Hospital,Nova Medical Centers Pvt Ltd,18.9681499,72.8122442,Geomagnetic,100.0,57.63,High,1,0.5713515299548357
HOS_273,Hospital,Nova Medical Centers Pvt Ltd,18.9681499,72.8122442,Heat,100.0,60.36,High,1,0.5713515299548357
HOS_274,Hospital,Shetty Nursing Home (Shetty Health Services Pvt. Ltd.),18.9746477,72.8128577,Flood,100.0,61.68,High,1,0.565680171365919
HOS_274,Hospital,Shetty Nursing Home (Shetty Health Services Pvt. Ltd.),18.9746477,72.8128577,Geomagnetic,100.0,57.63,High,1,0.565680171365919
HOS_274,Hospital,Shetty Nursing Home (Shetty Health Services Pvt. Ltd.),18.9746477,72.8128577,Heat,100.0,60.36,High,1,0.565680171365919
HOS_275,Hospital,Shetty Nurshing Home,18.9746477,72.8128577,Flood,100.0,61.68,High,1,0.565680171365919
HOS_275,Hospital,Shetty Nurshing Home,18.9746477,72.8128577,Geomagnetic,100.0,57.63,High,1,0.565680171365919
HOS_275,Hospital,Shetty Nurshing Home,18.9746477,72.8128577,Heat,100.0,60.36,High,1,0.565680171365919
HOS_276,Hospital,Chinmay Nursing Home Wadala,,,Flood,100.0,61.68,High,0,0.5244058818855553
HOS_276,Hospital,Chinmay Nursing Home Wadala,,,Geomagnetic,100.0,57.63,High,1,0.540477420964363
HOS_276,Hospital,Chinmay Nursing Home Wadala,,,Heat,100.0,60.36,High,0,0.5244058818855553
HOS_277,Hospital,Dr Gupta Clinic And Day Carecentre,19.0743137,72.8278871,Flood,100.0,61.68,High,0,0.4848976518311106
HOS_277,Hospital,Dr Gupta Clinic And Day Carecentre,19.0743137,72.8278871,Geomagnetic,100.0,57.63,High,0,0.4874347738362821
HOS_277,Hospital,Dr Gupta Clinic And Day Carecentre,19.0743137,72.8278871,Heat,100.0,60.36,High,0,0.4848976518311106
HOS_278,Hospital,Genesis Speciality Center (Health-Check Up,19.0088678,72.8573828,Flood,100.0,61.68,High,0,0.4999768419716924
HOS_278,Hospital,Genesis Speciality Center (Health-Check Up,19.0088678,72.8573828,Geomagnetic,100.0,57.63,High,0,0.5033675794751036
HOS_278,Hospital,Genesis Speciality Center (Health-Check Up,19.0088678,72.8573828,Heat,100.0,60.36,High,0,0.4999768419716924
HOS_279,Hospital,Jyoti Nursing Home,19.0283439,72.869804,Flood,100.0,66.72,High,0,0.4924559159330312
HOS_279,Hospital,Jyoti Nursing Home,19.0283439,72.869804,Geomagnetic,100.0,62.34,High,0,0.4953752927652057
HOS_279,Hospital,Jyoti Nursing Home,19.0283439,72.869804,Heat,100.0,65.3,High,0,0.4924559159330312
HOS_28,Hospital,Radiation Medicine Centre Bhabha Atomic Research C,19.0176169,72.8561288,Flood,100.0,61.68,High,0,0.4912492209612948
HOS_28,Hospital,Radiation Medicine Centre Bhabha Atomic Research C,19.0176169,72.8561288,Geomagnetic,100.0,57.63,High,0,0.4947715355782826
HOS_28,Hospital,Radiation Medicine Centre Bhabha Atomic Research C,19.0176169,72.8561288,Heat,100.0,60.36,High,0,0.4912492209612948
HOS_280,Hospital,Micro Care Diagnostic Centre,19.0151285,72.8580644,Flood,100.0,61.68,High,0,0.4925990118384479
HOS_280,Hospital,Micro Care Diagnostic Centre,19.0151285,72.8580644,Geomagnetic,100.0,57.63,High,0,0.4954320888960931
HOS_280,Hospital,Micro Care Diagnostic Centre,19.0151285,72.8580644,Heat,100.0,60.36,High,0,0.4925990118384479
HOS_281,Hospital,Rainbow Kidz Hospital,,,Flood,100.0,61.68,High,0,0.5244058818855553
HOS_281,Hospital,Rainbow Kidz Hospital,,,Geomagnetic,100.0,57.63,High,1,0.540477420964363
HOS_281,Hospital,Rainbow Kidz Hospital,,,Heat,100.0,60.36,High,0,0.5244058818855553
HOS_282,Hospital,Amey Eye Care Centre,19.0759837,72.8776559,Flood,100.0,61.68,High,0,0.4615533918676057
HOS_282,Hospital,Amey Eye Care Centre,19.0759837,72.8776559,Geomagnetic,100.0,57.63,High,0,0.4678510503457073
HOS_282,Hospital,Amey Eye Care Centre,19.0759837,72.8776559,Heat,100.0,60.36,High,0,0.4615533918676057
HOS_283,Hospital,Aniket Nuring Home,19.1316889,72.9351934,Flood,100.0,63.92,High,0,0.5302122186713992
HOS_283,Hospital,Aniket Nuring Home,19.1316889,72.9351934,Geomagnetic,100.0,59.72,High,0,0.530254301446604
HOS_283,Hospital,Aniket Nuring Home,19.1316889,72.9351934,Heat,100.0,62.56,High,0,0.5302122186713992
HOS_284,Hospital,Ankur Maternity and Surgical Nursing Home,19.1308769,72.9359605,Flood,100.0,63.92,High,0,0.5305561555628633
HOS_284,Hospital,Ankur Maternity and Surgical Nursing Home,19.1308769,72.9359605,Geomagnetic,100.0,59.72,High,0,0.5305561555628633
HOS_284,Hospital,Ankur Maternity and Surgical Nursing Home,19.1308769,72.9359605,Heat,100.0,62.56,High,0,0.5305561555628633
HOS_285,Hospital,Shaily Nursing Home,19.1375536,72.9350174,Flood,100.0,63.92,High,0,0.5262433932521707
HOS_285,Hospital,Shaily Nursing Home,19.1375536,72.9350174,Geomagnetic,100.0,59.72,High,0,0.5271529915681729
HOS_285,Hospital,Shaily Nursing Home,19.1375536,72.9350174,Heat,100.0,62.56,High,0,0.5262433932521707
HOS_286,Hospital,Bombay City Hospital,19.0493908,72.9145327,Flood,100.0,61.68,High,0,0.517852264255785
HOS_286,Hospital,Bombay City Hospital,19.0493908,72.9145327,Geomagnetic,100.0,57.63,High,0,0.5187746733153533
HOS_286,Hospital,Bombay City Hospital,19.0493908,72.9145327,Heat,100.0,60.36,High,0,0.517852264255785
HOS_287,Hospital,Dr. Tidke Hospital,19.051694,72.930923,Flood,100.0,61.68,High,1,0.5406624412280095
HOS_287,Hospital,Dr. Tidke Hospital,19.051694,72.930923,Geomagnetic,100.0,57.63,High,1,0.5406624412280095
HOS_287,Hospital,Dr. Tidke Hospital,19.051694,72.930923,Heat,100.0,60.36,High,1,0.5406624412280095
HOS_288,Hospital,Ekta Nursing Home and Polyclinic,19.0520628,72.9272317,Flood,100.0,61.68,High,1,0.5365780107614825
HOS_288,Hospital,Ekta Nursing Home and Polyclinic,19.0520628,72.9272317,Geomagnetic,100.0,57.63,High,1,0.5365780107614825
HOS_288,Hospital,Ekta Nursing Home and Polyclinic,19.0520628,72.9272317,Heat,100.0,60.36,High,1,0.5365780107614825
HOS_289,Hospital,Gaware Nursing Home,,,Flood,100.0,61.68,High,0,0.5244058818855553
HOS_289,Hospital,Gaware Nursing Home,,,Geomagnetic,100.0,57.63,High,1,0.540477420964363
HOS_289,Hospital,Gaware Nursing Home,,,Heat,100.0,60.36,High,0,0.5244058818855553
HOS_29,Hospital,Raj Hospital,19.0355766,73.0228173,Flood,100.0,61.68,High,1,0.6159342676991603
HOS_29,Hospital,Raj Hospital,19.0355766,73.0228173,Geomagnetic,100.0,57.63,High,1,0.6160356778774815
HOS_29,Hospital,Raj Hospital,19.0355766,73.0228173,Heat,100.0,60.36,High,1,0.6159342676991603
HOS_290,Hospital,Mahaveer Nursing Home,,,Flood,100.0,61.68,High,0,0.5244058818855553
HOS_290,Hospital,Mahaveer Nursing Home,,,Geomagnetic,100.0,57.63,High,1,0.540477420964363
HOS_290,Hospital,Mahaveer Nursing Home,,,Heat,100.0,60.36,High,0,0.5244058818855553
HOS_291,Hospital,Omkar Nursing Home,19.051694,72.930923,Flood,100.0,61.68,High,1,0.5406624412280095
HOS_291,Hospital,Omkar Nursing Home,19.051694,72.930923,Geomagnetic,100.0,57.63,High,1,0.5406624412280095
HOS_291,Hospital,Omkar Nursing Home,19.051694,72.930923,Heat,100.0,60.36,High,1,0.5406624412280095
HOS_292,Hospital,Royal Nursing Home,19.0489198,72.9143346,Flood,100.0,61.68,High,0,0.5176973039970039
HOS_292,Hospital,Royal Nursing Home,19.0489198,72.9143346,Geomagnetic,100.0,57.63,High,0,0.5186194370381854
HOS_292,Hospital,Royal Nursing Home,19.0489198,72.9143346,Heat,100.0,60.36,High,0,0.5176973039970039
HOS_293,Hospital,Saraswati Hospital,,,Flood,100.0,61.68,High,0,0.5244058818855553
HOS_293,Hospital,Saraswati Hospital,,,Geomagnetic,100.0,57.63,High,1,0.540477420964363
HOS_293,Hospital,Saraswati Hospital,,,Heat,100.0,60.36,High,0,0.5244058818855553
HOS_294,Hospital,Shree Mahaveer Nursing Home - Govandi-Mumbai,19.0511,72.9205,Flood,100.0,61.68,High,0,0.5245116430038153
HOS_294,Hospital,Shree Mahaveer Nursing Home - Govandi-Mumbai,19.0511,72.9205,Geomagnetic,100.0,57.63,High,0,0.5258186021799661
HOS_294,Hospital,Shree Mahaveer Nursing Home - Govandi-Mumbai,19.0511,72.9205,Heat,100.0,60.36,High,0,0.5245116430038153
HOS_295,Hospital,Vikas Nursing Home,19.055124,72.9154653,Flood,100.0,61.68,High,0,0.513189071628287
HOS_295,Hospital,Vikas Nursing Home,19.055124,72.9154653,Geomagnetic,100.0,57.63,High,0,0.5146282989708729
HOS_295,Hospital,Vikas Nursing Home,19.055124,72.9154653,Heat,100.0,60.36,High,0,0.513189071628287
HOS_296,Hospital,Ascent Clinic,,,Flood,100.0,61.68,High,0,0.5244058818855553
HOS_296,Hospital,Ascent Clinic,,,Geomagnetic,100.0,57.63,High,1,0.540477420964363
HOS_296,Hospital,Ascent Clinic,,,Heat,100.0,60.36,High,0,0.5244058818855553
HOS_297,Hospital,"Bharatiya Arogya Nidhi, Sheth Kantilal C. Parikh G",,,Flood,100.0,61.68,High,0,0.5244058818855553
HOS_297,Hospital,"Bharatiya Arogya Nidhi, Sheth Kantilal C. Parikh G",,,Geomagnetic,100.0,57.63,High,1,0.540477420964363
HOS_297,Hospital,"Bharatiya Arogya Nidhi, Sheth Kantilal C. Parikh G",,,Heat,100.0,60.36,High,0,0.5244058818855553
HOS_298,Hospital,Center For Cataract Surgery - Mumbai,19.110608,72.832553,Flood,100.0,61.68,High,0,0.4696421445050752
HOS_298,Hospital,Center For Cataract Surgery - Mumbai,19.110608,72.832553,Geomagnetic,100.0,57.63,High,0,0.4767675536209438
HOS_298,Hospital,Center For Cataract Surgery - Mumbai,19.110608,72.832553,Heat,100.0,60.36,High,0,0.4696421445050752
HOS_299,Hospital,Criticare Multispeciality Hospital And Research Centre,,,Flood,100.0,61.68,High,0,0.5244058818855553
HOS_299,Hospital,Criticare Multispeciality Hospital And Research Centre,,,Geomagnetic,100.0,57.63,High,1,0.540477420964363
HOS_299,Hospital,Criticare Multispeciality Hospital And Research Centre,,,Heat,100.0,60.36,High,0,0.5244058818855553
HOS_30,Hospital,Sai Aashirwad Hospital,,,Flood,100.0,61.68,High,0,0.5244058818855553
HOS_30,Hospital,Sai Aashirwad Hospital,,,Geomagnetic,100.0,57.63,High,1,0.540477420964363
HOS_30,Hospital,Sai Aashirwad Hospital,,,Heat,100.0,60.36,High,0,0.5244058818855553
HOS_300,Hospital,Divya Eye Clinic And Day Care Centre,,,Flood,100.0,61.68,High,0,0.5244058818855553
HOS_300,Hospital,Divya Eye Clinic And Day Care Centre,,,Geomagnetic,100.0,57.63,High,1,0.540477420964363
HOS_300,Hospital,Divya Eye Clinic And Day Care Centre,,,Heat,100.0,60.36,High,0,0.5244058818855553
HOS_301,Hospital,Dr Jayant Doshi,,,Flood,100.0,61.68,High,0,0.5244058818855553
HOS_301,Hospital,Dr Jayant Doshi,,,Geomagnetic,100.0,57.63,High,1,0.540477420964363
HOS_301,Hospital,Dr Jayant Doshi,,,Heat,100.0,60.36,High,0,0.5244058818855553
HOS_302,Hospital,Dr.Daftarys Total Care Clinic,19.1080574,72.8290035,Flood,100.0,61.68,High,0,0.4780883181583822
HOS_302,Hospital,Dr.Daftarys Total Care Clinic,19.1080574,72.8290035,Geomagnetic,100.0,57.63,High,0,0.4829891114529426
HOS_302,Hospital,Dr.Daftarys Total Care Clinic,19.1080574,72.8290035,Heat,100.0,60.36,High,0,0.4780883181583822
HOS_303,Hospital,Juhu Clinical Laboratory,19.1067104,72.829273,Flood,100.0,61.68,High,0,0.4777026332940402
HOS_303,Hospital,Juhu Clinical Laboratory,19.1067104,72.829273,Geomagnetic,100.0,57.63,High,0,0.4820763869491582
HOS_303,Hospital,Juhu Clinical Laboratory,19.1067104,72.829273,Heat,100.0,60.36,High,0,0.4777026332940402
HOS_304,Hospital,Laser Institute Of Laser Medicine,19.1102949,72.8409693,Flood,100.0,61.68,High,0,0.4632643163784594
HOS_304,Hospital,Laser Institute Of Laser Medicine,19.1102949,72.8409693,Geomagnetic,100.0,57.63,High,0,0.4703925857906436
HOS_304,Hospital,Laser Institute Of Laser Medicine,19.1102949,72.8409693,Heat,100.0,60.36,High,0,0.4632643163784594
HOS_305,Hospital,Oculus Eye Hospital Pvt. Ltd,19.1102949,72.8409693,Flood,100.0,61.68,High,0,0.4632643163784594
HOS_305,Hospital,Oculus Eye Hospital Pvt. Ltd,19.1102949,72.8409693,Geomagnetic,100.0,57.63,High,0,0.4703925857906436
HOS_305,Hospital,Oculus Eye Hospital Pvt. Ltd,19.1102949,72.8409693,Heat,100.0,60.36,High,0,0.4632643163784594
HOS_306,Hospital,Pushpa Hospital,19.1483497,72.8404703,Flood,100.0,61.68,High,0,0.4813686393243895
HOS_306,Hospital,Pushpa Hospital,19.1483497,72.8404703,Geomagnetic,100.0,57.63,High,0,0.4886803794352294
HOS_306,Hospital,Pushpa Hospital,19.1483497,72.8404703,Heat,100.0,60.36,High,0,0.4813686393243895
HOS_307,Hospital,Sheth Kantilal C. Parikh General Hospital,19.1086051,72.8267176,Flood,100.0,61.68,High,0,0.4804188119578555
HOS_307,Hospital,Sheth Kantilal C. Parikh General Hospital,19.1086051,72.8267176,Geomagnetic,100.0,57.63,High,0,0.4852315574347097
HOS_307,Hospital,Sheth Kantilal C. Parikh General Hospital,19.1086051,72.8267176,Heat,100.0,60.36,High,0,0.4804188119578555
HOS_308,Hospital,Shree Hi- Tech Clinic Pvt. Ltd. /Laserx,19.1141161,72.8393625,Flood,100.0,61.68,High,0,0.4646177772289743
HOS_308,Hospital,Shree Hi- Tech Clinic Pvt. Ltd. /Laserx,19.1141161,72.8393625,Geomagnetic,100.0,57.63,High,0,0.471097365571512
HOS_308,Hospital,Shree Hi- Tech Clinic Pvt. Ltd. /Laserx,19.1141161,72.8393625,Heat,100.0,60.36,High,0,0.4646177772289743
HOS_309,Hospital,Spectrum Health Care,,,Flood,100.0,61.68,High,0,0.5244058818855553
HOS_309,Hospital,Spectrum Health Care,,,Geomagnetic,100.0,57.63,High,1,0.540477420964363
HOS_309,Hospital,Spectrum Health Care,,,Heat,100.0,60.36,High,0,0.5244058818855553
HOS_31,Hospital,Sai Hospital,19.0759837,72.8776559,Flood,100.0,61.68,High,0,0.4615533918676057
HOS_31,Hospital,Sai Hospital,19.0759837,72.8776559,Geomagnetic,100.0,57.63,High,0,0.4678510503457073
HOS_31,Hospital,Sai Hospital,19.0759837,72.8776559,Heat,100.0,60.36,High,0,0.4615533918676057
HOS_310,Hospital,Sujay Hospital,19.1160222,72.8313139,Flood,100.0,61.68,High,0,0.4743016186013337
HOS_310,Hospital,Sujay Hospital,19.1160222,72.8313139,Geomagnetic,100.0,57.63,High,0,0.4800004605953408
HOS_310,Hospital,Sujay Hospital,19.1160222,72.8313139,Heat,100.0,60.36,High,0,0.4743016186013337
HOS_311,Hospital,The Vission Eye Centre,19.110608,72.832553,Flood,100.0,61.68,High,0,0.4696421445050752
HOS_311,Hospital,The Vission Eye Centre,19.110608,72.832553,Geomagnetic,100.0,57.63,High,0,0.4767675536209438
HOS_311,Hospital,The Vission Eye Centre,19.110608,72.832553,Heat,100.0,60.36,High,0,0.4696421445050752
HOS_312,Hospital,Bandra Pathology Laboratory,19.0616128,72.83184,Flood,100.0,61.68,High,0,0.4781137045691871
HOS_312,Hospital,Bandra Pathology Laboratory,19.0616128,72.83184,Geomagnetic,100.0,57.63,High,0,0.4804580496056357
HOS_312,Hospital,Bandra Pathology Laboratory,19.0616128,72.83184,Heat,100.0,60.36,High,0,0.4781137045691871
HOS_313,Hospital,Ceds The Cneter Of Eye Dianostics And Surgery,19.0606917,72.8362497,Flood,100.0,61.68,High,0,0.4744092593494922
HOS_313,Hospital,Ceds The Cneter Of Eye Dianostics And Surgery,19.0606917,72.8362497,Geomagnetic,100.0,57.63,High,0,0.4767591573750629
HOS_313,Hospital,Ceds The Cneter Of Eye Dianostics And Surgery,19.0606917,72.8362497,Heat,100.0,60.36,High,0,0.4744092593494922
HOS_314,Hospital,Devi Maternity and Surgical,19.0622209,72.8357525,Flood,100.0,61.68,High,0,0.4749110896512873
HOS_314,Hospital,Devi Maternity and Surgical,19.0622209,72.8357525,Geomagnetic,100.0,57.63,High,0,0.4769725866681672
HOS_314,Hospital,Devi Maternity and Surgical,19.0622209,72.8357525,Heat,100.0,60.36,High,0,0.4749110896512873
HOS_315,Hospital,Dr A K Chandiramani Hospital,19.0636199,72.8351453,Flood,100.0,61.68,High,0,0.4762144857357151
HOS_315,Hospital,Dr A K Chandiramani Hospital,19.0636199,72.8351453,Geomagnetic,100.0,57.63,High,0,0.478735691654087
HOS_315,Hospital,Dr A K Chandiramani Hospital,19.0636199,72.8351453,Heat,100.0,60.36,High,0,0.4762144857357151
HOS_316,Hospital,Dr Jains Dental Speciality Centre,19.0557586,72.8319193,Flood,100.0,61.68,High,0,0.4821624929477175
HOS_316,Hospital,Dr Jains Dental Speciality Centre,19.0557586,72.8319193,Geomagnetic,100.0,57.63,High,0,0.4837391216090171
HOS_316,Hospital,Dr Jains Dental Speciality Centre,19.0557586,72.8319193,Heat,100.0,60.36,High,0,0.4821624929477175
HOS_317,Hospital,Dr Mukul Dabholkar Bandra,19.0606917,72.8362497,Flood,100.0,61.68,High,0,0.4744092593494922
HOS_317,Hospital,Dr Mukul Dabholkar Bandra,19.0606917,72.8362497,Geomagnetic,100.0,57.63,High,0,0.4767591573750629
HOS_317,Hospital,Dr Mukul Dabholkar Bandra,19.0606917,72.8362497,Heat,100.0,60.36,High,0,0.4744092593494922
HOS_318,Hospital,Dr. Pattnaiks Nursing Home,19.0606917,72.8362497,Flood,100.0,61.68,High,0,0.4744092593494922
HOS_318,Hospital,Dr. Pattnaiks Nursing Home,19.0606917,72.8362497,Geomagnetic,100.0,57.63,High,0,0.4767591573750629
HOS_318,Hospital,Dr. Pattnaiks Nursing Home,19.0606917,72.8362497,Heat,100.0,60.36,High,0,0.4744092593494922
HOS_319,Hospital,Dr. R. N. Shetty's Nursing Home,19.0606917,72.8362497,Flood,100.0,61.68,High,0,0.4744092593494922
HOS_319,Hospital,Dr. R. N. Shetty's Nursing Home,19.0606917,72.8362497,Geomagnetic,100.0,57.63,High,0,0.4767591573750629
HOS_319,Hospital,Dr. R. N. Shetty's Nursing Home,19.0606917,72.8362497,Heat,100.0,60.36,High,0,0.4744092593494922
HOS_32,Hospital,Sanjawalas Maternity and Gynacologist,19.0963781,72.8563994,Flood,100.0,61.68,High,0,0.4550081584234751
HOS_32,Hospital,Sanjawalas Maternity and Gynacologist,19.0963781,72.8563994,Geomagnetic,100.0,57.63,High,0,0.4621336333428709
HOS_32,Hospital,Sanjawalas Maternity and Gynacologist,19.0963781,72.8563994,Heat,100.0,60.36,High,0,0.4550081584234751
HOS_320,Hospital,Dr.Mira Raisinghaney Maternity and Surgical Nursing,19.0606917,72.8362497,Flood,100.0,61.68,High,0,0.4744092593494922
HOS_320,Hospital,Dr.Mira Raisinghaney Maternity and Surgical Nursing,19.0606917,72.8362497,Geomagnetic,100.0,57.63,High,0,0.4767591573750629
HOS_320,Hospital,Dr.Mira Raisinghaney Maternity and Surgical Nursing,19.0606917,72.8362497,Heat,100.0,60.36,High,0,0.4744092593494922
HOS_321,Hospital,Empire Centre,19.0606917,72.8362497,Flood,100.0,61.68,High,0,0.4744092593494922
HOS_321,Hospital,Empire Centre,19.0606917,72.8362497,Geomagnetic,100.0,57.63,High,0,0.4767591573750629
HOS_321,Hospital,Empire Centre,19.0606917,72.8362497,Heat,100.0,60.36,High,0,0.4744092593494922
HOS_322,Hospital,Holy Family Hospital,19.0799499,72.8367149,Flood,100.0,61.68,High,0,0.4688425852394461
HOS_322,Hospital,Holy Family Hospital,19.0799499,72.8367149,Geomagnetic,100.0,57.63,High,0,0.4746018836221671
HOS_322,Hospital,Holy Family Hospital,19.0799499,72.8367149,Heat,100.0,60.36,High,0,0.4688425852394461
HOS_323,Hospital,Kiddie Ville Clinic,19.0606917,72.8362497,Flood,100.0,61.68,High,0,0.4744092593494922
HOS_323,Hospital,Kiddie Ville Clinic,19.0606917,72.8362497,Geomagnetic,100.0,57.63,High,0,0.4767591573750629
HOS_323,Hospital,Kiddie Ville Clinic,19.0606917,72.8362497,Heat,100.0,60.36,High,0,0.4744092593494922
HOS_324,Hospital,Lilavati Hospital And Research Centre,19.0606917,72.8362497,Flood,100.0,61.68,High,0,0.4744092593494922
HOS_324,Hospital,Lilavati Hospital And Research Centre,19.0606917,72.8362497,Geomagnetic,100.0,57.63,High,0,0.4767591573750629
HOS_324,Hospital,Lilavati Hospital And Research Centre,19.0606917,72.8362497,Heat,100.0,60.36,High,0,0.4744092593494922
HOS_325,Hospital,Mahatma Gandhi Seva Mandir,19.057173,72.8393225,Flood,100.0,61.68,High,0,0.4737677152049552
HOS_325,Hospital,Mahatma Gandhi Seva Mandir,19.057173,72.8393225,Geomagnetic,100.0,57.63,High,0,0.4757408466511501
HOS_325,Hospital,Mahatma Gandhi Seva Mandir,19.057173,72.8393225,Heat,100.0,60.36,High,0,0.4737677152049552
HOS_326,Hospital,Mumbai Cancer Clinic,19.0606917,72.8362497,Flood,100.0,61.68,High,0,0.4744092593494922
HOS_326,Hospital,Mumbai Cancer Clinic,19.0606917,72.8362497,Geomagnetic,100.0,57.63,High,0,0.4767591573750629
HOS_326,Hospital,Mumbai Cancer Clinic,19.0606917,72.8362497,Heat,100.0,60.36,High,0,0.4744092593494922
HOS_327,Hospital,Neisa Laser Centre,19.0606917,72.8362497,Flood,100.0,61.68,High,0,0.4744092593494922
HOS_327,Hospital,Neisa Laser Centre,19.0606917,72.8362497,Geomagnetic,100.0,57.63,High,0,0.4767591573750629
HOS_327,Hospital,Neisa Laser Centre,19.0606917,72.8362497,Heat,100.0,60.36,High,0,0.4744092593494922
HOS_328,Hospital,Nm Medical Center,19.0606917,72.8362497,Flood,100.0,61.68,High,0,0.4744092593494922
HOS_328,Hospital,Nm Medical Center,19.0606917,72.8362497,Geomagnetic,100.0,57.63,High,0,0.4767591573750629
HOS_328,Hospital,Nm Medical Center,19.0606917,72.8362497,Heat,100.0,60.36,High,0,0.4744092593494922
HOS_329,Hospital,Ojas Laser Eye Surgery Centre,19.0606917,72.8362497,Flood,100.0,61.68,High,0,0.4744092593494922
HOS_329,Hospital,Ojas Laser Eye Surgery Centre,19.0606917,72.8362497,Geomagnetic,100.0,57.63,High,0,0.4767591573750629
HOS_329,Hospital,Ojas Laser Eye Surgery Centre,19.0606917,72.8362497,Heat,100.0,60.36,High,0,0.4744092593494922
HOS_33,Hospital,Sanket Hospital,,,Flood,100.0,61.68,High,0,0.5244058818855553
HOS_33,Hospital,Sanket Hospital,,,Geomagnetic,100.0,57.63,High,1,0.540477420964363
HOS_33,Hospital,Sanket Hospital,,,Heat,100.0,60.36,High,0,0.5244058818855553
HOS_330,Hospital,Parekh Eye Hospital,19.0606917,72.8362497,Flood,100.0,61.68,High,0,0.4744092593494922
HOS_330,Hospital,Parekh Eye Hospital,19.0606917,72.8362497,Geomagnetic,100.0,57.63,High,0,0.4767591573750629
HOS_330,Hospital,Parekh Eye Hospital,19.0606917,72.8362497,Heat,100.0,60.36,High,0,0.4744092593494922
HOS_331,Hospital,Revival Polyclinic,19.0606917,72.8362497,Flood,100.0,61.68,High,0,0.4744092593494922
HOS_331,Hospital,Revival Polyclinic,19.0606917,72.8362497,Geomagnetic,100.0,57.63,High,0,0.4767591573750629
HOS_331,Hospital,Revival Polyclinic,19.0606917,72.8362497,Heat,100.0,60.36,High,0,0.4744092593494922
HOS_332,Hospital,Satya Shiva Medicals Pvt. Ltd.,19.0674662,72.828512,Flood,100.0,61.68,High,0,0.4889171765720244
HOS_332,Hospital,Satya Shiva Medicals Pvt. Ltd.,19.0674662,72.828512,Geomagnetic,100.0,57.63,High,0,0.4902030676412755
HOS_332,Hospital,Satya Shiva Medicals Pvt. Ltd.,19.0674662,72.828512,Heat,100.0,60.36,High,0,0.4889171765720244
HOS_333,Hospital,Shroff Eye Hospital,19.0607435,72.8369031,Flood,100.0,61.68,High,0,0.473399585918545
HOS_333,Hospital,Shroff Eye Hospital,19.0607435,72.8369031,Geomagnetic,100.0,57.63,High,0,0.4767389552887897
HOS_333,Hospital,Shroff Eye Hospital,19.0607435,72.8369031,Heat,100.0,60.36,High,0,0.473399585918545
HOS_334,Hospital,Shruti Nursing Home,19.0606917,72.8362497,Flood,100.0,61.68,High,0,0.4744092593494922
HOS_334,Hospital,Shruti Nursing Home,19.0606917,72.8362497,Geomagnetic,100.0,57.63,High,0,0.4767591573750629
HOS_334,Hospital,Shruti Nursing Home,19.0606917,72.8362497,Heat,100.0,60.36,High,0,0.4744092593494922
HOS_335,Hospital,Sushama Patkar Maternity ( and Surgical) Home - Bandra,19.0536244,72.8245123,Flood,100.0,61.68,High,0,0.5000175601700738
HOS_335,Hospital,Sushama Patkar Maternity ( and Surgical) Home - Bandra,19.0536244,72.8245123,Geomagnetic,100.0,57.63,High,0,0.5000175601700738
HOS_335,Hospital,Sushama Patkar Maternity ( and Surgical) Home - Bandra,19.0536244,72.8245123,Heat,100.0,60.36,High,0,0.5000175601700738
HOS_336,Hospital,The Cosmetic Surgery Institute,19.0593278,72.8351498,Flood,100.0,61.68,High,0,0.4770429061289878
HOS_336,Hospital,The Cosmetic Surgery Institute,19.0593278,72.8351498,Geomagnetic,100.0,57.63,High,0,0.478780009839683
HOS_336,Hospital,The Cosmetic Surgery Institute,19.0593278,72.8351498,Heat,100.0,60.36,High,0,0.4770429061289878
HOS_337,Hospital,Vision 2000 Laser Surgery Centre,19.0525804,72.8242037,Flood,100.0,61.68,High,0,0.5002166605275785
HOS_337,Hospital,Vision 2000 Laser Surgery Centre,19.0525804,72.8242037,Geomagnetic,100.0,57.63,High,0,0.5002166605275785
HOS_337,Hospital,Vision 2000 Laser Surgery Centre,19.0525804,72.8242037,Heat,100.0,60.36,High,0,0.5002166605275785
HOS_338,Hospital,West Lake Speciality Clinic,19.0563119,72.8386593,Flood,100.0,61.68,High,0,0.4736608790018501
HOS_338,Hospital,West Lake Speciality Clinic,19.0563119,72.8386593,Geomagnetic,100.0,57.63,High,0,0.4754505310169096
HOS_338,Hospital,West Lake Speciality Clinic,19.0563119,72.8386593,Heat,100.0,60.36,High,0,0.4736608790018501
HOS_339,Hospital,Fortis Hospitals Limited,19.1605587,72.9469214,Flood,100.0,67.29,High,1,0.5450603137061207
HOS_339,Hospital,Fortis Hospitals Limited,19.1605587,72.9469214,Geomagnetic,100.0,62.86,High,1,0.5457076617306317
HOS_339,Hospital,Fortis Hospitals Limited,19.1605587,72.9469214,Heat,100.0,65.85,High,1,0.5450603137061207
HOS_34,Hospital,Shree Arihant Eye Care Centre,19.2550851,72.8571396,Flood,100.0,61.68,High,1,0.5515332386231738
HOS_34,Hospital,Shree Arihant Eye Care Centre,19.2550851,72.8571396,Geomagnetic,100.0,57.63,High,1,0.5550203099636112
HOS_34,Hospital,Shree Arihant Eye Care Centre,19.2550851,72.8571396,Heat,100.0,60.36,High,1,0.5515332386231738
HOS_340,Hospital,Laxmi Surgical Clinic,19.060533,72.8493479,Flood,100.0,61.68,High,0,0.4709533581997726
HOS_340,Hospital,Laxmi Surgical Clinic,19.060533,72.8493479,Geomagnetic,100.0,57.63,High,0,0.4750463073556055
HOS_340,Hospital,Laxmi Surgical Clinic,19.060533,72.8493479,Heat,100.0,60.36,High,0,0.4709533581997726
HOS_341,Hospital,Nandini Eye Care Centre,19.0608089,72.8454864,Flood,100.0,61.68,High,0,0.4704179495046394
HOS_341,Hospital,Nandini Eye Care Centre,19.0608089,72.8454864,Geomagnetic,100.0,57.63,High,0,0.4743181373188225
HOS_341,Hospital,Nandini Eye Care Centre,19.0608089,72.8454864,Heat,100.0,60.36,High,0,0.4704179495046394
HOS_342,Hospital,Palvi Maternity and Mother Care Centre - Bandra Mumbai,19.0574076,72.8447654,Flood,100.0,61.68,High,0,0.4738541186962656
HOS_342,Hospital,Palvi Maternity and Mother Care Centre - Bandra Mumbai,19.0574076,72.8447654,Geomagnetic,100.0,57.63,High,0,0.476592012441089
HOS_342,Hospital,Palvi Maternity and Mother Care Centre - Bandra Mumbai,19.0574076,72.8447654,Heat,100.0,60.36,High,0,0.4738541186962656
HOS_343,Hospital,Shakuntal- Chitra Nursing Home,,,Flood,100.0,61.68,High,0,0.5244058818855553
HOS_343,Hospital,Shakuntal- Chitra Nursing Home,,,Geomagnetic,100.0,57.63,High,1,0.540477420964363
HOS_343,Hospital,Shakuntal- Chitra Nursing Home,,,Heat,100.0,60.36,High,0,0.5244058818855553
HOS_344,Hospital,Tejas Eye Clinic,19.0585316,72.8478554,Flood,100.0,61.68,High,0,0.4736694774150278
HOS_344,Hospital,Tejas Eye Clinic,19.0585316,72.8478554,Geomagnetic,100.0,57.63,High,0,0.476804041268375
HOS_344,Hospital,Tejas Eye Clinic,19.0585316,72.8478554,Heat,100.0,60.36,High,0,0.4736694774150278
HOS_345,Hospital,Tushar Maternity and Surgical Nursing Home,19.1551485,72.8678551,Flood,100.0,61.68,High,0,0.483490502461703
HOS_345,Hospital,Tushar Maternity and Surgical Nursing Home,19.1551485,72.8678551,Geomagnetic,100.0,57.63,High,0,0.4934945397720785
HOS_345,Hospital,Tushar Maternity and Surgical Nursing Home,19.1551485,72.8678551,Heat,100.0,60.36,High,0,0.483490502461703
HOS_346,Hospital,Bombay Endoscopy Academy and Centre For Minimally In,,,Flood,100.0,61.68,High,0,0.5244058818855553
HOS_346,Hospital,Bombay Endoscopy Academy and Centre For Minimally In,,,Geomagnetic,100.0,57.63,High,1,0.540477420964363
HOS_346,Hospital,Bombay Endoscopy Academy and Centre For Minimally In,,,Heat,100.0,60.36,High,0,0.5244058818855553
HOS_347,Hospital,Chrysalizz,19.0716903,72.8341267,Flood,100.0,61.68,High,0,0.4762858399010189
HOS_347,Hospital,Chrysalizz,19.0716903,72.8341267,Geomagnetic,100.0,57.63,High,0,0.480202724723939
HOS_347,Hospital,Chrysalizz,19.0716903,72.8341267,Heat,100.0,60.36,High,0,0.4762858399010189
HOS_348,Hospital,Dr Gupte Lying-In Surgical Hospital,,,Flood,100.0,61.68,High,0,0.5244058818855553
HOS_348,Hospital,Dr Gupte Lying-In Surgical Hospital,,,Geomagnetic,100.0,57.63,High,1,0.540477420964363
HOS_348,Hospital,Dr Gupte Lying-In Surgical Hospital,,,Heat,100.0,60.36,High,0,0.5244058818855553
HOS_349,Hospital,G.M.Medical Centre - Khar,19.0703631,72.8369507,Flood,100.0,61.68,High,0,0.4730372488021468
HOS_349,Hospital,G.M.Medical Centre - Khar,19.0703631,72.8369507,Geomagnetic,100.0,57.63,High,0,0.4779685896841372
HOS_349,Hospital,G.M.Medical Centre - Khar,19.0703631,72.8369507,Heat,100.0,60.36,High,0,0.4730372488021468
HOS_35,Hospital,Shreeji Hospital,19.0834108,72.9022333,Flood,100.0,66.72,High,0,0.4858429779514264
HOS_35,Hospital,Shreeji Hospital,19.0834108,72.9022333,Geomagnetic,100.0,62.34,High,0,0.4905463847845365
HOS_35,Hospital,Shreeji Hospital,19.0834108,72.9022333,Heat,100.0,65.3,High,0,0.4858429779514264
HOS_350,Hospital,Gopi Nursing Home,19.0716903,72.8341267,Flood,100.0,61.68,High,0,0.4762858399010189
HOS_350,Hospital,Gopi Nursing Home,19.0716903,72.8341267,Geomagnetic,100.0,57.63,High,0,0.480202724723939
HOS_350,Hospital,Gopi Nursing Home,19.0716903,72.8341267,Heat,100.0,60.36,High,0,0.4762858399010189
HOS_351,Hospital,Hinduja Healthcare,,,Flood,100.0,61.68,High,0,0.5244058818855553
HOS_351,Hospital,Hinduja Healthcare,,,Geomagnetic,100.0,57.63,High,1,0.540477420964363
HOS_351,Hospital,Hinduja Healthcare,,,Heat,100.0,60.36,High,0,0.5244058818855553
HOS_352,Hospital,I Sight Eyecare And Surgery,19.0176169,72.8561288,Flood,100.0,61.68,High,0,0.4912492209612948
HOS_352,Hospital,I Sight Eyecare And Surgery,19.0176169,72.8561288,Geomagnetic,100.0,57.63,High,0,0.4947715355782826
HOS_352,Hospital,I Sight Eyecare And Surgery,19.0176169,72.8561288,Heat,100.0,60.36,High,0,0.4912492209612948
HOS_353,Hospital,Khar Clinico-Pathological Laboratory,19.074515,72.834424,Flood,100.0,61.68,High,0,0.4732996930286852
HOS_353,Hospital,Khar Clinico-Pathological Laboratory,19.074515,72.834424,Geomagnetic,100.0,57.63,High,0,0.4772088222048768
HOS_353,Hospital,Khar Clinico-Pathological Laboratory,19.074515,72.834424,Heat,100.0,60.36,High,0,0.4732996930286852
HOS_354,Hospital,Kumar Clinic,19.0716903,72.8341267,Flood,100.0,61.68,High,0,0.4762858399010189
HOS_354,Hospital,Kumar Clinic,19.0716903,72.8341267,Geomagnetic,100.0,57.63,High,0,0.480202724723939
HOS_354,Hospital,Kumar Clinic,19.0716903,72.8341267,Heat,100.0,60.36,High,0,0.4762858399010189
HOS_355,Hospital,Mahavir Medical Research Center,19.0741473,72.8325682,Flood,100.0,61.68,High,0,0.4736778143038696
HOS_355,Hospital,Mahavir Medical Research Center,19.0741473,72.8325682,Geomagnetic,100.0,57.63,High,0,0.4781649805053132
HOS_355,Hospital,Mahavir Medical Research Center,19.0741473,72.8325682,Heat,100.0,60.36,High,0,0.4736778143038696
HOS_356,Hospital,Morwani Nursing Home,,,Flood,100.0,61.68,High,0,0.5244058818855553
HOS_356,Hospital,Morwani Nursing Home,,,Geomagnetic,100.0,57.63,High,1,0.540477420964363
HOS_356,Hospital,Morwani Nursing Home,,,Heat,100.0,60.36,High,0,0.5244058818855553
HOS_358,Hospital,Ramakrishna Mission Hospital,19.0715992,72.8348232,Flood,100.0,61.68,High,0,0.4743296574338738
HOS_358,Hospital,Ramakrishna Mission Hospital,19.0715992,72.8348232,Geomagnetic,100.0,57.63,High,0,0.4782304549815183
HOS_358,Hospital,Ramakrishna Mission Hospital,19.0715992,72.8348232,Heat,100.0,60.36,High,0,0.4743296574338738
HOS_359,Hospital,Rg Stone Urology and Laproscopy Hospital - Mumbai,,,Flood,100.0,61.68,High,0,0.5244058818855553
HOS_359,Hospital,Rg Stone Urology and Laproscopy Hospital - Mumbai,,,Geomagnetic,100.0,57.63,High,1,0.540477420964363
HOS_359,Hospital,Rg Stone Urology and Laproscopy Hospital - Mumbai,,,Heat,100.0,60.36,High,0,0.5244058818855553
HOS_360,Hospital,Tulip Womens Healthcare Centre - Khar (W),19.0689055,72.8320899,Flood,100.0,61.68,High,0,0.4781346045581234
HOS_360,Hospital,Tulip Womens Healthcare Centre - Khar (W),19.0689055,72.8320899,Geomagnetic,100.0,57.63,High,0,0.4821629471245056
HOS_360,Hospital,Tulip Womens Healthcare Centre - Khar (W),19.0689055,72.8320899,Heat,100.0,60.36,High,0,0.4781346045581234
HOS_361,Hospital,Vardan Nursing Home Pvt.Ltd.,19.1551485,72.8678551,Flood,100.0,61.68,High,0,0.483490502461703
HOS_361,Hospital,Vardan Nursing Home Pvt.Ltd.,19.1551485,72.8678551,Geomagnetic,100.0,57.63,High,0,0.4934945397720785
HOS_361,Hospital,Vardan Nursing Home Pvt.Ltd.,19.1551485,72.8678551,Heat,100.0,60.36,High,0,0.483490502461703
HOS_362,Hospital,Aashna Nursing Home,,,Flood,100.0,61.68,High,0,0.5244058818855553
HOS_362,Hospital,Aashna Nursing Home,,,Geomagnetic,100.0,57.63,High,1,0.540477420964363
HOS_362,Hospital,Aashna Nursing Home,,,Heat,100.0,60.36,High,0,0.5244058818855553
HOS_363,Hospital,Akanksha Maternity and Surgical Hospital,,,Flood,100.0,61.68,High,0,0.5244058818855553
HOS_363,Hospital,Akanksha Maternity and Surgical Hospital,,,Geomagnetic,100.0,57.63,High,1,0.540477420964363
HOS_363,Hospital,Akanksha Maternity and Surgical Hospital,,,Heat,100.0,60.36,High,0,0.5244058818855553
HOS_364,Hospital,Ameya Maternity and Nursing Home,19.1363246,72.82766,Flood,100.0,61.68,High,0,0.493128409492963
HOS_364,Hospital,Ameya Maternity and Nursing Home,19.1363246,72.82766,Geomagnetic,100.0,57.63,High,0,0.4978323945370091
HOS_364,Hospital,Ameya Maternity and Nursing Home,19.1363246,72.82766,Heat,100.0,60.36,High,0,0.493128409492963
HOS_365,Hospital,Ashwini Clinic,19.1198548,72.8464601,Flood,100.0,61.68,High,0,0.4689136358447667
HOS_365,Hospital,Ashwini Clinic,19.1198548,72.8464601,Geomagnetic,100.0,57.63,High,0,0.474183731327029
HOS_365,Hospital,Ashwini Clinic,19.1198548,72.8464601,Heat,100.0,60.36,High,0,0.4689136358447667
HOS_366,Hospital,Bellevue Multispeciality Hospital,19.1363246,72.82766,Flood,100.0,61.68,High,0,0.493128409492963
HOS_366,Hospital,Bellevue Multispeciality Hospital,19.1363246,72.82766,Geomagnetic,100.0,57.63,High,0,0.4978323945370091
HOS_366,Hospital,Bellevue Multispeciality Hospital,19.1363246,72.82766,Heat,100.0,60.36,High,0,0.493128409492963
HOS_367,Hospital,"Benzer Nursing Home, Andheri",19.1363246,72.82766,Flood,100.0,61.68,High,0,0.493128409492963
HOS_367,Hospital,"Benzer Nursing Home, Andheri",19.1363246,72.82766,Geomagnetic,100.0,57.63,High,0,0.4978323945370091
HOS_367,Hospital,"Benzer Nursing Home, Andheri",19.1363246,72.82766,Heat,100.0,60.36,High,0,0.493128409492963
HOS_368,Hospital,Clear Vision Eye Care,,,Flood,100.0,61.68,High,0,0.5244058818855553
HOS_368,Hospital,Clear Vision Eye Care,,,Geomagnetic,100.0,57.63,High,1,0.540477420964363
HOS_368,Hospital,Clear Vision Eye Care,,,Heat,100.0,60.36,High,0,0.5244058818855553
HOS_369,Hospital,Divyajyoti Eye Clinic,,,Flood,100.0,61.68,High,0,0.5244058818855553
HOS_369,Hospital,Divyajyoti Eye Clinic,,,Geomagnetic,100.0,57.63,High,1,0.540477420964363
HOS_369,Hospital,Divyajyoti Eye Clinic,,,Heat,100.0,60.36,High,0,0.5244058818855553
HOS_37,Hospital,Surbhi Dental Clinic(Dr.Samata Dhuppad),19.0176169,72.8561288,Flood,100.0,61.68,High,0,0.4912492209612948
HOS_37,Hospital,Surbhi Dental Clinic(Dr.Samata Dhuppad),19.0176169,72.8561288,Geomagnetic,100.0,57.63,High,0,0.4947715355782826
HOS_37,Hospital,Surbhi Dental Clinic(Dr.Samata Dhuppad),19.0176169,72.8561288,Heat,100.0,60.36,High,0,0.4912492209612948
HOS_370,Hospital,Dr Parekhs Deafness Clinic and Ent Hospital,19.1198548,72.8464601,Flood,100.0,61.68,High,0,0.4689136358447667
HOS_370,Hospital,Dr Parekhs Deafness Clinic and Ent Hospital,19.1198548,72.8464601,Geomagnetic,100.0,57.63,High,0,0.474183731327029
HOS_370,Hospital,Dr Parekhs Deafness Clinic and Ent Hospital,19.1198548,72.8464601,Heat,100.0,60.36,High,0,0.4689136358447667
HOS_371,Hospital,Dr. Indus New Born And Child Care Centre,19.1363246,72.82766,Flood,100.0,61.68,High,0,0.493128409492963
HOS_371,Hospital,Dr. Indus New Born And Child Care Centre,19.1363246,72.82766,Geomagnetic,100.0,57.63,High,0,0.4978323945370091
HOS_371,Hospital,Dr. Indus New Born And Child Care Centre,19.1363246,72.82766,Heat,100.0,60.36,High,0,0.493128409492963
HOS_372,Hospital,Dr. Jk Shah's Eye Clinic and Laser Centre,19.1363246,72.82766,Flood,100.0,61.68,High,0,0.493128409492963
HOS_372,Hospital,Dr. Jk Shah's Eye Clinic and Laser Centre,19.1363246,72.82766,Geomagnetic,100.0,57.63,High,0,0.4978323945370091
HOS_372,Hospital,Dr. Jk Shah's Eye Clinic and Laser Centre,19.1363246,72.82766,Heat,100.0,60.36,High,0,0.493128409492963
HOS_373,Hospital,Dr. Joshi Surgical and Maternity Hospital,19.1198548,72.8464601,Flood,100.0,61.68,High,0,0.4689136358447667
HOS_373,Hospital,Dr. Joshi Surgical and Maternity Hospital,19.1198548,72.8464601,Geomagnetic,100.0,57.63,High,0,0.474183731327029
HOS_373,Hospital,Dr. Joshi Surgical and Maternity Hospital,19.1198548,72.8464601,Heat,100.0,60.36,High,0,0.4689136358447667
HOS_374,Hospital,Dr. Khosla`S Dental Centre,19.1437436,72.8251145,Flood,100.0,61.68,High,0,0.5032081645147163
HOS_374,Hospital,Dr. Khosla`S Dental Centre,19.1437436,72.8251145,Geomagnetic,100.0,57.63,High,0,0.5076231172078733
HOS_374,Hospital,Dr. Khosla`S Dental Centre,19.1437436,72.8251145,Heat,100.0,60.36,High,0,0.5032081645147163
HOS_375,Hospital,Dr. M.I.Doongerwala - Andheri,19.1363246,72.82766,Flood,100.0,61.68,High,0,0.493128409492963
HOS_375,Hospital,Dr. M.I.Doongerwala - Andheri,19.1363246,72.82766,Geomagnetic,100.0,57.63,High,0,0.4978323945370091
HOS_375,Hospital,Dr. M.I.Doongerwala - Andheri,19.1363246,72.82766,Heat,100.0,60.36,High,0,0.493128409492963
HOS_376,Hospital,Dr. Pareeks Deafness Clinic and Ent Hospital - Andheri,19.1363246,72.82766,Flood,100.0,61.68,High,0,0.493128409492963
HOS_376,Hospital,Dr. Pareeks Deafness Clinic and Ent Hospital - Andheri,19.1363246,72.82766,Geomagnetic,100.0,57.63,High,0,0.4978323945370091
HOS_376,Hospital,Dr. Pareeks Deafness Clinic and Ent Hospital - Andheri,19.1363246,72.82766,Heat,100.0,60.36,High,0,0.493128409492963
HOS_377,Hospital,Eva Medicare Center - Andheri,19.1732556,72.8363508,Flood,100.0,61.68,High,0,0.5017668866708521
HOS_377,Hospital,Eva Medicare Center - Andheri,19.1732556,72.8363508,Geomagnetic,100.0,57.63,High,0,0.5082846839582045
HOS_377,Hospital,Eva Medicare Center - Andheri,19.1732556,72.8363508,Heat,100.0,60.36,High,0,0.5017668866708521
HOS_378,Hospital,Gandhi Nursing Home,19.1435906,72.8246291,Flood,100.0,61.68,High,0,0.5039405267685566
HOS_378,Hospital,Gandhi Nursing Home,19.1435906,72.8246291,Geomagnetic,100.0,57.63,High,0,0.5081088898530577
HOS_378,Hospital,Gandhi Nursing Home,19.1435906,72.8246291,Heat,100.0,60.36,High,0,0.5039405267685566
HOS_379,Hospital,Indu Child Care Center,,,Flood,100.0,61.68,High,0,0.5244058818855553
HOS_379,Hospital,Indu Child Care Center,,,Geomagnetic,100.0,57.63,High,1,0.540477420964363
HOS_379,Hospital,Indu Child Care Center,,,Heat,100.0,60.36,High,0,0.5244058818855553
HOS_38,Hospital,Uday Pathak Hospital,19.0759837,72.8776559,Flood,100.0,61.68,High,0,0.4615533918676057
HOS_38,Hospital,Uday Pathak Hospital,19.0759837,72.8776559,Geomagnetic,100.0,57.63,High,0,0.4678510503457073
HOS_38,Hospital,Uday Pathak Hospital,19.0759837,72.8776559,Heat,100.0,60.36,High,0,0.4615533918676057
HOS_380,Hospital,Kokilaben Dhirubhai Ambani Hospital,19.1344172,72.8256366,Flood,100.0,61.68,High,0,0.4966677958398877
HOS_380,Hospital,Kokilaben Dhirubhai Ambani Hospital,19.1344172,72.8256366,Geomagnetic,100.0,57.63,High,0,0.5008546405608654
HOS_380,Hospital,Kokilaben Dhirubhai Ambani Hospital,19.1344172,72.8256366,Heat,100.0,60.36,High,0,0.4966677958398877
HOS_381,Hospital,Kulkarni Nursing Home and Polyclinic,19.1396177,72.8317178,Flood,100.0,61.68,High,0,0.4859822767862767
HOS_381,Hospital,Kulkarni Nursing Home and Polyclinic,19.1396177,72.8317178,Geomagnetic,100.0,57.63,High,0,0.4918156993077984
HOS_381,Hospital,Kulkarni Nursing Home and Polyclinic,19.1396177,72.8317178,Heat,100.0,60.36,High,0,0.4859822767862767
HOS_382,Hospital,Life Care Medical Centre,19.1373646,72.8253553,Flood,100.0,61.68,High,0,0.4987137612800647
HOS_382,Hospital,Life Care Medical Centre,19.1373646,72.8253553,Geomagnetic,100.0,57.63,High,0,0.5029178532227754
HOS_382,Hospital,Life Care Medical Centre,19.1373646,72.8253553,Heat,100.0,60.36,High,0,0.4987137612800647
HOS_383,Hospital,Manak Healthcare Hospital,,,Flood,100.0,61.68,High,0,0.5244058818855553
HOS_383,Hospital,Manak Healthcare Hospital,,,Geomagnetic,100.0,57.63,High,1,0.540477420964363
HOS_383,Hospital,Manak Healthcare Hospital,,,Heat,100.0,60.36,High,0,0.5244058818855553
HOS_384,Hospital,Parijat Surgical and General Hospital,19.1363246,72.82766,Flood,100.0,61.68,High,0,0.493128409492963
HOS_384,Hospital,Parijat Surgical and General Hospital,19.1363246,72.82766,Geomagnetic,100.0,57.63,High,0,0.4978323945370091
HOS_384,Hospital,Parijat Surgical and General Hospital,19.1363246,72.82766,Heat,100.0,60.36,High,0,0.493128409492963
HOS_385,Hospital,Pushpa Maternity Home,19.1455917,72.8229639,Flood,100.0,61.68,High,0,0.5085553785761783
HOS_385,Hospital,Pushpa Maternity Home,19.1455917,72.8229639,Geomagnetic,100.0,57.63,High,0,0.5117632659215843
HOS_385,Hospital,Pushpa Maternity Home,19.1455917,72.8229639,Heat,100.0,60.36,High,0,0.5085553785761783
HOS_386,Hospital,Reges Bone And Joint Care Centre,19.1438721,72.8243536,Flood,100.0,61.68,High,0,0.5057681810463367
HOS_386,Hospital,Reges Bone And Joint Care Centre,19.1438721,72.8243536,Geomagnetic,100.0,57.63,High,0,0.5099516616421671
HOS_386,Hospital,Reges Bone And Joint Care Centre,19.1438721,72.8243536,Heat,100.0,60.36,High,0,0.5057681810463367
HOS_387,Hospital,Sanghvi Hospital (Andheri),19.1455917,72.8229639,Flood,100.0,61.68,High,0,0.5085553785761783
HOS_387,Hospital,Sanghvi Hospital (Andheri),19.1455917,72.8229639,Geomagnetic,100.0,57.63,High,0,0.5117632659215843
HOS_387,Hospital,Sanghvi Hospital (Andheri),19.1455917,72.8229639,Heat,100.0,60.36,High,0,0.5085553785761783
HOS_388,Hospital,Sengal Patan Lab,19.1289346,72.8248789,Flood,100.0,61.68,High,0,0.4958117844183908
HOS_388,Hospital,Sengal Patan Lab,19.1289346,72.8248789,Geomagnetic,100.0,57.63,High,0,0.4990189281968892
HOS_388,Hospital,Sengal Patan Lab,19.1289346,72.8248789,Heat,100.0,60.36,High,0,0.4958117844183908
HOS_389,Hospital,Shreeji Hospital,19.1969579,72.8733648,Flood,100.0,66.72,High,0,0.5099381483382008
HOS_389,Hospital,Shreeji Hospital,19.1969579,72.8733648,Geomagnetic,100.0,62.34,High,0,0.5131001125178473
HOS_389,Hospital,Shreeji Hospital,19.1969579,72.8733648,Heat,100.0,65.3,High,0,0.5099381483382008
HOS_390,Hospital,Siddhartha Municipal General Hospital,19.1629338,72.839241,Flood,100.0,61.68,High,0,0.4915634446777562
HOS_390,Hospital,Siddhartha Municipal General Hospital,19.1629338,72.839241,Geomagnetic,100.0,57.63,High,0,0.4997701544422219
HOS_390,Hospital,Siddhartha Municipal General Hospital,19.1629338,72.839241,Heat,100.0,60.36,High,0,0.4915634446777562
HOS_391,Hospital,Siddhivinayak Surgical Centre,19.1363246,72.82766,Flood,100.0,61.68,High,0,0.493128409492963
HOS_391,Hospital,Siddhivinayak Surgical Centre,19.1363246,72.82766,Geomagnetic,100.0,57.63,High,0,0.4978323945370091
HOS_391,Hospital,Siddhivinayak Surgical Centre,19.1363246,72.82766,Heat,100.0,60.36,High,0,0.493128409492963
HOS_392,Hospital,Suman Eye Clinic And Surgery Centre,19.1445491,72.8254052,Flood,100.0,61.68,High,0,0.5041805706058738
HOS_392,Hospital,Suman Eye Clinic And Surgery Centre,19.1445491,72.8254052,Geomagnetic,100.0,57.63,High,0,0.5082100049676823
HOS_392,Hospital,Suman Eye Clinic And Surgery Centre,19.1445491,72.8254052,Heat,100.0,60.36,High,0,0.5041805706058738
HOS_393,Hospital,Super Religare Laboratories Ltd,19.1363246,72.82766,Flood,100.0,61.68,High,0,0.493128409492963
HOS_393,Hospital,Super Religare Laboratories Ltd,19.1363246,72.82766,Geomagnetic,100.0,57.63,High,0,0.4978323945370091
HOS_393,Hospital,Super Religare Laboratories Ltd,19.1363246,72.82766,Heat,100.0,60.36,High,0,0.493128409492963
HOS_394,Hospital,Surgicare Medical Centre - Mumbai,19.1363034,72.827096,Flood,100.0,61.68,High,0,0.4939762978692547
HOS_394,Hospital,Surgicare Medical Centre - Mumbai,19.1363034,72.827096,Geomagnetic,100.0,57.63,High,0,0.4991028639572132
HOS_394,Hospital,Surgicare Medical Centre - Mumbai,19.1363034,72.827096,Heat,100.0,60.36,High,0,0.4939762978692547
HOS_395,Hospital,Vijay Opticians,19.1285131,72.8247942,Flood,100.0,61.68,High,0,0.4953355431516156
HOS_395,Hospital,Vijay Opticians,19.1285131,72.8247942,Geomagnetic,100.0,57.63,High,0,0.4978055520859195
HOS_395,Hospital,Vijay Opticians,19.1285131,72.8247942,Heat,100.0,60.36,High,0,0.4953355431516156
HOS_396,Hospital,Vital Care Centre,19.1363246,72.82766,Flood,100.0,61.68,High,0,0.493128409492963
HOS_396,Hospital,Vital Care Centre,19.1363246,72.82766,Geomagnetic,100.0,57.63,High,0,0.4978323945370091
HOS_396,Hospital,Vital Care Centre,19.1363246,72.82766,Heat,100.0,60.36,High,0,0.493128409492963
HOS_397,Hospital,Yash Neel Maternity Home,19.1198548,72.8464601,Flood,100.0,61.68,High,0,0.4689136358447667
HOS_397,Hospital,Yash Neel Maternity Home,19.1198548,72.8464601,Geomagnetic,100.0,57.63,High,0,0.474183731327029
HOS_397,Hospital,Yash Neel Maternity Home,19.1198548,72.8464601,Heat,100.0,60.36,High,0,0.4689136358447667
HOS_398,Hospital,Aseem Orthopaedic Hospital,19.0893623,72.837722,Flood,100.0,61.68,High,0,0.4622646844598587
HOS_398,Hospital,Aseem Orthopaedic Hospital,19.0893623,72.837722,Geomagnetic,100.0,57.63,High,0,0.4690477398137345
HOS_398,Hospital,Aseem Orthopaedic Hospital,19.0893623,72.837722,Heat,100.0,60.36,High,0,0.4622646844598587
HOS_399,Hospital,Asha Orthopedic Hospital,,,Flood,100.0,61.68,High,0,0.5244058818855553
HOS_399,Hospital,Asha Orthopedic Hospital,,,Geomagnetic,100.0,57.63,High,1,0.540477420964363
HOS_399,Hospital,Asha Orthopedic Hospital,,,Heat,100.0,60.36,High,0,0.5244058818855553
HOS_4,Hospital,Bhoir Hospital,,,Flood,100.0,61.68,High,0,0.5244058818855553
HOS_4,Hospital,Bhoir Hospital,,,Geomagnetic,100.0,57.63,High,1,0.540477420964363
HOS_4,Hospital,Bhoir Hospital,,,Heat,100.0,60.36,High,0,0.5244058818855553
HOS_400,Hospital,Bcj Hospital And Asha Parekh Research Centre,19.0820719,72.8404132,Flood,100.0,61.68,High,0,0.4635091869858814
HOS_400,Hospital,Bcj Hospital And Asha Parekh Research Centre,19.0820719,72.8404132,Geomagnetic,100.0,57.63,High,0,0.4700926500078389
HOS_400,Hospital,Bcj Hospital And Asha Parekh Research Centre,19.0820719,72.8404132,Heat,100.0,60.36,High,0,0.4635091869858814
HOS_401,Hospital,Bhargava Nursing Home,19.0811858,72.8361408,Flood,100.0,61.68,High,0,0.4693471685294523
HOS_401,Hospital,Bhargava Nursing Home,19.0811858,72.8361408,Geomagnetic,100.0,57.63,High,0,0.4748994226125026
HOS_401,Hospital,Bhargava Nursing Home,19.0811858,72.8361408,Heat,100.0,60.36,High,0,0.4693471685294523
HOS_402,Hospital,Clilical Pathology and Bacteriology Clinic,19.0825013,72.8387327,Flood,100.0,61.68,High,0,0.4641219275719186
HOS_402,Hospital,Clilical Pathology and Bacteriology Clinic,19.0825013,72.8387327,Geomagnetic,100.0,57.63,High,0,0.4704758592260776
HOS_402,Hospital,Clilical Pathology and Bacteriology Clinic,19.0825013,72.8387327,Heat,100.0,60.36,High,0,0.4641219275719186
HOS_403,Hospital,Dr. Kamdars Nursing Home,,,Flood,100.0,61.68,High,0,0.5244058818855553
HOS_403,Hospital,Dr. Kamdars Nursing Home,,,Geomagnetic,100.0,57.63,High,1,0.540477420964363
HOS_403,Hospital,Dr. Kamdars Nursing Home,,,Heat,100.0,60.36,High,0,0.5244058818855553
HOS_404,Hospital,Fantasy Clinic,19.1363246,72.82766,Flood,100.0,61.68,High,0,0.493128409492963
HOS_404,Hospital,Fantasy Clinic,19.1363246,72.82766,Geomagnetic,100.0,57.63,High,0,0.4978323945370091
HOS_404,Hospital,Fantasy Clinic,19.1363246,72.82766,Heat,100.0,60.36,High,0,0.493128409492963
HOS_405,Hospital,Gandhi Nursing Home,19.0815087,72.8376755,Flood,100.0,61.68,High,0,0.4651914226145969
HOS_405,Hospital,Gandhi Nursing Home,19.0815087,72.8376755,Geomagnetic,100.0,57.63,High,0,0.4714939095692662
HOS_405,Hospital,Gandhi Nursing Home,19.0815087,72.8376755,Heat,100.0,60.36,High,0,0.4651914226145969
HOS_406,Hospital,Kenias Eye Hospital,19.0895032,72.8385658,Flood,100.0,61.68,High,0,0.4611435412286243
HOS_406,Hospital,Kenias Eye Hospital,19.0895032,72.8385658,Geomagnetic,100.0,57.63,High,0,0.4675663695140883
HOS_406,Hospital,Kenias Eye Hospital,19.0895032,72.8385658,Heat,100.0,60.36,High,0,0.4611435412286243
HOS_407,Hospital,Life Line Hospital and Diagnostics Pvt Ltd,19.0815087,72.8376755,Flood,100.0,61.68,High,0,0.4651914226145969
HOS_407,Hospital,Life Line Hospital and Diagnostics Pvt Ltd,19.0815087,72.8376755,Geomagnetic,100.0,57.63,High,0,0.4714939095692662
HOS_407,Hospital,Life Line Hospital and Diagnostics Pvt Ltd,19.0815087,72.8376755,Heat,100.0,60.36,High,0,0.4651914226145969
HOS_408,Hospital,Malhaar Maternity And General Nuring Home,,,Flood,100.0,61.68,High,0,0.5244058818855553
HOS_408,Hospital,Malhaar Maternity And General Nuring Home,,,Geomagnetic,100.0,57.63,High,1,0.540477420964363
HOS_408,Hospital,Malhaar Maternity And General Nuring Home,,,Heat,100.0,60.36,High,0,0.5244058818855553
HOS_409,Hospital,Malpani Eye Hospital And Laser Centre,19.0815087,72.8376755,Flood,100.0,61.68,High,0,0.4651914226145969
HOS_409,Hospital,Malpani Eye Hospital And Laser Centre,19.0815087,72.8376755,Geomagnetic,100.0,57.63,High,0,0.4714939095692662
HOS_409,Hospital,Malpani Eye Hospital And Laser Centre,19.0815087,72.8376755,Heat,100.0,60.36,High,0,0.4651914226145969
HOS_41,Hospital,Shroff Eye Clinic,18.9435836,72.8228706,Flood,100.0,61.68,High,1,0.5812911349773208
HOS_41,Hospital,Shroff Eye Clinic,18.9435836,72.8228706,Geomagnetic,100.0,57.63,High,1,0.5812911349773208
HOS_41,Hospital,Shroff Eye Clinic,18.9435836,72.8228706,Heat,100.0,60.36,High,1,0.5812911349773208
HOS_410,Hospital,Maniar Clinic,19.088112,72.835058,Flood,100.0,61.68,High,0,0.466970174390801
HOS_410,Hospital,Maniar Clinic,19.088112,72.835058,Geomagnetic,100.0,57.63,High,0,0.4728888404357182
HOS_410,Hospital,Maniar Clinic,19.088112,72.835058,Heat,100.0,60.36,High,0,0.466970174390801
HOS_411,Hospital,Mumbai Retina Centre,19.0815087,72.8376755,Flood,100.0,61.68,High,0,0.4651914226145969
HOS_411,Hospital,Mumbai Retina Centre,19.0815087,72.8376755,Geomagnetic,100.0,57.63,High,0,0.4714939095692662
HOS_411,Hospital,Mumbai Retina Centre,19.0815087,72.8376755,Heat,100.0,60.36,High,0,0.4651914226145969
HOS_412,Hospital,Nagvekar Eye Clinic,,,Flood,100.0,61.68,High,0,0.5244058818855553
HOS_412,Hospital,Nagvekar Eye Clinic,,,Geomagnetic,100.0,57.63,High,1,0.540477420964363
HOS_412,Hospital,Nagvekar Eye Clinic,,,Heat,100.0,60.36,High,0,0.5244058818855553
HOS_413,Hospital,Netrapuja Research Centre,19.072631,72.838478,Flood,100.0,61.68,High,0,0.4678272186201188
HOS_413,Hospital,Netrapuja Research Centre,19.072631,72.838478,Geomagnetic,100.0,57.63,High,0,0.4736512164606941
HOS_413,Hospital,Netrapuja Research Centre,19.072631,72.838478,Heat,100.0,60.36,High,0,0.4678272186201188
HOS_414,Hospital,P.H Medical Centre,,,Flood,100.0,61.68,High,0,0.5244058818855553
HOS_414,Hospital,P.H Medical Centre,,,Geomagnetic,100.0,57.63,High,1,0.540477420964363
HOS_414,Hospital,P.H Medical Centre,,,Heat,100.0,60.36,High,0,0.5244058818855553
HOS_415,Hospital,Radiance Laser Vision Centre,19.0815087,72.8376755,Flood,100.0,61.68,High,0,0.4651914226145969
HOS_415,Hospital,Radiance Laser Vision Centre,19.0815087,72.8376755,Geomagnetic,100.0,57.63,High,0,0.4714939095692662
HOS_415,Hospital,Radiance Laser Vision Centre,19.0815087,72.8376755,Heat,100.0,60.36,High,0,0.4651914226145969
HOS_416,Hospital,Saifee Polyclinic and Diagnostic Cent,,,Flood,100.0,61.68,High,0,0.5244058818855553
HOS_416,Hospital,Saifee Polyclinic and Diagnostic Cent,,,Geomagnetic,100.0,57.63,High,1,0.540477420964363
HOS_416,Hospital,Saifee Polyclinic and Diagnostic Cent,,,Heat,100.0,60.36,High,0,0.5244058818855553
HOS_417,Hospital,Samvedan Health Care Clinic,19.0815087,72.8376755,Flood,100.0,61.68,High,0,0.4651914226145969
HOS_417,Hospital,Samvedan Health Care Clinic,19.0815087,72.8376755,Geomagnetic,100.0,57.63,High,0,0.4714939095692662
HOS_417,Hospital,Samvedan Health Care Clinic,19.0815087,72.8376755,Heat,100.0,60.36,High,0,0.4651914226145969
HOS_418,Hospital,Sarla Hospital and Icu,19.085559,72.8364953,Flood,100.0,61.68,High,0,0.4668146902178519
HOS_418,Hospital,Sarla Hospital and Icu,19.085559,72.8364953,Geomagnetic,100.0,57.63,High,0,0.4728807731841027
HOS_418,Hospital,Sarla Hospital and Icu,19.085559,72.8364953,Heat,100.0,60.36,High,0,0.4668146902178519
HOS_419,Hospital,Sarvodaya Eye Hospital,19.081131,72.839053,Flood,100.0,61.68,High,0,0.464610076370809
HOS_419,Hospital,Sarvodaya Eye Hospital,19.081131,72.839053,Geomagnetic,100.0,57.63,High,0,0.4708541217108699
HOS_419,Hospital,Sarvodaya Eye Hospital,19.081131,72.839053,Heat,100.0,60.36,High,0,0.464610076370809
HOS_42,Hospital,Smt. Kamladevi Gauridutt Mittal Ayurvedic Hosp,19.1055042,72.8500559,Flood,100.0,61.68,High,0,0.460682509536152
HOS_42,Hospital,Smt. Kamladevi Gauridutt Mittal Ayurvedic Hosp,19.1055042,72.8500559,Geomagnetic,100.0,57.63,High,0,0.4677862188511993
HOS_42,Hospital,Smt. Kamladevi Gauridutt Mittal Ayurvedic Hosp,19.1055042,72.8500559,Heat,100.0,60.36,High,0,0.460682509536152
HOS_420,Hospital,Smruti Nursing Home,19.0819373,72.8382266,Flood,100.0,61.68,High,0,0.4648244471448834
HOS_420,Hospital,Smruti Nursing Home,19.0819373,72.8382266,Geomagnetic,100.0,57.63,High,0,0.4714939095692662
HOS_420,Hospital,Smruti Nursing Home,19.0819373,72.8382266,Heat,100.0,60.36,High,0,0.4648244471448834
HOS_421,Hospital,Surya Childrens Hospital,,,Flood,100.0,61.68,High,0,0.5244058818855553
HOS_421,Hospital,Surya Childrens Hospital,,,Geomagnetic,100.0,57.63,High,1,0.540477420964363
HOS_421,Hospital,Surya Childrens Hospital,,,Heat,100.0,60.36,High,0,0.5244058818855553
HOS_422,Hospital,The Ark Clinic,19.0815087,72.8376755,Flood,100.0,61.68,High,0,0.4651914226145969
HOS_422,Hospital,The Ark Clinic,19.0815087,72.8376755,Geomagnetic,100.0,57.63,High,0,0.4714939095692662
HOS_422,Hospital,The Ark Clinic,19.0815087,72.8376755,Heat,100.0,60.36,High,0,0.4651914226145969
HOS_423,Hospital,Zen Eye Center,,,Flood,100.0,61.68,High,0,0.5244058818855553
HOS_423,Hospital,Zen Eye Center,,,Geomagnetic,100.0,57.63,High,1,0.540477420964363
HOS_423,Hospital,Zen Eye Center,,,Heat,100.0,60.36,High,0,0.5244058818855553
HOS_424,Hospital,Aastha Surgical Clinic,,,Flood,100.0,61.68,High,0,0.5244058818855553
HOS_424,Hospital,Aastha Surgical Clinic,,,Geomagnetic,100.0,57.63,High,1,0.540477420964363
HOS_424,Hospital,Aastha Surgical Clinic,,,Heat,100.0,60.36,High,0,0.5244058818855553
HOS_425,Hospital,Dattatreya Nursing Home,19.0825366,72.8502317,Flood,100.0,61.68,High,0,0.4596270077226511
HOS_425,Hospital,Dattatreya Nursing Home,19.0825366,72.8502317,Geomagnetic,100.0,57.63,High,0,0.4677322327798964
HOS_425,Hospital,Dattatreya Nursing Home,19.0825366,72.8502317,Heat,100.0,60.36,High,0,0.4596270077226511
HOS_426,Hospital,Dr. Raut`S Maternity and Surgical Nursing Home,19.1515624,72.9435765,Flood,100.0,67.29,High,0,0.5323597889533136
HOS_426,Hospital,Dr. Raut`S Maternity and Surgical Nursing Home,19.1515624,72.9435765,Geomagnetic,100.0,62.86,High,1,0.5353602582249561
HOS_426,Hospital,Dr. Raut`S Maternity and Surgical Nursing Home,19.1515624,72.9435765,Heat,100.0,65.85,High,0,0.5323597889533136
HOS_427,Hospital,Dr. Sheth Surgical Clinic andGeneral Nursing Home- Santacruz-Mumbai,19.079497,72.8465064,Flood,100.0,61.68,High,0,0.4639948031241164
HOS_427,Hospital,Dr. Sheth Surgical Clinic andGeneral Nursing Home- Santacruz-Mumbai,19.079497,72.8465064,Geomagnetic,100.0,57.63,High,0,0.4708735023706714
HOS_427,Hospital,Dr. Sheth Surgical Clinic andGeneral Nursing Home- Santacruz-Mumbai,19.079497,72.8465064,Heat,100.0,60.36,High,0,0.4639948031241164
HOS_428,Hospital,Nandan Maternity and Surgical Home,19.0797967,72.8427287,Flood,100.0,61.68,High,0,0.4637189217095734
HOS_428,Hospital,Nandan Maternity and Surgical Home,19.0797967,72.8427287,Geomagnetic,100.0,57.63,High,0,0.4705474016624929
HOS_428,Hospital,Nandan Maternity and Surgical Home,19.0797967,72.8427287,Heat,100.0,60.36,High,0,0.4637189217095734
HOS_429,Hospital,Prerana Nursing Home,,,Flood,100.0,61.68,High,0,0.5244058818855553
HOS_429,Hospital,Prerana Nursing Home,,,Geomagnetic,100.0,57.63,High,1,0.540477420964363
HOS_429,Hospital,Prerana Nursing Home,,,Heat,100.0,60.36,High,0,0.5244058818855553
HOS_43,Hospital,Dholkawalla Maternity Home,18.952263,72.8340598,Flood,100.0,61.68,High,1,0.5575603581512321
HOS_43,Hospital,Dholkawalla Maternity Home,18.952263,72.8340598,Geomagnetic,100.0,57.63,High,1,0.5575603581512321
HOS_43,Hospital,Dholkawalla Maternity Home,18.952263,72.8340598,Heat,100.0,60.36,High,1,0.5575603581512321
HOS_430,Hospital,R. K. Hospital,,,Flood,100.0,61.68,High,0,0.5244058818855553
HOS_430,Hospital,R. K. Hospital,,,Geomagnetic,100.0,57.63,High,1,0.540477420964363
HOS_430,Hospital,R. K. Hospital,,,Heat,100.0,60.36,High,0,0.5244058818855553
HOS_431,Hospital,Siddhi Nursing Home,19.0801652,72.8494657,Flood,100.0,61.68,High,0,0.4633968185198063
HOS_431,Hospital,Siddhi Nursing Home,19.0801652,72.8494657,Geomagnetic,100.0,57.63,High,0,0.4704321096744754
HOS_431,Hospital,Siddhi Nursing Home,19.0801652,72.8494657,Heat,100.0,60.36,High,0,0.4633968185198063
HOS_432,Hospital,Sona Medical Center,19.0759837,72.8776559,Flood,100.0,61.68,High,0,0.4615533918676057
HOS_432,Hospital,Sona Medical Center,19.0759837,72.8776559,Geomagnetic,100.0,57.63,High,0,0.4678510503457073
HOS_432,Hospital,Sona Medical Center,19.0759837,72.8776559,Heat,100.0,60.36,High,0,0.4615533918676057
HOS_433,Hospital,Upadhyaya Nursing Home,19.07937,72.8562596,Flood,100.0,61.68,High,0,0.4559926015231541
HOS_433,Hospital,Upadhyaya Nursing Home,19.07937,72.8562596,Geomagnetic,100.0,57.63,High,0,0.4650624278960748
HOS_433,Hospital,Upadhyaya Nursing Home,19.07937,72.8562596,Heat,100.0,60.36,High,0,0.4559926015231541
HOS_434,Hospital,Vakola Nursing Home and Polyclinic,19.0177749,72.8582527,Flood,100.0,61.68,High,0,0.4905323160646843
HOS_434,Hospital,Vakola Nursing Home and Polyclinic,19.0177749,72.8582527,Geomagnetic,100.0,57.63,High,0,0.4925675597645955
HOS_434,Hospital,Vakola Nursing Home and Polyclinic,19.0177749,72.8582527,Heat,100.0,60.36,High,0,0.4905323160646843
HOS_435,Hospital,Dr Balabhai Nanavati Hospital,19.1013427,72.8394774,Flood,100.0,61.68,High,0,0.4609530823619812
HOS_435,Hospital,Dr Balabhai Nanavati Hospital,19.1013427,72.8394774,Geomagnetic,100.0,57.63,High,0,0.4676643952962557
HOS_435,Hospital,Dr Balabhai Nanavati Hospital,19.1013427,72.8394774,Heat,100.0,60.36,High,0,0.4609530823619812
HOS_436,Hospital,Dr Jagdish Shahs Clinic,19.0982759,72.848784,Flood,100.0,61.68,High,0,0.4607795194297799
HOS_436,Hospital,Dr Jagdish Shahs Clinic,19.0982759,72.848784,Geomagnetic,100.0,57.63,High,0,0.4669133233108983
HOS_436,Hospital,Dr Jagdish Shahs Clinic,19.0982759,72.848784,Heat,100.0,60.36,High,0,0.4607795194297799
HOS_437,Hospital,Dr Shah Hospital and Acupuncture Research Center,19.1405116,72.8421555,Flood,100.0,61.68,High,0,0.4781632118879006
HOS_437,Hospital,Dr Shah Hospital and Acupuncture Research Center,19.1405116,72.8421555,Geomagnetic,100.0,57.63,High,0,0.4840776377596958
HOS_437,Hospital,Dr Shah Hospital and Acupuncture Research Center,19.1405116,72.8421555,Heat,100.0,60.36,High,0,0.4781632118879006
HOS_438,Hospital,Dr. Kusums Kapadia Clinic,,,Flood,100.0,61.68,High,0,0.5244058818855553
HOS_438,Hospital,Dr. Kusums Kapadia Clinic,,,Geomagnetic,100.0,57.63,High,1,0.540477420964363
HOS_438,Hospital,Dr. Kusums Kapadia Clinic,,,Heat,100.0,60.36,High,0,0.5244058818855553
HOS_439,Hospital,Dr. Sadiwalas Clinic and Nursing Home,19.106652,72.8402931,Flood,100.0,61.68,High,0,0.4620397304548126
HOS_439,Hospital,Dr. Sadiwalas Clinic and Nursing Home,19.106652,72.8402931,Geomagnetic,100.0,57.63,High,0,0.4690050850249564
HOS_439,Hospital,Dr. Sadiwalas Clinic and Nursing Home,19.106652,72.8402931,Heat,100.0,60.36,High,0,0.4620397304548126
HOS_44,Hospital,The Hussonally Abdulally Dholkawalla Wakf Charity Trust,18.952263,72.8340598,Flood,100.0,61.68,High,1,0.5575603581512321
HOS_44,Hospital,The Hussonally Abdulally Dholkawalla Wakf Charity Trust,18.952263,72.8340598,Geomagnetic,100.0,57.63,High,1,0.5575603581512321
HOS_44,Hospital,The Hussonally Abdulally Dholkawalla Wakf Charity Trust,18.952263,72.8340598,Heat,100.0,60.36,High,1,0.5575603581512321
HOS_440,Hospital,Dr. Sanjay Soni,19.1145832,72.8358707,Flood,100.0,61.68,High,0,0.4706374536776986
HOS_440,Hospital,Dr. Sanjay Soni,19.1145832,72.8358707,Geomagnetic,100.0,57.63,High,0,0.4760759295842407
HOS_440,Hospital,Dr. Sanjay Soni,19.1145832,72.8358707,Heat,100.0,60.36,High,0,0.4706374536776986
HOS_441,Hospital,Eclat Polyclinic,19.0759837,72.8776559,Flood,100.0,61.68,High,0,0.4615533918676057
HOS_441,Hospital,Eclat Polyclinic,19.0759837,72.8776559,Geomagnetic,100.0,57.63,High,0,0.4678510503457073
HOS_441,Hospital,Eclat Polyclinic,19.0759837,72.8776559,Heat,100.0,60.36,High,0,0.4615533918676057
HOS_442,Hospital,Eyeris Medical Center Pvt. Ltd.,19.1012769,72.8425406,Flood,100.0,61.68,High,0,0.4610910414231474
HOS_442,Hospital,Eyeris Medical Center Pvt. Ltd.,19.1012769,72.8425406,Geomagnetic,100.0,57.63,High,0,0.468254296837865
HOS_442,Hospital,Eyeris Medical Center Pvt. Ltd.,19.1012769,72.8425406,Heat,100.0,60.36,High,0,0.4610910414231474
HOS_443,Hospital,Iris Eye Center,19.1102949,72.8409693,Flood,100.0,61.68,High,0,0.4632643163784594
HOS_443,Hospital,Iris Eye Center,19.1102949,72.8409693,Geomagnetic,100.0,57.63,High,0,0.4703925857906436
HOS_443,Hospital,Iris Eye Center,19.1102949,72.8409693,Heat,100.0,60.36,High,0,0.4632643163784594
HOS_444,Hospital,Irla Nursing Home and Polyclinic,19.1102949,72.8409693,Flood,100.0,61.68,High,0,0.4632643163784594
HOS_444,Hospital,Irla Nursing Home and Polyclinic,19.1102949,72.8409693,Geomagnetic,100.0,57.63,High,0,0.4703925857906436
HOS_444,Hospital,Irla Nursing Home and Polyclinic,19.1102949,72.8409693,Heat,100.0,60.36,High,0,0.4632643163784594
HOS_445,Hospital,Khandwala Eye Hospital and Polyclinic,,,Flood,100.0,61.68,High,0,0.5244058818855553
HOS_445,Hospital,Khandwala Eye Hospital and Polyclinic,,,Geomagnetic,100.0,57.63,High,1,0.540477420964363
HOS_445,Hospital,Khandwala Eye Hospital and Polyclinic,,,Heat,100.0,60.36,High,0,0.5244058818855553
HOS_446,Hospital,"Life Care Iccu , Medical and Surgical Emergencies",19.1083063,72.8382876,Flood,100.0,61.68,High,0,0.4632196919447288
HOS_446,Hospital,"Life Care Iccu , Medical and Surgical Emergencies",19.1083063,72.8382876,Geomagnetic,100.0,57.63,High,0,0.470003394929917
HOS_446,Hospital,"Life Care Iccu , Medical and Surgical Emergencies",19.1083063,72.8382876,Heat,100.0,60.36,High,0,0.4632196919447288
HOS_447,Hospital,Mahaveer Health Care Centre,19.098692,72.840026,Flood,100.0,61.68,High,0,0.4609875246583357
HOS_447,Hospital,Mahaveer Health Care Centre,19.098692,72.840026,Geomagnetic,100.0,57.63,High,0,0.4675833256541437
HOS_447,Hospital,Mahaveer Health Care Centre,19.098692,72.840026,Heat,100.0,60.36,High,0,0.4609875246583357
HOS_448,Hospital,Navkar Eye Care Center,19.1102949,72.8409693,Flood,100.0,61.68,High,0,0.4632643163784594
HOS_448,Hospital,Navkar Eye Care Center,19.1102949,72.8409693,Geomagnetic,100.0,57.63,High,0,0.4703925857906436
HOS_448,Hospital,Navkar Eye Care Center,19.1102949,72.8409693,Heat,100.0,60.36,High,0,0.4632643163784594
HOS_449,Hospital,Shruti Clinic - Vile Parle,19.1102949,72.8409693,Flood,100.0,61.68,High,0,0.4632643163784594
HOS_449,Hospital,Shruti Clinic - Vile Parle,19.1102949,72.8409693,Geomagnetic,100.0,57.63,High,0,0.4703925857906436
HOS_449,Hospital,Shruti Clinic - Vile Parle,19.1102949,72.8409693,Heat,100.0,60.36,High,0,0.4632643163784594
HOS_45,Hospital,Advanced Cardiovascular Specialists Pvt Ltd,,,Flood,100.0,61.68,High,0,0.5244058818855553
HOS_45,Hospital,Advanced Cardiovascular Specialists Pvt Ltd,,,Geomagnetic,100.0,57.63,High,1,0.540477420964363
HOS_45,Hospital,Advanced Cardiovascular Specialists Pvt Ltd,,,Heat,100.0,60.36,High,0,0.5244058818855553
HOS_450,Hospital,Sunflower Nursing Home,,,Flood,100.0,61.68,High,0,0.5244058818855553
HOS_450,Hospital,Sunflower Nursing Home,,,Geomagnetic,100.0,57.63,High,1,0.540477420964363
HOS_450,Hospital,Sunflower Nursing Home,,,Heat,100.0,60.36,High,0,0.5244058818855553
HOS_451,Hospital,The Mediheights Shreeji Hospital and Research Center,19.1083063,72.8382876,Flood,100.0,61.68,High,0,0.4632196919447288
HOS_451,Hospital,The Mediheights Shreeji Hospital and Research Center,19.1083063,72.8382876,Geomagnetic,100.0,57.63,High,0,0.470003394929917
HOS_451,Hospital,The Mediheights Shreeji Hospital and Research Center,19.1083063,72.8382876,Heat,100.0,60.36,High,0,0.4632196919447288
HOS_452,Hospital,Voras Clinical Laboratory,19.1030524,72.8466914,Flood,100.0,61.68,High,0,0.4626434430254705
HOS_452,Hospital,Voras Clinical Laboratory,19.1030524,72.8466914,Geomagnetic,100.0,57.63,High,0,0.4694663835864666
HOS_452,Hospital,Voras Clinical Laboratory,19.1030524,72.8466914,Heat,100.0,60.36,High,0,0.4626434430254705
HOS_453,Hospital,"Aggarwal Eye Hospital , Vile Parle",19.1100258,72.8495392,Flood,100.0,61.68,High,0,0.4644027651990683
HOS_453,Hospital,"Aggarwal Eye Hospital , Vile Parle",19.1100258,72.8495392,Geomagnetic,100.0,57.63,High,0,0.4711422338974179
HOS_453,Hospital,"Aggarwal Eye Hospital , Vile Parle",19.1100258,72.8495392,Heat,100.0,60.36,High,0,0.4644027651990683
HOS_454,Hospital,Ashish Maternity and Nursing Home - Vile Parle (E),19.0963781,72.8563994,Flood,100.0,61.68,High,0,0.4550081584234751
HOS_454,Hospital,Ashish Maternity and Nursing Home - Vile Parle (E),19.0963781,72.8563994,Geomagnetic,100.0,57.63,High,0,0.4621336333428709
HOS_454,Hospital,Ashish Maternity and Nursing Home - Vile Parle (E),19.0963781,72.8563994,Heat,100.0,60.36,High,0,0.4550081584234751
HOS_455,Hospital,Dr. Kirits Nursing Home-Vile Parle,19.0963781,72.8563994,Flood,100.0,61.68,High,0,0.4550081584234751
HOS_455,Hospital,Dr. Kirits Nursing Home-Vile Parle,19.0963781,72.8563994,Geomagnetic,100.0,57.63,High,0,0.4621336333428709
HOS_455,Hospital,Dr. Kirits Nursing Home-Vile Parle,19.0963781,72.8563994,Heat,100.0,60.36,High,0,0.4550081584234751
HOS_456,Hospital,Dr. Umesh Nisar Dental Clinic,,,Flood,100.0,61.68,High,0,0.5244058818855553
HOS_456,Hospital,Dr. Umesh Nisar Dental Clinic,,,Geomagnetic,100.0,57.63,High,1,0.540477420964363
HOS_456,Hospital,Dr. Umesh Nisar Dental Clinic,,,Heat,100.0,60.36,High,0,0.5244058818855553
HOS_457,Hospital,Dr.Satish G.Desai,,,Flood,100.0,61.68,High,0,0.5244058818855553
HOS_457,Hospital,Dr.Satish G.Desai,,,Geomagnetic,100.0,57.63,High,1,0.540477420964363
HOS_457,Hospital,Dr.Satish G.Desai,,,Heat,100.0,60.36,High,0,0.5244058818855553
HOS_458,Hospital,Dr.Tushar Shah,19.1043491,72.8464095,Flood,100.0,61.68,High,0,0.462224974276117
HOS_458,Hospital,Dr.Tushar Shah,19.1043491,72.8464095,Geomagnetic,100.0,57.63,High,0,0.4691475377106447
HOS_458,Hospital,Dr.Tushar Shah,19.1043491,72.8464095,Heat,100.0,60.36,High,0,0.462224974276117
HOS_459,Hospital,Kirit Nursing Home,19.0963781,72.8563994,Flood,100.0,61.68,High,0,0.4550081584234751
HOS_459,Hospital,Kirit Nursing Home,19.0963781,72.8563994,Geomagnetic,100.0,57.63,High,0,0.4621336333428709
HOS_459,Hospital,Kirit Nursing Home,19.0963781,72.8563994,Heat,100.0,60.36,High,0,0.4550081584234751
HOS_46,Hospital,Bay View Clinic,19.0759837,72.8776559,Flood,100.0,61.68,High,0,0.4615533918676057
HOS_46,Hospital,Bay View Clinic,19.0759837,72.8776559,Geomagnetic,100.0,57.63,High,0,0.4678510503457073
HOS_46,Hospital,Bay View Clinic,19.0759837,72.8776559,Heat,100.0,60.36,High,0,0.4615533918676057
HOS_460,Hospital,Navjivan Maternity and Surgical Nursing Home,19.0963781,72.8563994,Flood,100.0,61.68,High,0,0.4550081584234751
HOS_460,Hospital,Navjivan Maternity and Surgical Nursing Home,19.0963781,72.8563994,Geomagnetic,100.0,57.63,High,0,0.4621336333428709
HOS_460,Hospital,Navjivan Maternity and Surgical Nursing Home,19.0963781,72.8563994,Heat,100.0,60.36,High,0,0.4550081584234751
HOS_461,Hospital,Nityanand Iccu and Nursing Home,,,Flood,100.0,61.68,High,0,0.5244058818855553
HOS_461,Hospital,Nityanand Iccu and Nursing Home,,,Geomagnetic,100.0,57.63,High,1,0.540477420964363
HOS_461,Hospital,Nityanand Iccu and Nursing Home,,,Heat,100.0,60.36,High,0,0.5244058818855553
HOS_462,Hospital,Parle Eye Hospital,19.1007327,72.8484152,Flood,100.0,61.68,High,0,0.4617054366667573
HOS_462,Hospital,Parle Eye Hospital,19.1007327,72.8484152,Geomagnetic,100.0,57.63,High,0,0.4680517927376629
HOS_462,Hospital,Parle Eye Hospital,19.1007327,72.8484152,Heat,100.0,60.36,High,0,0.4617054366667573
HOS_463,Hospital,Sarafs Diagnostic Center,19.1021198,72.8447758,Flood,100.0,61.68,High,0,0.4619106113286758
HOS_463,Hospital,Sarafs Diagnostic Center,19.1021198,72.8447758,Geomagnetic,100.0,57.63,High,0,0.4689502218086476
HOS_463,Hospital,Sarafs Diagnostic Center,19.1021198,72.8447758,Heat,100.0,60.36,High,0,0.4619106113286758
HOS_464,Hospital,Sarda Clinic,19.0759837,72.8776559,Flood,100.0,61.68,High,0,0.4615533918676057
HOS_464,Hospital,Sarda Clinic,19.0759837,72.8776559,Geomagnetic,100.0,57.63,High,0,0.4678510503457073
HOS_464,Hospital,Sarda Clinic,19.0759837,72.8776559,Heat,100.0,60.36,High,0,0.4615533918676057
HOS_465,Hospital,Saurabh Sanjanwala`S Maternity Gync.and Surgical Nur,19.1084218,72.8485457,Flood,100.0,61.68,High,0,0.4629398461448172
HOS_465,Hospital,Saurabh Sanjanwala`S Maternity Gync.and Surgical Nur,19.1084218,72.8485457,Geomagnetic,100.0,57.63,High,0,0.4689764211728262
HOS_465,Hospital,Saurabh Sanjanwala`S Maternity Gync.and Surgical Nur,19.1084218,72.8485457,Heat,100.0,60.36,High,0,0.4629398461448172
HOS_466,Hospital,Shreeji Associates C/O Dr Ranes Nursing Home,19.095176,72.8499645,Flood,100.0,61.68,High,0,0.459490300758218
HOS_466,Hospital,Shreeji Associates C/O Dr Ranes Nursing Home,19.095176,72.8499645,Geomagnetic,100.0,57.63,High,0,0.4663680402884347
HOS_466,Hospital,Shreeji Associates C/O Dr Ranes Nursing Home,19.095176,72.8499645,Heat,100.0,60.36,High,0,0.459490300758218
HOS_467,Hospital,Smt. Laxmiben Dharamsi Karsan Gala Eye Hospital,19.0963781,72.8563994,Flood,100.0,61.68,High,0,0.4550081584234751
HOS_467,Hospital,Smt. Laxmiben Dharamsi Karsan Gala Eye Hospital,19.0963781,72.8563994,Geomagnetic,100.0,57.63,High,0,0.4621336333428709
HOS_467,Hospital,Smt. Laxmiben Dharamsi Karsan Gala Eye Hospital,19.0963781,72.8563994,Heat,100.0,60.36,High,0,0.4550081584234751
HOS_468,Hospital,Sunder Pathology Laboratory,19.0963781,72.8563994,Flood,100.0,61.68,High,0,0.4550081584234751
HOS_468,Hospital,Sunder Pathology Laboratory,19.0963781,72.8563994,Geomagnetic,100.0,57.63,High,0,0.4621336333428709
HOS_468,Hospital,Sunder Pathology Laboratory,19.0963781,72.8563994,Heat,100.0,60.36,High,0,0.4550081584234751
HOS_469,Hospital,Vasudev Eye Clinic,19.0963781,72.8563994,Flood,100.0,61.68,High,0,0.4550081584234751
HOS_469,Hospital,Vasudev Eye Clinic,19.0963781,72.8563994,Geomagnetic,100.0,57.63,High,0,0.4621336333428709
HOS_469,Hospital,Vasudev Eye Clinic,19.0963781,72.8563994,Heat,100.0,60.36,High,0,0.4550081584234751
HOS_47,Hospital,Beramjis Hospital,,,Flood,100.0,61.68,High,0,0.5244058818855553
HOS_47,Hospital,Beramjis Hospital,,,Geomagnetic,100.0,57.63,High,1,0.540477420964363
HOS_47,Hospital,Beramjis Hospital,,,Heat,100.0,60.36,High,0,0.5244058818855553
HOS_470,Hospital,Vivek Pathology Laboratory,19.1024496,72.8499878,Flood,100.0,61.68,High,0,0.4601142003454574
HOS_470,Hospital,Vivek Pathology Laboratory,19.1024496,72.8499878,Geomagnetic,100.0,57.63,High,0,0.4675507865857623
HOS_470,Hospital,Vivek Pathology Laboratory,19.1024496,72.8499878,Heat,100.0,60.36,High,0,0.4601142003454574
HOS_471,Hospital,Aastha Nursing Home - Andheri,19.1363246,72.82766,Flood,100.0,61.68,High,0,0.493128409492963
HOS_471,Hospital,Aastha Nursing Home - Andheri,19.1363246,72.82766,Geomagnetic,100.0,57.63,High,0,0.4978323945370091
HOS_471,Hospital,Aastha Nursing Home - Andheri,19.1363246,72.82766,Heat,100.0,60.36,High,0,0.493128409492963
HOS_472,Hospital,Bses Mg Hospital (Managed By)Brahma Kumari Global Hospital and Res Center,19.1198548,72.8464601,Flood,100.0,61.68,High,0,0.4689136358447667
HOS_472,Hospital,Bses Mg Hospital (Managed By)Brahma Kumari Global Hospital and Res Center,19.1198548,72.8464601,Geomagnetic,100.0,57.63,High,0,0.474183731327029
HOS_472,Hospital,Bses Mg Hospital (Managed By)Brahma Kumari Global Hospital and Res Center,19.1198548,72.8464601,Heat,100.0,60.36,High,0,0.4689136358447667
HOS_473,Hospital,Doctor Eye Hospital,19.1363246,72.82766,Flood,100.0,61.68,High,0,0.493128409492963
HOS_473,Hospital,Doctor Eye Hospital,19.1363246,72.82766,Geomagnetic,100.0,57.63,High,0,0.4978323945370091
HOS_473,Hospital,Doctor Eye Hospital,19.1363246,72.82766,Heat,100.0,60.36,High,0,0.493128409492963
HOS_474,Hospital,Dr Eye Institute Pvi Ltd,19.1363246,72.82766,Flood,100.0,61.68,High,0,0.493128409492963
HOS_474,Hospital,Dr Eye Institute Pvi Ltd,19.1363246,72.82766,Geomagnetic,100.0,57.63,High,0,0.4978323945370091
HOS_474,Hospital,Dr Eye Institute Pvi Ltd,19.1363246,72.82766,Heat,100.0,60.36,High,0,0.493128409492963
HOS_475,Hospital,Dr Gadams Nursing Home,19.1363246,72.82766,Flood,100.0,61.68,High,0,0.493128409492963
HOS_475,Hospital,Dr Gadams Nursing Home,19.1363246,72.82766,Geomagnetic,100.0,57.63,High,0,0.4978323945370091
HOS_475,Hospital,Dr Gadams Nursing Home,19.1363246,72.82766,Heat,100.0,60.36,High,0,0.493128409492963
HOS_476,Hospital,Dr Parmars Surgical Hospital,19.1166476,72.8427744,Flood,100.0,61.68,High,0,0.4669824165336426
HOS_476,Hospital,Dr Parmars Surgical Hospital,19.1166476,72.8427744,Geomagnetic,100.0,57.63,High,0,0.4728448085589006
HOS_476,Hospital,Dr Parmars Surgical Hospital,19.1166476,72.8427744,Heat,100.0,60.36,High,0,0.4669824165336426
HOS_477,Hospital,Dr. Kirit Ichhashanker Oza - Andheri,19.1363246,72.82766,Flood,100.0,61.68,High,0,0.493128409492963
HOS_477,Hospital,Dr. Kirit Ichhashanker Oza - Andheri,19.1363246,72.82766,Geomagnetic,100.0,57.63,High,0,0.4978323945370091
HOS_477,Hospital,Dr. Kirit Ichhashanker Oza - Andheri,19.1363246,72.82766,Heat,100.0,60.36,High,0,0.493128409492963
HOS_478,Hospital,Dr. Patel Nursing Home,19.1363246,72.82766,Flood,100.0,61.68,High,0,0.493128409492963
HOS_478,Hospital,Dr. Patel Nursing Home,19.1363246,72.82766,Geomagnetic,100.0,57.63,High,0,0.4978323945370091
HOS_478,Hospital,Dr. Patel Nursing Home,19.1363246,72.82766,Heat,100.0,60.36,High,0,0.493128409492963
HOS_479,Hospital,Dr. Vaidya Eye Hospital,,,Flood,100.0,61.68,High,0,0.5244058818855553
HOS_479,Hospital,Dr. Vaidya Eye Hospital,,,Geomagnetic,100.0,57.63,High,1,0.540477420964363
HOS_479,Hospital,Dr. Vaidya Eye Hospital,,,Heat,100.0,60.36,High,0,0.5244058818855553
HOS_48,Hospital,"Brahman Sabha, Mumbai. Mhaskar Gruh And General Nu",18.9575324,72.8190671,Flood,100.0,61.68,High,1,0.569306800765674
HOS_48,Hospital,"Brahman Sabha, Mumbai. Mhaskar Gruh And General Nu",18.9575324,72.8190671,Geomagnetic,100.0,57.63,High,1,0.569306800765674
HOS_48,Hospital,"Brahman Sabha, Mumbai. Mhaskar Gruh And General Nu",18.9575324,72.8190671,Heat,100.0,60.36,High,1,0.569306800765674
HOS_480,Hospital,Eye And Contact Lens Clinic,19.1198548,72.8464601,Flood,100.0,61.68,High,0,0.4689136358447667
HOS_480,Hospital,Eye And Contact Lens Clinic,19.1198548,72.8464601,Geomagnetic,100.0,57.63,High,0,0.474183731327029
HOS_480,Hospital,Eye And Contact Lens Clinic,19.1198548,72.8464601,Heat,100.0,60.36,High,0,0.4689136358447667
HOS_481,Hospital,Kaveri Eye Care Centre,19.1363246,72.82766,Flood,100.0,61.68,High,0,0.493128409492963
HOS_481,Hospital,Kaveri Eye Care Centre,19.1363246,72.82766,Geomagnetic,100.0,57.63,High,0,0.4978323945370091
HOS_481,Hospital,Kaveri Eye Care Centre,19.1363246,72.82766,Heat,100.0,60.36,High,0,0.493128409492963
HOS_482,Hospital,Ladies Clinic and Hospital,,,Flood,100.0,61.68,High,0,0.5244058818855553
HOS_482,Hospital,Ladies Clinic and Hospital,,,Geomagnetic,100.0,57.63,High,1,0.540477420964363
HOS_482,Hospital,Ladies Clinic and Hospital,,,Heat,100.0,60.36,High,0,0.5244058818855553
HOS_483,Hospital,Masrani Clinic For Women and Mimas,19.1152002,72.844139,Flood,100.0,61.68,High,0,0.4660880297092217
HOS_483,Hospital,Masrani Clinic For Women and Mimas,19.1152002,72.844139,Geomagnetic,100.0,57.63,High,0,0.4726918703566382
HOS_483,Hospital,Masrani Clinic For Women and Mimas,19.1152002,72.844139,Heat,100.0,60.36,High,0,0.4660880297092217
HOS_484,Hospital,Mediwavw Clinic,19.1363246,72.82766,Flood,100.0,61.68,High,0,0.493128409492963
HOS_484,Hospital,Mediwavw Clinic,19.1363246,72.82766,Geomagnetic,100.0,57.63,High,0,0.4978323945370091
HOS_484,Hospital,Mediwavw Clinic,19.1363246,72.82766,Heat,100.0,60.36,High,0,0.493128409492963
HOS_485,Hospital,Nivaran Hospital,,,Flood,100.0,61.68,High,0,0.5244058818855553
HOS_485,Hospital,Nivaran Hospital,,,Geomagnetic,100.0,57.63,High,1,0.540477420964363
HOS_485,Hospital,Nivaran Hospital,,,Heat,100.0,60.36,High,0,0.5244058818855553
HOS_486,Hospital,Patil Hospital,19.1363246,72.82766,Flood,100.0,61.68,High,0,0.493128409492963
HOS_486,Hospital,Patil Hospital,19.1363246,72.82766,Geomagnetic,100.0,57.63,High,0,0.4978323945370091
HOS_486,Hospital,Patil Hospital,19.1363246,72.82766,Heat,100.0,60.36,High,0,0.493128409492963
HOS_488,Hospital,Purandare Hospital,19.1295475,72.822229,Flood,100.0,61.68,High,0,0.5015290457194579
HOS_488,Hospital,Purandare Hospital,19.1295475,72.822229,Geomagnetic,100.0,57.63,High,0,0.5038161334008712
HOS_488,Hospital,Purandare Hospital,19.1295475,72.822229,Heat,100.0,60.36,High,0,0.5015290457194579
HOS_489,Hospital,R.G. Scientific Enterprises Ltd,19.1366248,72.8363278,Flood,100.0,61.68,High,0,0.4825669764160352
HOS_489,Hospital,R.G. Scientific Enterprises Ltd,19.1366248,72.8363278,Geomagnetic,100.0,57.63,High,0,0.4887328911304305
HOS_489,Hospital,R.G. Scientific Enterprises Ltd,19.1366248,72.8363278,Heat,100.0,60.36,High,0,0.4825669764160352
HOS_49,Hospital,Chhaya Surgical Home,19.2461644,72.8509056,Flood,100.0,66.72,High,1,0.5489847127123727
HOS_49,Hospital,Chhaya Surgical Home,19.2461644,72.8509056,Geomagnetic,100.0,62.34,High,1,0.5512584161837529
HOS_49,Hospital,Chhaya Surgical Home,19.2461644,72.8509056,Heat,100.0,65.3,High,1,0.5489847127123727
HOS_490,Hospital,Roshni Eye Hospital,19.113645,72.8697339,Flood,100.0,61.68,High,0,0.4645702709918987
HOS_490,Hospital,Roshni Eye Hospital,19.113645,72.8697339,Geomagnetic,100.0,57.63,High,0,0.4702172764251392
HOS_490,Hospital,Roshni Eye Hospital,19.113645,72.8697339,Heat,100.0,60.36,High,0,0.4645702709918987
HOS_491,Hospital,Sainath Polyclinic,19.1363246,72.82766,Flood,100.0,61.68,High,0,0.493128409492963
HOS_491,Hospital,Sainath Polyclinic,19.1363246,72.82766,Geomagnetic,100.0,57.63,High,0,0.4978323945370091
HOS_491,Hospital,Sainath Polyclinic,19.1363246,72.82766,Heat,100.0,60.36,High,0,0.493128409492963
HOS_492,Hospital,Sangeeta Maternity Surgical and Diagnostic Centre,19.113645,72.8697339,Flood,100.0,61.68,High,0,0.4645702709918987
HOS_492,Hospital,Sangeeta Maternity Surgical and Diagnostic Centre,19.113645,72.8697339,Geomagnetic,100.0,57.63,High,0,0.4702172764251392
HOS_492,Hospital,Sangeeta Maternity Surgical and Diagnostic Centre,19.113645,72.8697339,Heat,100.0,60.36,High,0,0.4645702709918987
HOS_493,Hospital,Society Of The Helpers Of Mary Shraddha Vihar Hosp,19.1198548,72.8464601,Flood,100.0,61.68,High,0,0.4689136358447667
HOS_493,Hospital,Society Of The Helpers Of Mary Shraddha Vihar Hosp,19.1198548,72.8464601,Geomagnetic,100.0,57.63,High,0,0.474183731327029
HOS_493,Hospital,Society Of The Helpers Of Mary Shraddha Vihar Hosp,19.1198548,72.8464601,Heat,100.0,60.36,High,0,0.4689136358447667
HOS_494,Hospital,Srl Ranbaxy Ltd,19.1185922,72.872193,Flood,100.0,61.68,High,0,0.4651996409834106
HOS_494,Hospital,Srl Ranbaxy Ltd,19.1185922,72.872193,Geomagnetic,100.0,57.63,High,0,0.4705110709396566
HOS_494,Hospital,Srl Ranbaxy Ltd,19.1185922,72.872193,Heat,100.0,60.36,High,0,0.4651996409834106
HOS_495,Hospital,Sushrut Clinic Orthosurgical Nursing Home,19.0759837,72.8776559,Flood,100.0,61.68,High,0,0.4615533918676057
HOS_495,Hospital,Sushrut Clinic Orthosurgical Nursing Home,19.0759837,72.8776559,Geomagnetic,100.0,57.63,High,0,0.4678510503457073
HOS_495,Hospital,Sushrut Clinic Orthosurgical Nursing Home,19.0759837,72.8776559,Heat,100.0,60.36,High,0,0.4615533918676057
HOS_496,Hospital,Swati Eye Clinic,19.1363246,72.82766,Flood,100.0,61.68,High,0,0.493128409492963
HOS_496,Hospital,Swati Eye Clinic,19.1363246,72.82766,Geomagnetic,100.0,57.63,High,0,0.4978323945370091
HOS_496,Hospital,Swati Eye Clinic,19.1363246,72.82766,Heat,100.0,60.36,High,0,0.493128409492963
HOS_497,Hospital,Unique Hospital And Polyclinic,,,Flood,100.0,61.68,High,0,0.5244058818855553
HOS_497,Hospital,Unique Hospital And Polyclinic,,,Geomagnetic,100.0,57.63,High,1,0.540477420964363
HOS_497,Hospital,Unique Hospital And Polyclinic,,,Heat,100.0,60.36,High,0,0.5244058818855553
HOS_498,Hospital,Vibha Maternity And Surgical Nursing Home,19.1363246,72.82766,Flood,100.0,61.68,High,0,0.493128409492963
HOS_498,Hospital,Vibha Maternity And Surgical Nursing Home,19.1363246,72.82766,Geomagnetic,100.0,57.63,High,0,0.4978323945370091
HOS_498,Hospital,Vibha Maternity And Surgical Nursing Home,19.1363246,72.82766,Heat,100.0,60.36,High,0,0.493128409492963
HOS_499,Hospital,Vishal X-Ray Clinic,19.1363246,72.82766,Flood,100.0,61.68,High,0,0.493128409492963
HOS_499,Hospital,Vishal X-Ray Clinic,19.1363246,72.82766,Geomagnetic,100.0,57.63,High,0,0.4978323945370091
HOS_499,Hospital,Vishal X-Ray Clinic,19.1363246,72.82766,Heat,100.0,60.36,High,0,0.493128409492963
HOS_5,Hospital,Charak Clinic Nursing Home,18.9519338,72.8189832,Flood,100.0,61.68,High,1,0.5731500376196472
HOS_5,Hospital,Charak Clinic Nursing Home,18.9519338,72.8189832,Geomagnetic,100.0,57.63,High,1,0.5731500376196472
HOS_5,Hospital,Charak Clinic Nursing Home,18.9519338,72.8189832,Heat,100.0,60.36,High,1,0.5731500376196472
HOS_50,Hospital,Conwest Jain Clinic Group Of Hospitals,,,Flood,100.0,61.68,High,0,0.5244058818855553
HOS_50,Hospital,Conwest Jain Clinic Group Of Hospitals,,,Geomagnetic,100.0,57.63,High,1,0.540477420964363
HOS_50,Hospital,Conwest Jain Clinic Group Of Hospitals,,,Heat,100.0,60.36,High,0,0.5244058818855553
HOS_500,Hospital,Ameya Surgical and General Nursing Home,19.104219,72.864046,Flood,100.0,61.68,High,0,0.4575815240023395
HOS_500,Hospital,Ameya Surgical and General Nursing Home,19.104219,72.864046,Geomagnetic,100.0,57.63,High,0,0.4660474567785143
HOS_500,Hospital,Ameya Surgical and General Nursing Home,19.104219,72.864046,Heat,100.0,60.36,High,0,0.4575815240023395
HOS_501,Hospital,Chiranjeevi Nursing Home,19.113645,72.8697339,Flood,100.0,61.68,High,0,0.4645702709918987
HOS_501,Hospital,Chiranjeevi Nursing Home,19.113645,72.8697339,Geomagnetic,100.0,57.63,High,0,0.4702172764251392
HOS_501,Hospital,Chiranjeevi Nursing Home,19.113645,72.8697339,Heat,100.0,60.36,High,0,0.4645702709918987
HOS_502,Hospital,Dadhich Nursing Home,19.1081099,72.8677512,Flood,100.0,61.68,High,0,0.4605142017337859
HOS_502,Hospital,Dadhich Nursing Home,19.1081099,72.8677512,Geomagnetic,100.0,57.63,High,0,0.4678334951712631
HOS_502,Hospital,Dadhich Nursing Home,19.1081099,72.8677512,Heat,100.0,60.36,High,0,0.4605142017337859
HOS_503,Hospital,Diamond Hospital,19.1405116,72.8421555,Flood,100.0,61.68,High,0,0.4781632118879006
HOS_503,Hospital,Diamond Hospital,19.1405116,72.8421555,Geomagnetic,100.0,57.63,High,0,0.4840776377596958
HOS_503,Hospital,Diamond Hospital,19.1405116,72.8421555,Heat,100.0,60.36,High,0,0.4781632118879006
HOS_504,Hospital,Dr Desai Eye Clinic and Phacoemulsification Center,,,Flood,100.0,61.68,High,0,0.5244058818855553
HOS_504,Hospital,Dr Desai Eye Clinic and Phacoemulsification Center,,,Geomagnetic,100.0,57.63,High,1,0.540477420964363
HOS_504,Hospital,Dr Desai Eye Clinic and Phacoemulsification Center,,,Heat,100.0,60.36,High,0,0.5244058818855553
HOS_505,Hospital,Dr Goels Maternity and General Hospital,19.1099032,72.8650609,Flood,100.0,61.68,High,0,0.4592930219038412
HOS_505,Hospital,Dr Goels Maternity and General Hospital,19.1099032,72.8650609,Geomagnetic,100.0,57.63,High,0,0.468089715690638
HOS_505,Hospital,Dr Goels Maternity and General Hospital,19.1099032,72.8650609,Heat,100.0,60.36,High,0,0.4592930219038412
HOS_506,Hospital,Dr Punjabis Laboratory,19.1154908,72.8726952,Flood,100.0,61.68,High,0,0.4643529213113688
HOS_506,Hospital,Dr Punjabis Laboratory,19.1154908,72.8726952,Geomagnetic,100.0,57.63,High,0,0.4696226746624177
HOS_506,Hospital,Dr Punjabis Laboratory,19.1154908,72.8726952,Heat,100.0,60.36,High,0,0.4643529213113688
HOS_507,Hospital,Dr.Pintos Pathological Laboratory,19.1213135,72.8797755,Flood,100.0,61.68,High,0,0.4732025097276943
HOS_507,Hospital,Dr.Pintos Pathological Laboratory,19.1213135,72.8797755,Geomagnetic,100.0,57.63,High,0,0.4774498370054263
HOS_507,Hospital,Dr.Pintos Pathological Laboratory,19.1213135,72.8797755,Heat,100.0,60.36,High,0,0.4732025097276943
HOS_508,Hospital,Dr.Sandip Anand,19.1110621,72.8655922,Flood,100.0,61.68,High,0,0.461054282689978
HOS_508,Hospital,Dr.Sandip Anand,19.1110621,72.8655922,Geomagnetic,100.0,57.63,High,0,0.4695764838363344
HOS_508,Hospital,Dr.Sandip Anand,19.1110621,72.8655922,Heat,100.0,60.36,High,0,0.461054282689978
HOS_509,Hospital,Kiran Care and Cure Hospital,19.1110621,72.8655922,Flood,100.0,61.68,High,0,0.461054282689978
HOS_509,Hospital,Kiran Care and Cure Hospital,19.1110621,72.8655922,Geomagnetic,100.0,57.63,High,0,0.4695764838363344
HOS_509,Hospital,Kiran Care and Cure Hospital,19.1110621,72.8655922,Heat,100.0,60.36,High,0,0.461054282689978
HOS_51,Hospital,D S Kothari Hospital,,,Flood,100.0,61.68,High,0,0.5244058818855553
HOS_51,Hospital,D S Kothari Hospital,,,Geomagnetic,100.0,57.63,High,1,0.540477420964363
HOS_51,Hospital,D S Kothari Hospital,,,Heat,100.0,60.36,High,0,0.5244058818855553
HOS_510,Hospital,Mukund Maternity And Surgical Nursing Home,19.1198548,72.8464601,Flood,100.0,61.68,High,0,0.4689136358447667
HOS_510,Hospital,Mukund Maternity And Surgical Nursing Home,19.1198548,72.8464601,Geomagnetic,100.0,57.63,High,0,0.474183731327029
HOS_510,Hospital,Mukund Maternity And Surgical Nursing Home,19.1198548,72.8464601,Heat,100.0,60.36,High,0,0.4689136358447667
HOS_511,Hospital,Nutan Mammography And Sonography Centre,19.113645,72.8697339,Flood,100.0,61.68,High,0,0.4645702709918987
HOS_511,Hospital,Nutan Mammography And Sonography Centre,19.113645,72.8697339,Geomagnetic,100.0,57.63,High,0,0.4702172764251392
HOS_511,Hospital,Nutan Mammography And Sonography Centre,19.113645,72.8697339,Heat,100.0,60.36,High,0,0.4645702709918987
HOS_512,Hospital,Paramount General Hospital and Icu,19.1154908,72.8726952,Flood,100.0,61.68,High,0,0.4643529213113688
HOS_512,Hospital,Paramount General Hospital and Icu,19.1154908,72.8726952,Geomagnetic,100.0,57.63,High,0,0.4696226746624177
HOS_512,Hospital,Paramount General Hospital and Icu,19.1154908,72.8726952,Heat,100.0,60.36,High,0,0.4643529213113688
HOS_513,Hospital,Priyanka Maternity And Surgical Nursing Home,,,Flood,100.0,61.68,High,0,0.5244058818855553
HOS_513,Hospital,Priyanka Maternity And Surgical Nursing Home,,,Geomagnetic,100.0,57.63,High,1,0.540477420964363
HOS_513,Hospital,Priyanka Maternity And Surgical Nursing Home,,,Heat,100.0,60.36,High,0,0.5244058818855553
HOS_514,Hospital,Rachana Maternity Paediatric and Surgical Nursing Ho,19.1110621,72.8655922,Flood,100.0,61.68,High,0,0.461054282689978
HOS_514,Hospital,Rachana Maternity Paediatric and Surgical Nursing Ho,19.1110621,72.8655922,Geomagnetic,100.0,57.63,High,0,0.4695764838363344
HOS_514,Hospital,Rachana Maternity Paediatric and Surgical Nursing Ho,19.1110621,72.8655922,Heat,100.0,60.36,High,0,0.461054282689978
HOS_515,Hospital,Ratika Hospital and Research Center Pvt Ltd,,,Flood,100.0,61.68,High,0,0.5244058818855553
HOS_515,Hospital,Ratika Hospital and Research Center Pvt Ltd,,,Geomagnetic,100.0,57.63,High,1,0.540477420964363
HOS_515,Hospital,Ratika Hospital and Research Center Pvt Ltd,,,Heat,100.0,60.36,High,0,0.5244058818855553
HOS_516,Hospital,Rg Stone Urology And Laparoscopy Hospital,19.1338837,72.8376429,Flood,100.0,61.68,High,0,0.4769220995464503
HOS_516,Hospital,Rg Stone Urology And Laparoscopy Hospital,19.1338837,72.8376429,Geomagnetic,100.0,57.63,High,0,0.4832263532397668
HOS_516,Hospital,Rg Stone Urology And Laparoscopy Hospital,19.1338837,72.8376429,Heat,100.0,60.36,High,0,0.4769220995464503
HOS_517,Hospital,Saish Nursing Home and Icu,19.1188585,72.8802146,Flood,100.0,61.68,High,0,0.4727212614611294
HOS_517,Hospital,Saish Nursing Home and Icu,19.1188585,72.8802146,Geomagnetic,100.0,57.63,High,0,0.4768346325478071
HOS_517,Hospital,Saish Nursing Home and Icu,19.1188585,72.8802146,Heat,100.0,60.36,High,0,0.4727212614611294
HOS_518,Hospital,Sevenhills Healthcare Private Limited,19.1163793,72.8798583,Flood,100.0,61.68,High,0,0.4705828506459269
HOS_518,Hospital,Sevenhills Healthcare Private Limited,19.1163793,72.8798583,Geomagnetic,100.0,57.63,High,0,0.4751182013145775
HOS_518,Hospital,Sevenhills Healthcare Private Limited,19.1163793,72.8798583,Heat,100.0,60.36,High,0,0.4705828506459269
HOS_519,Hospital,Spectacles And Contact Lens Clinic,19.1131214,72.867009,Flood,100.0,61.68,High,0,0.4630744705908468
HOS_519,Hospital,Spectacles And Contact Lens Clinic,19.1131214,72.867009,Geomagnetic,100.0,57.63,High,0,0.4701360780928502
HOS_519,Hospital,Spectacles And Contact Lens Clinic,19.1131214,72.867009,Heat,100.0,60.36,High,0,0.4630744705908468
HOS_52,Hospital,Dr. Rajesh D Mody - V.P.Road,19.0759837,72.8776559,Flood,100.0,61.68,High,0,0.4615533918676057
HOS_52,Hospital,Dr. Rajesh D Mody - V.P.Road,19.0759837,72.8776559,Geomagnetic,100.0,57.63,High,0,0.4678510503457073
HOS_52,Hospital,Dr. Rajesh D Mody - V.P.Road,19.0759837,72.8776559,Heat,100.0,60.36,High,0,0.4615533918676057
HOS_520,Hospital,"Sugun Hospital Multispeciality Diagnostic, Icu",19.1165713,72.8825342,Flood,100.0,61.68,High,0,0.4730145042839541
HOS_520,Hospital,"Sugun Hospital Multispeciality Diagnostic, Icu",19.1165713,72.8825342,Geomagnetic,100.0,57.63,High,0,0.4775989427322554
HOS_520,Hospital,"Sugun Hospital Multispeciality Diagnostic, Icu",19.1165713,72.8825342,Heat,100.0,60.36,High,0,0.4730145042839541
HOS_521,Hospital,Umang Maternity And Surgical Nursing Home -Andheri (E),19.1154908,72.8726952,Flood,100.0,61.68,High,0,0.4643529213113688
HOS_521,Hospital,Umang Maternity And Surgical Nursing Home -Andheri (E),19.1154908,72.8726952,Geomagnetic,100.0,57.63,High,0,0.4696226746624177
HOS_521,Hospital,Umang Maternity And Surgical Nursing Home -Andheri (E),19.1154908,72.8726952,Heat,100.0,60.36,High,0,0.4643529213113688
HOS_522,Hospital,Ashish Eye Hospital,,,Flood,100.0,61.68,High,0,0.5244058818855553
HOS_522,Hospital,Ashish Eye Hospital,,,Geomagnetic,100.0,57.63,High,1,0.540477420964363
HOS_522,Hospital,Ashish Eye Hospital,,,Heat,100.0,60.36,High,0,0.5244058818855553
HOS_523,Hospital,Dr Mandot Modern Clinical Pathology Laboratory,19.1738547,72.8476718,Flood,100.0,61.68,High,0,0.4953185970687409
HOS_523,Hospital,Dr Mandot Modern Clinical Pathology Laboratory,19.1738547,72.8476718,Geomagnetic,100.0,57.63,High,0,0.5022528463179042
HOS_523,Hospital,Dr Mandot Modern Clinical Pathology Laboratory,19.1738547,72.8476718,Heat,100.0,60.36,High,0,0.4953185970687409
HOS_524,Hospital,Dr. Kamats Hospital - Jogeshwari - Mumbai,19.1364893,72.8488709,Flood,100.0,61.68,High,0,0.4764179271369635
HOS_524,Hospital,Dr. Kamats Hospital - Jogeshwari - Mumbai,19.1364893,72.8488709,Geomagnetic,100.0,57.63,High,0,0.4832964655878942
HOS_524,Hospital,Dr. Kamats Hospital - Jogeshwari - Mumbai,19.1364893,72.8488709,Heat,100.0,60.36,High,0,0.4764179271369635
HOS_525,Hospital,Dr. Kulkarni Hospital,19.043902,72.8681195,Flood,100.0,61.68,High,0,0.4796559178475955
HOS_525,Hospital,Dr. Kulkarni Hospital,19.043902,72.8681195,Geomagnetic,100.0,57.63,High,0,0.4825056024679877
HOS_525,Hospital,Dr. Kulkarni Hospital,19.043902,72.8681195,Heat,100.0,60.36,High,0,0.4796559178475955
HOS_526,Hospital,Dr. Shindes Childrens Hospital And Nicu,19.1364893,72.8488709,Flood,100.0,61.68,High,0,0.4764179271369635
HOS_526,Hospital,Dr. Shindes Childrens Hospital And Nicu,19.1364893,72.8488709,Geomagnetic,100.0,57.63,High,0,0.4832964655878942
HOS_526,Hospital,Dr. Shindes Childrens Hospital And Nicu,19.1364893,72.8488709,Heat,100.0,60.36,High,0,0.4764179271369635
HOS_527,Hospital,Global Diagnostic Centre,19.0759837,72.8776559,Flood,100.0,61.68,High,0,0.4615533918676057
HOS_527,Hospital,Global Diagnostic Centre,19.0759837,72.8776559,Geomagnetic,100.0,57.63,High,0,0.4678510503457073
HOS_527,Hospital,Global Diagnostic Centre,19.0759837,72.8776559,Heat,100.0,60.36,High,0,0.4615533918676057
HOS_528,Hospital,Kokan Hospital,,,Flood,100.0,61.68,High,0,0.5244058818855553
HOS_528,Hospital,Kokan Hospital,,,Geomagnetic,100.0,57.63,High,1,0.540477420964363
HOS_528,Hospital,Kokan Hospital,,,Heat,100.0,60.36,High,0,0.5244058818855553
HOS_529,Hospital,Parulekar Maternity And Surgical Nursing Home - Mumbai,19.1315933,72.8498738,Flood,100.0,61.68,High,0,0.4723267107593815
HOS_529,Hospital,Parulekar Maternity And Surgical Nursing Home - Mumbai,19.1315933,72.8498738,Geomagnetic,100.0,57.63,High,0,0.4790591537582759
HOS_529,Hospital,Parulekar Maternity And Surgical Nursing Home - Mumbai,19.1315933,72.8498738,Heat,100.0,60.36,High,0,0.4723267107593815
HOS_53,Hospital,Dr. Yash Shah Total Eye Care,,,Flood,100.0,61.68,High,0,0.5244058818855553
HOS_53,Hospital,Dr. Yash Shah Total Eye Care,,,Geomagnetic,100.0,57.63,High,1,0.540477420964363
HOS_53,Hospital,Dr. Yash Shah Total Eye Care,,,Heat,100.0,60.36,High,0,0.5244058818855553
HOS_530,Hospital,A.E.Kalsekar Hospital,19.1379278,72.8101762,Flood,100.0,61.68,High,0,0.5235435558390296
HOS_530,Hospital,A.E.Kalsekar Hospital,19.1379278,72.8101762,Geomagnetic,100.0,57.63,High,0,0.526976485052987
HOS_530,Hospital,A.E.Kalsekar Hospital,19.1379278,72.8101762,Heat,100.0,60.36,High,0,0.5235435558390296
HOS_531,Hospital,Mahima Hospital and Polyclinic,19.1306458,72.8184455,Flood,100.0,61.68,High,0,0.5083878153027036
HOS_531,Hospital,Mahima Hospital and Polyclinic,19.1306458,72.8184455,Geomagnetic,100.0,57.63,High,0,0.5122279471675755
HOS_531,Hospital,Mahima Hospital and Polyclinic,19.1306458,72.8184455,Heat,100.0,60.36,High,0,0.5083878153027036
HOS_532,Hospital,Mamta Maternity and Nursing Home,19.0759837,72.8776559,Flood,100.0,61.68,High,0,0.4615533918676057
HOS_532,Hospital,Mamta Maternity and Nursing Home,19.0759837,72.8776559,Geomagnetic,100.0,57.63,High,0,0.4678510503457073
HOS_532,Hospital,Mamta Maternity and Nursing Home,19.0759837,72.8776559,Heat,100.0,60.36,High,0,0.4615533918676057
HOS_533,Hospital,Piyush Hospital,,,Flood,100.0,61.68,High,0,0.5244058818855553
HOS_533,Hospital,Piyush Hospital,,,Geomagnetic,100.0,57.63,High,1,0.540477420964363
HOS_533,Hospital,Piyush Hospital,,,Heat,100.0,60.36,High,0,0.5244058818855553
HOS_534,Hospital,Saket Maternity and Nursing Home,,,Flood,100.0,61.68,High,0,0.5244058818855553
HOS_534,Hospital,Saket Maternity and Nursing Home,,,Geomagnetic,100.0,57.63,High,1,0.540477420964363
HOS_534,Hospital,Saket Maternity and Nursing Home,,,Heat,100.0,60.36,High,0,0.5244058818855553
HOS_535,Hospital,The Clinique and Nursing Home - Andheri,19.1350852,72.8146101,Flood,100.0,61.68,High,0,0.5163075101296081
HOS_535,Hospital,The Clinique and Nursing Home - Andheri,19.1350852,72.8146101,Geomagnetic,100.0,57.63,High,0,0.520805934751679
HOS_535,Hospital,The Clinique and Nursing Home - Andheri,19.1350852,72.8146101,Heat,100.0,60.36,High,0,0.5163075101296081
HOS_536,Hospital,Dr. (Mrs.) S.D.Patki Clinic,19.1699919,72.8497757,Flood,100.0,61.68,High,0,0.4928870050833484
HOS_536,Hospital,Dr. (Mrs.) S.D.Patki Clinic,19.1699919,72.8497757,Geomagnetic,100.0,57.63,High,0,0.4988250684733657
HOS_536,Hospital,Dr. (Mrs.) S.D.Patki Clinic,19.1699919,72.8497757,Heat,100.0,60.36,High,0,0.4928870050833484
HOS_537,Hospital,Dr.Ganaskars Pathology Laboratory,19.0759837,72.8776559,Flood,100.0,61.68,High,0,0.4615533918676057
HOS_537,Hospital,Dr.Ganaskars Pathology Laboratory,19.0759837,72.8776559,Geomagnetic,100.0,57.63,High,0,0.4678510503457073
HOS_537,Hospital,Dr.Ganaskars Pathology Laboratory,19.0759837,72.8776559,Heat,100.0,60.36,High,0,0.4615533918676057
HOS_538,Hospital,Enclave Maternity Home,19.1691237,72.8754694,Flood,100.0,61.68,High,0,0.4963822082210536
HOS_538,Hospital,Enclave Maternity Home,19.1691237,72.8754694,Geomagnetic,100.0,57.63,High,0,0.5010261771213493
HOS_538,Hospital,Enclave Maternity Home,19.1691237,72.8754694,Heat,100.0,60.36,High,0,0.4963822082210536
HOS_539,Hospital,Eye Smile Clinic,19.1733185,72.8730215,Flood,100.0,66.72,High,0,0.4959520699899171
HOS_539,Hospital,Eye Smile Clinic,19.1733185,72.8730215,Geomagnetic,100.0,62.34,High,0,0.5010425111402874
HOS_539,Hospital,Eye Smile Clinic,19.1733185,72.8730215,Heat,100.0,65.3,High,0,0.4959520699899171
HOS_54,Hospital,Dr.Pai Dhungat Maternity and Nursing Home,19.0176169,72.8561288,Flood,100.0,61.68,High,0,0.4912492209612948
HOS_54,Hospital,Dr.Pai Dhungat Maternity and Nursing Home,19.0176169,72.8561288,Geomagnetic,100.0,57.63,High,0,0.4947715355782826
HOS_54,Hospital,Dr.Pai Dhungat Maternity and Nursing Home,19.0176169,72.8561288,Heat,100.0,60.36,High,0,0.4912492209612948
HOS_540,Hospital,Gokuldham Medical Centre,19.1737578,72.8597274,Flood,100.0,61.68,High,0,0.489323900853005
HOS_540,Hospital,Gokuldham Medical Centre,19.1737578,72.8597274,Geomagnetic,100.0,57.63,High,0,0.495813167442713
HOS_540,Hospital,Gokuldham Medical Centre,19.1737578,72.8597274,Heat,100.0,60.36,High,0,0.489323900853005
HOS_541,Hospital,Kanchi Nursing Home,19.1551485,72.8678551,Flood,100.0,61.68,High,0,0.483490502461703
HOS_541,Hospital,Kanchi Nursing Home,19.1551485,72.8678551,Geomagnetic,100.0,57.63,High,0,0.4934945397720785
HOS_541,Hospital,Kanchi Nursing Home,19.1551485,72.8678551,Heat,100.0,60.36,High,0,0.483490502461703
HOS_542,Hospital,Life Line Medicare Hospital Pvt Ltd,,,Flood,100.0,61.68,High,0,0.5244058818855553
HOS_542,Hospital,Life Line Medicare Hospital Pvt Ltd,,,Geomagnetic,100.0,57.63,High,1,0.540477420964363
HOS_542,Hospital,Life Line Medicare Hospital Pvt Ltd,,,Heat,100.0,60.36,High,0,0.5244058818855553
HOS_543,Hospital,Sai Sparsh Critical Care Centre,,,Flood,100.0,61.68,High,0,0.5244058818855553
HOS_543,Hospital,Sai Sparsh Critical Care Centre,,,Geomagnetic,100.0,57.63,High,1,0.540477420964363
HOS_543,Hospital,Sai Sparsh Critical Care Centre,,,Heat,100.0,60.36,High,0,0.5244058818855553
HOS_544,Hospital,Sudha Hospital and Polyclinic,19.1737578,72.8597274,Flood,100.0,61.68,High,0,0.489323900853005
HOS_544,Hospital,Sudha Hospital and Polyclinic,19.1737578,72.8597274,Geomagnetic,100.0,57.63,High,0,0.495813167442713
HOS_544,Hospital,Sudha Hospital and Polyclinic,19.1737578,72.8597274,Heat,100.0,60.36,High,0,0.489323900853005
HOS_545,Hospital,Surya Eye Clinic,19.1745143,72.862324,Flood,100.0,66.72,High,0,0.4901829051391198
HOS_545,Hospital,Surya Eye Clinic,19.1745143,72.862324,Geomagnetic,100.0,62.34,High,0,0.4974371107774845
HOS_545,Hospital,Surya Eye Clinic,19.1745143,72.862324,Heat,100.0,65.3,High,0,0.4901829051391198
HOS_546,Hospital,Tushar Nursing Home,,,Flood,100.0,61.68,High,0,0.5244058818855553
HOS_546,Hospital,Tushar Nursing Home,,,Geomagnetic,100.0,57.63,High,1,0.540477420964363
HOS_546,Hospital,Tushar Nursing Home,,,Heat,100.0,60.36,High,0,0.5244058818855553
HOS_547,Hospital,Vishwa Kripa Hospital,,,Flood,100.0,61.68,High,0,0.5244058818855553
HOS_547,Hospital,Vishwa Kripa Hospital,,,Geomagnetic,100.0,57.63,High,1,0.540477420964363
HOS_547,Hospital,Vishwa Kripa Hospital,,,Heat,100.0,60.36,High,0,0.5244058818855553
HOS_548,Hospital,Yashada Maternity and Surgical Home,19.1509735,72.8758099,Flood,100.0,61.68,High,0,0.48252878997198
HOS_548,Hospital,Yashada Maternity and Surgical Home,19.1509735,72.8758099,Geomagnetic,100.0,57.63,High,0,0.4907191868936812
HOS_548,Hospital,Yashada Maternity and Surgical Home,19.1509735,72.8758099,Heat,100.0,60.36,High,0,0.48252878997198
HOS_549,Hospital,Aashirwad Nursing Home,,,Flood,100.0,61.68,High,0,0.5244058818855553
HOS_549,Hospital,Aashirwad Nursing Home,,,Geomagnetic,100.0,57.63,High,1,0.540477420964363
HOS_549,Hospital,Aashirwad Nursing Home,,,Heat,100.0,60.36,High,0,0.5244058818855553
HOS_55,Hospital,Endocrine Metabolic Laboratory,18.956084,72.8151877,Flood,100.0,61.68,High,1,0.577649116033953
HOS_55,Hospital,Endocrine Metabolic Laboratory,18.956084,72.8151877,Geomagnetic,100.0,57.63,High,1,0.577649116033953
HOS_55,Hospital,Endocrine Metabolic Laboratory,18.956084,72.8151877,Heat,100.0,60.36,High,1,0.577649116033953
HOS_550,Hospital,Abhijit Hospital,19.1874689,72.8422219,Flood,100.0,61.68,High,0,0.5011927775434933
HOS_550,Hospital,Abhijit Hospital,19.1874689,72.8422219,Geomagnetic,100.0,57.63,High,0,0.5071277146251877
HOS_550,Hospital,Abhijit Hospital,19.1874689,72.8422219,Heat,100.0,60.36,High,0,0.5011927775434933
HOS_551,Hospital,Adarsh Hospital,19.1963422,72.8105333,Flood,100.0,61.68,High,1,0.5538795088217168
HOS_551,Hospital,Adarsh Hospital,19.1963422,72.8105333,Geomagnetic,100.0,57.63,High,1,0.5557325713671097
HOS_551,Hospital,Adarsh Hospital,19.1963422,72.8105333,Heat,100.0,60.36,High,1,0.5538795088217168
HOS_552,Hospital,Advanced Orthopaedic Centre,19.1827551,72.8401539,Flood,100.0,61.68,High,0,0.5003190902860382
HOS_552,Hospital,Advanced Orthopaedic Centre,19.1827551,72.8401539,Geomagnetic,100.0,57.63,High,0,0.5069318857864756
HOS_552,Hospital,Advanced Orthopaedic Centre,19.1827551,72.8401539,Heat,100.0,60.36,High,0,0.5003190902860382
HOS_553,Hospital,Agrawal Eye Hospital,,,Flood,100.0,61.68,High,0,0.5244058818855553
HOS_553,Hospital,Agrawal Eye Hospital,,,Geomagnetic,100.0,57.63,High,1,0.540477420964363
HOS_553,Hospital,Agrawal Eye Hospital,,,Heat,100.0,60.36,High,0,0.5244058818855553
HOS_554,Hospital,Ahura Nursing Home,,,Flood,100.0,61.68,High,0,0.5244058818855553
HOS_554,Hospital,Ahura Nursing Home,,,Geomagnetic,100.0,57.63,High,1,0.540477420964363
HOS_554,Hospital,Ahura Nursing Home,,,Heat,100.0,60.36,High,0,0.5244058818855553
HOS_555,Hospital,Akshar Eye Clinic P P N,,,Flood,100.0,61.68,High,0,0.5244058818855553
HOS_555,Hospital,Akshar Eye Clinic P P N,,,Geomagnetic,100.0,57.63,High,1,0.540477420964363
HOS_555,Hospital,Akshar Eye Clinic P P N,,,Heat,100.0,60.36,High,0,0.5244058818855553
HOS_556,Hospital,Amar Nursing Home,,,Flood,100.0,61.68,High,0,0.5244058818855553
HOS_556,Hospital,Amar Nursing Home,,,Geomagnetic,100.0,57.63,High,1,0.540477420964363
HOS_556,Hospital,Amar Nursing Home,,,Heat,100.0,60.36,High,0,0.5244058818855553
HOS_557,Hospital,Bahl Nursing Home - Malad (W),,,Flood,100.0,61.68,High,0,0.5244058818855553
HOS_557,Hospital,Bahl Nursing Home - Malad (W),,,Geomagnetic,100.0,57.63,High,1,0.540477420964363
HOS_557,Hospital,Bahl Nursing Home - Malad (W),,,Heat,100.0,60.36,High,0,0.5244058818855553
HOS_558,Hospital,Darshan Orthopaedic and Surgical Clinic - Malad (W),,,Flood,100.0,61.68,High,0,0.5244058818855553
HOS_558,Hospital,Darshan Orthopaedic and Surgical Clinic - Malad (W),,,Geomagnetic,100.0,57.63,High,1,0.540477420964363
HOS_558,Hospital,Darshan Orthopaedic and Surgical Clinic - Malad (W),,,Heat,100.0,60.36,High,0,0.5244058818855553
HOS_559,Hospital,Dr Pagruts Fracture Orthopaedic And Surgical Hospital,,,Flood,100.0,61.68,High,0,0.5244058818855553
HOS_559,Hospital,Dr Pagruts Fracture Orthopaedic And Surgical Hospital,,,Geomagnetic,100.0,57.63,High,1,0.540477420964363
HOS_559,Hospital,Dr Pagruts Fracture Orthopaedic And Surgical Hospital,,,Heat,100.0,60.36,High,0,0.5244058818855553
HOS_56,Hospital,Harkissondass and Narottamdass Hospital and Research Centre,,,Flood,100.0,61.68,High,0,0.5244058818855553
HOS_56,Hospital,Harkissondass and Narottamdass Hospital and Research Centre,,,Geomagnetic,100.0,57.63,High,1,0.540477420964363
HOS_56,Hospital,Harkissondass and Narottamdass Hospital and Research Centre,,,Heat,100.0,60.36,High,0,0.5244058818855553
HOS_560,Hospital,Dr Panchals Ishita Nursing Home,,,Flood,100.0,61.68,High,0,0.5244058818855553
HOS_560,Hospital,Dr Panchals Ishita Nursing Home,,,Geomagnetic,100.0,57.63,High,1,0.540477420964363
HOS_560,Hospital,Dr Panchals Ishita Nursing Home,,,Heat,100.0,60.36,High,0,0.5244058818855553
HOS_561,Hospital,Dr. Bet Hospital and Polyclinic,,,Flood,100.0,61.68,High,0,0.5244058818855553
HOS_561,Hospital,Dr. Bet Hospital and Polyclinic,,,Geomagnetic,100.0,57.63,High,1,0.540477420964363
HOS_561,Hospital,Dr. Bet Hospital and Polyclinic,,,Heat,100.0,60.36,High,0,0.5244058818855553
HOS_562,Hospital,"Dr. Manoj Shah , Fractureaccident - Orthopaedic",19.1016472,72.8500491,Flood,100.0,61.68,High,0,0.4600648749321427
HOS_562,Hospital,"Dr. Manoj Shah , Fractureaccident - Orthopaedic",19.1016472,72.8500491,Geomagnetic,100.0,57.63,High,0,0.4675006639514758
HOS_562,Hospital,"Dr. Manoj Shah , Fractureaccident - Orthopaedic",19.1016472,72.8500491,Heat,100.0,60.36,High,0,0.4600648749321427
HOS_563,Hospital,Dr. Paralkars Shree Surgical and Maternity Nursing Home - Malad (W),,,Flood,100.0,61.68,High,0,0.5244058818855553
HOS_563,Hospital,Dr. Paralkars Shree Surgical and Maternity Nursing Home - Malad (W),,,Geomagnetic,100.0,57.63,High,1,0.540477420964363
HOS_563,Hospital,Dr. Paralkars Shree Surgical and Maternity Nursing Home - Malad (W),,,Heat,100.0,60.36,High,0,0.5244058818855553
HOS_564,Hospital,Dr. Vasa Hospital,19.1963422,72.8105333,Flood,100.0,61.68,High,1,0.5538795088217168
HOS_564,Hospital,Dr. Vasa Hospital,19.1963422,72.8105333,Geomagnetic,100.0,57.63,High,1,0.5557325713671097
HOS_564,Hospital,Dr. Vasa Hospital,19.1963422,72.8105333,Heat,100.0,60.36,High,1,0.5538795088217168
HOS_565,Hospital,Dr.Guptas Nursing Home,19.1749892,72.8451337,Flood,100.0,61.68,High,0,0.4955053212347253
HOS_565,Hospital,Dr.Guptas Nursing Home,19.1749892,72.8451337,Geomagnetic,100.0,57.63,High,0,0.5019893709187648
HOS_565,Hospital,Dr.Guptas Nursing Home,19.1749892,72.8451337,Heat,100.0,60.36,High,0,0.4955053212347253
HOS_566,Hospital,Dr.Ronak Prakash Bhandari,19.1834939,72.8357436,Flood,100.0,61.68,High,0,0.509943788991722
HOS_566,Hospital,Dr.Ronak Prakash Bhandari,19.1834939,72.8357436,Geomagnetic,100.0,57.63,High,0,0.5148678550604117
HOS_566,Hospital,Dr.Ronak Prakash Bhandari,19.1834939,72.8357436,Heat,100.0,60.36,High,0,0.509943788991722
HOS_567,Hospital,Ear-Nose-Throat And Eye Clinic,19.180237,72.8554149,Flood,100.0,66.72,High,0,0.4954392767582499
HOS_567,Hospital,Ear-Nose-Throat And Eye Clinic,19.180237,72.8554149,Geomagnetic,100.0,62.34,High,0,0.4998061724441371
HOS_567,Hospital,Ear-Nose-Throat And Eye Clinic,19.180237,72.8554149,Heat,100.0,65.3,High,0,0.4954392767582499
HOS_568,Hospital,Elite Maternity Home and Polyclinic,,,Flood,100.0,61.68,High,0,0.5244058818855553
HOS_568,Hospital,Elite Maternity Home and Polyclinic,,,Geomagnetic,100.0,57.63,High,1,0.540477420964363
HOS_568,Hospital,Elite Maternity Home and Polyclinic,,,Heat,100.0,60.36,High,0,0.5244058818855553
HOS_569,Hospital,Evershine Nursing Home,19.1928391,72.8330873,Flood,100.0,61.68,High,0,0.5182028725106906
HOS_569,Hospital,Evershine Nursing Home,19.1928391,72.8330873,Geomagnetic,100.0,57.63,High,0,0.523425756558832
HOS_569,Hospital,Evershine Nursing Home,19.1928391,72.8330873,Heat,100.0,60.36,High,0,0.5182028725106906
HOS_57,Hospital,Hematology Laboratory,19.0759837,72.8776559,Flood,100.0,61.68,High,0,0.4615533918676057
HOS_57,Hospital,Hematology Laboratory,19.0759837,72.8776559,Geomagnetic,100.0,57.63,High,0,0.4678510503457073
HOS_57,Hospital,Hematology Laboratory,19.0759837,72.8776559,Heat,100.0,60.36,High,0,0.4615533918676057
HOS_570,Hospital,Fracture - Accident - Orthopaedic Hospital,,,Flood,100.0,61.68,High,0,0.5244058818855553
HOS_570,Hospital,Fracture - Accident - Orthopaedic Hospital,,,Geomagnetic,100.0,57.63,High,1,0.540477420964363
HOS_570,Hospital,Fracture - Accident - Orthopaedic Hospital,,,Heat,100.0,60.36,High,0,0.5244058818855553
HOS_571,Hospital,Girnar Orthopaedic Surgical Hospital,,,Flood,100.0,61.68,High,0,0.5244058818855553
HOS_571,Hospital,Girnar Orthopaedic Surgical Hospital,,,Geomagnetic,100.0,57.63,High,1,0.540477420964363
HOS_571,Hospital,Girnar Orthopaedic Surgical Hospital,,,Heat,100.0,60.36,High,0,0.5244058818855553
HOS_572,Hospital,Ishita Nursing Home,,,Flood,100.0,61.68,High,0,0.5244058818855553
HOS_572,Hospital,Ishita Nursing Home,,,Geomagnetic,100.0,57.63,High,1,0.540477420964363
HOS_572,Hospital,Ishita Nursing Home,,,Heat,100.0,60.36,High,0,0.5244058818855553
HOS_573,Hospital,Janhvi Nursing Home,19.185155,72.8422978,Flood,100.0,61.68,High,0,0.5011036150894791
HOS_573,Hospital,Janhvi Nursing Home,19.185155,72.8422978,Geomagnetic,100.0,57.63,High,0,0.5070374963428009
HOS_573,Hospital,Janhvi Nursing Home,19.185155,72.8422978,Heat,100.0,60.36,High,0,0.5011036150894791
HOS_574,Hospital,Jay Polyclinic Surgical and Maternity Nursing Home and Iccu,19.1840599,72.846178,Flood,100.0,66.72,High,0,0.5006780881551777
HOS_574,Hospital,Jay Polyclinic Surgical and Maternity Nursing Home and Iccu,19.1840599,72.846178,Geomagnetic,100.0,62.34,High,0,0.5060702719462524
HOS_574,Hospital,Jay Polyclinic Surgical and Maternity Nursing Home and Iccu,19.1840599,72.846178,Heat,100.0,65.3,High,0,0.5006780881551777
HOS_575,Hospital,Khandelwal Ent and General Hospital and Polyclinic,19.1827551,72.8401539,Flood,100.0,61.68,High,0,0.5003190902860382
HOS_575,Hospital,Khandelwal Ent and General Hospital and Polyclinic,19.1827551,72.8401539,Geomagnetic,100.0,57.63,High,0,0.5069318857864756
HOS_575,Hospital,Khandelwal Ent and General Hospital and Polyclinic,19.1827551,72.8401539,Heat,100.0,60.36,High,0,0.5003190902860382
HOS_576,Hospital,Kumta Eye and Retina Clinic and Laser Center,,,Flood,100.0,61.68,High,0,0.5244058818855553
HOS_576,Hospital,Kumta Eye and Retina Clinic and Laser Center,,,Geomagnetic,100.0,57.63,High,1,0.540477420964363
HOS_576,Hospital,Kumta Eye and Retina Clinic and Laser Center,,,Heat,100.0,60.36,High,0,0.5244058818855553
HOS_577,Hospital,Le Nest,19.1757956,72.8419473,Flood,100.0,61.68,High,0,0.4961901603197242
HOS_577,Hospital,Le Nest,19.1757956,72.8419473,Geomagnetic,100.0,57.63,High,0,0.5026026051279893
HOS_577,Hospital,Le Nest,19.1757956,72.8419473,Heat,100.0,60.36,High,0,0.4961901603197242
HOS_578,Hospital,Lifeline Hospital Heart Insititute and Diagnostic Centre,19.1827551,72.8401539,Flood,100.0,61.68,High,0,0.5003190902860382
HOS_578,Hospital,Lifeline Hospital Heart Insititute and Diagnostic Centre,19.1827551,72.8401539,Geomagnetic,100.0,57.63,High,0,0.5069318857864756
HOS_578,Hospital,Lifeline Hospital Heart Insititute and Diagnostic Centre,19.1827551,72.8401539,Heat,100.0,60.36,High,0,0.5003190902860382
HOS_579,Hospital,Maa Nursing Home And Netrajyoti Eyecare Centre - Mumbai,,,Flood,100.0,61.68,High,0,0.5244058818855553
HOS_579,Hospital,Maa Nursing Home And Netrajyoti Eyecare Centre - Mumbai,,,Geomagnetic,100.0,57.63,High,1,0.540477420964363
HOS_579,Hospital,Maa Nursing Home And Netrajyoti Eyecare Centre - Mumbai,,,Heat,100.0,60.36,High,0,0.5244058818855553
HOS_58,Hospital,Inkus Ivf Centre,,,Flood,100.0,61.68,High,0,0.5244058818855553
HOS_58,Hospital,Inkus Ivf Centre,,,Geomagnetic,100.0,57.63,High,1,0.540477420964363
HOS_58,Hospital,Inkus Ivf Centre,,,Heat,100.0,60.36,High,0,0.5244058818855553
HOS_580,Hospital,Manish Nursing Home,19.1853044,72.8470214,Flood,100.0,66.72,High,0,0.5005933070339589
HOS_580,Hospital,Manish Nursing Home,19.1853044,72.8470214,Geomagnetic,100.0,62.34,High,0,0.5057797594472981
HOS_580,Hospital,Manish Nursing Home,19.1853044,72.8470214,Heat,100.0,65.3,High,0,0.5005933070339589
HOS_581,Hospital,Manorama Hospital,,,Flood,100.0,61.68,High,0,0.5244058818855553
HOS_581,Hospital,Manorama Hospital,,,Geomagnetic,100.0,57.63,High,1,0.540477420964363
HOS_581,Hospital,Manorama Hospital,,,Heat,100.0,60.36,High,0,0.5244058818855553
HOS_582,Hospital,Navkar Child Care Centre and Nursing Home,19.1843832,72.8362572,Flood,100.0,61.68,High,0,0.5096973919533667
HOS_582,Hospital,Navkar Child Care Centre and Nursing Home,19.1843832,72.8362572,Geomagnetic,100.0,57.63,High,0,0.5148340294604732
HOS_582,Hospital,Navkar Child Care Centre and Nursing Home,19.1843832,72.8362572,Heat,100.0,60.36,High,0,0.5096973919533667
HOS_583,Hospital,Neelam Nursing Home (Lenest) - Malad (W),19.2254953,72.8544636,Flood,100.0,66.72,High,0,0.5271258071802735
HOS_583,Hospital,Neelam Nursing Home (Lenest) - Malad (W),19.2254953,72.8544636,Geomagnetic,100.0,62.34,High,0,0.5306897527023761
HOS_583,Hospital,Neelam Nursing Home (Lenest) - Malad (W),19.2254953,72.8544636,Heat,100.0,65.3,High,0,0.5271258071802735
HOS_584,Hospital,Neon Critical Care,19.2019275,72.8190866,Flood,100.0,61.68,High,1,0.5449682113997064
HOS_584,Hospital,Neon Critical Care,19.2019275,72.8190866,Geomagnetic,100.0,57.63,High,1,0.547212724161154
HOS_584,Hospital,Neon Critical Care,19.2019275,72.8190866,Heat,100.0,60.36,High,1,0.5449682113997064
HOS_585,Hospital,New Hope Fertility andIvf Center,,,Flood,100.0,61.68,High,0,0.5244058818855553
HOS_585,Hospital,New Hope Fertility andIvf Center,,,Geomagnetic,100.0,57.63,High,1,0.540477420964363
HOS_585,Hospital,New Hope Fertility andIvf Center,,,Heat,100.0,60.36,High,0,0.5244058818855553
HOS_586,Hospital,Nirman Diagnostic Imaging Centre,19.1827551,72.8401539,Flood,100.0,61.68,High,0,0.5003190902860382
HOS_586,Hospital,Nirman Diagnostic Imaging Centre,19.1827551,72.8401539,Geomagnetic,100.0,57.63,High,0,0.5069318857864756
HOS_586,Hospital,Nirman Diagnostic Imaging Centre,19.1827551,72.8401539,Heat,100.0,60.36,High,0,0.5003190902860382
HOS_587,Hospital,Puranik Hospital,19.1878099,72.845366,Flood,100.0,66.72,High,0,0.500755846353069
HOS_587,Hospital,Puranik Hospital,19.1878099,72.845366,Geomagnetic,100.0,62.34,High,0,0.5062867115530107
HOS_587,Hospital,Puranik Hospital,19.1878099,72.845366,Heat,100.0,65.3,High,0,0.500755846353069
HOS_588,Hospital,Rahul Eye Clinic,19.13654,72.847579,Flood,100.0,61.68,High,0,0.4766157802757125
HOS_588,Hospital,Rahul Eye Clinic,19.13654,72.847579,Geomagnetic,100.0,57.63,High,0,0.4830297292717828
HOS_588,Hospital,Rahul Eye Clinic,19.13654,72.847579,Heat,100.0,60.36,High,0,0.4766157802757125
HOS_589,Hospital,Rajathani Seva Samiti,19.1827551,72.8401539,Flood,100.0,61.68,High,0,0.5003190902860382
HOS_589,Hospital,Rajathani Seva Samiti,19.1827551,72.8401539,Geomagnetic,100.0,57.63,High,0,0.5069318857864756
HOS_589,Hospital,Rajathani Seva Samiti,19.1827551,72.8401539,Heat,100.0,60.36,High,0,0.5003190902860382
HOS_59,Hospital,Kamla Eye Clinic,,,Flood,100.0,61.68,High,0,0.5244058818855553
HOS_59,Hospital,Kamla Eye Clinic,,,Geomagnetic,100.0,57.63,High,1,0.540477420964363
HOS_59,Hospital,Kamla Eye Clinic,,,Heat,100.0,60.36,High,0,0.5244058818855553
HOS_590,Hospital,Riddhi Vinayak Critical Care And Cardiac Centre - Mumbai,,,Flood,100.0,61.68,High,0,0.5244058818855553
HOS_590,Hospital,Riddhi Vinayak Critical Care And Cardiac Centre - Mumbai,,,Geomagnetic,100.0,57.63,High,1,0.540477420964363
HOS_590,Hospital,Riddhi Vinayak Critical Care And Cardiac Centre - Mumbai,,,Heat,100.0,60.36,High,0,0.5244058818855553
HOS_591,Hospital,Royal Health Care Pvt Ltd,,,Flood,100.0,61.68,High,0,0.5244058818855553
HOS_591,Hospital,Royal Health Care Pvt Ltd,,,Geomagnetic,100.0,57.63,High,1,0.540477420964363
HOS_591,Hospital,Royal Health Care Pvt Ltd,,,Heat,100.0,60.36,High,0,0.5244058818855553
HOS_592,Hospital,"Sahu Eye Hospital Branch Of Kamal Netralaya Pvt. Ltd.,",,,Flood,100.0,61.68,High,0,0.5244058818855553
HOS_592,Hospital,"Sahu Eye Hospital Branch Of Kamal Netralaya Pvt. Ltd.,",,,Geomagnetic,100.0,57.63,High,1,0.540477420964363
HOS_592,Hospital,"Sahu Eye Hospital Branch Of Kamal Netralaya Pvt. Ltd.,",,,Heat,100.0,60.36,High,0,0.5244058818855553
HOS_593,Hospital,Saraogi Maternity and General Hospital,19.1897322,72.8460784,Flood,100.0,66.72,High,0,0.504652405747901
HOS_593,Hospital,Saraogi Maternity and General Hospital,19.1897322,72.8460784,Geomagnetic,100.0,62.34,High,0,0.5093976224891418
HOS_593,Hospital,Saraogi Maternity and General Hospital,19.1897322,72.8460784,Heat,100.0,65.3,High,0,0.504652405747901
HOS_594,Hospital,Saraswati Hospital,,,Flood,100.0,61.68,High,0,0.5244058818855553
HOS_594,Hospital,Saraswati Hospital,,,Geomagnetic,100.0,57.63,High,1,0.540477420964363
HOS_594,Hospital,Saraswati Hospital,,,Heat,100.0,60.36,High,0,0.5244058818855553
HOS_595,Hospital,Shah Fracture-Orthopaedic Hospital,,,Flood,100.0,61.68,High,0,0.5244058818855553
HOS_595,Hospital,Shah Fracture-Orthopaedic Hospital,,,Geomagnetic,100.0,57.63,High,1,0.540477420964363
HOS_595,Hospital,Shah Fracture-Orthopaedic Hospital,,,Heat,100.0,60.36,High,0,0.5244058818855553
HOS_596,Hospital,Shree Surgical and Maternity Nursing Home,,,Flood,100.0,61.68,High,0,0.5244058818855553
HOS_596,Hospital,Shree Surgical and Maternity Nursing Home,,,Geomagnetic,100.0,57.63,High,1,0.540477420964363
HOS_596,Hospital,Shree Surgical and Maternity Nursing Home,,,Heat,100.0,60.36,High,0,0.5244058818855553
HOS_597,Hospital,Shreeji Eye Clinic Phako Surgery Centre,,,Flood,100.0,61.68,High,0,0.5244058818855553
HOS_597,Hospital,Shreeji Eye Clinic Phako Surgery Centre,,,Geomagnetic,100.0,57.63,High,1,0.540477420964363
HOS_597,Hospital,Shreeji Eye Clinic Phako Surgery Centre,,,Heat,100.0,60.36,High,0,0.5244058818855553
HOS_598,Hospital,Suburban Diagnostics India Pvt Ltd,,,Flood,100.0,61.68,High,0,0.5244058818855553
HOS_598,Hospital,Suburban Diagnostics India Pvt Ltd,,,Geomagnetic,100.0,57.63,High,1,0.540477420964363
HOS_598,Hospital,Suburban Diagnostics India Pvt Ltd,,,Heat,100.0,60.36,High,0,0.5244058818855553
HOS_599,Hospital,Sunflowar Laboratory and Diagnostic Centre,19.1827551,72.8401539,Flood,100.0,61.68,High,0,0.5003190902860382
HOS_599,Hospital,Sunflowar Laboratory and Diagnostic Centre,19.1827551,72.8401539,Geomagnetic,100.0,57.63,High,0,0.5069318857864756
HOS_599,Hospital,Sunflowar Laboratory and Diagnostic Centre,19.1827551,72.8401539,Heat,100.0,60.36,High,0,0.5003190902860382
HOS_6,Hospital,Dalvi Plus,19.046295,72.8415449,Flood,100.0,61.68,High,0,0.4778938935825345
HOS_6,Hospital,Dalvi Plus,19.046295,72.8415449,Geomagnetic,100.0,57.63,High,0,0.4781268173340294
HOS_6,Hospital,Dalvi Plus,19.046295,72.8415449,Heat,100.0,60.36,High,0,0.4778938935825345
HOS_600,Hospital,Surana Hospital And Research Centre,19.1980732,72.8426229,Flood,100.0,66.72,High,0,0.5088066622435256
HOS_600,Hospital,Surana Hospital And Research Centre,19.1980732,72.8426229,Geomagnetic,100.0,62.34,High,0,0.513268498298942
HOS_600,Hospital,Surana Hospital And Research Centre,19.1980732,72.8426229,Heat,100.0,65.3,High,0,0.5088066622435256
HOS_601,Hospital,The Healthcare and Diagnostic Center,,,Flood,100.0,61.68,High,0,0.5244058818855553
HOS_601,Hospital,The Healthcare and Diagnostic Center,,,Geomagnetic,100.0,57.63,High,1,0.540477420964363
HOS_601,Hospital,The Healthcare and Diagnostic Center,,,Heat,100.0,60.36,High,0,0.5244058818855553
HOS_602,Hospital,The Laser Vision Centre,,,Flood,100.0,61.68,High,0,0.5244058818855553
HOS_602,Hospital,The Laser Vision Centre,,,Geomagnetic,100.0,57.63,High,1,0.540477420964363
HOS_602,Hospital,The Laser Vision Centre,,,Heat,100.0,60.36,High,0,0.5244058818855553
HOS_603,Hospital,Vardhaman Iccu And Nursing Home,,,Flood,100.0,61.68,High,0,0.5244058818855553
HOS_603,Hospital,Vardhaman Iccu And Nursing Home,,,Geomagnetic,100.0,57.63,High,1,0.540477420964363
HOS_603,Hospital,Vardhaman Iccu And Nursing Home,,,Heat,100.0,60.36,High,0,0.5244058818855553
HOS_604,Hospital,Vinayak Maternity and General Hospital,19.1827551,72.8401539,Flood,100.0,61.68,High,0,0.5003190902860382
HOS_604,Hospital,Vinayak Maternity and General Hospital,19.1827551,72.8401539,Geomagnetic,100.0,57.63,High,0,0.5069318857864756
HOS_604,Hospital,Vinayak Maternity and General Hospital,19.1827551,72.8401539,Heat,100.0,60.36,High,0,0.5003190902860382
HOS_605,Hospital,Yogi Eyecare Clinic,,,Flood,100.0,61.68,High,0,0.5244058818855553
HOS_605,Hospital,Yogi Eyecare Clinic,,,Geomagnetic,100.0,57.63,High,1,0.540477420964363
HOS_605,Hospital,Yogi Eyecare Clinic,,,Heat,100.0,60.36,High,0,0.5244058818855553
HOS_606,Hospital,Zenith Hospital,,,Flood,100.0,61.68,High,0,0.5244058818855553
HOS_606,Hospital,Zenith Hospital,,,Geomagnetic,100.0,57.63,High,1,0.540477420964363
HOS_606,Hospital,Zenith Hospital,,,Heat,100.0,60.36,High,0,0.5244058818855553
HOS_607,Hospital,Clear Vision Eye Center,19.0781122,72.8319933,Flood,100.0,61.68,High,0,0.4739833439924422
HOS_607,Hospital,Clear Vision Eye Center,19.0781122,72.8319933,Geomagnetic,100.0,57.63,High,0,0.479043541621006
HOS_607,Hospital,Clear Vision Eye Center,19.0781122,72.8319933,Heat,100.0,60.36,High,0,0.4739833439924422
HOS_608,Hospital,Dhanshri Hospital,19.2222802,72.8544895,Flood,100.0,66.72,High,0,0.5261287655808577
HOS_608,Hospital,Dhanshri Hospital,19.2222802,72.8544895,Geomagnetic,100.0,62.34,High,0,0.5294931498631336
HOS_608,Hospital,Dhanshri Hospital,19.2222802,72.8544895,Heat,100.0,65.3,High,0,0.5261287655808577
HOS_609,Hospital,Doshi Maternity Nursing Home,,,Flood,100.0,61.68,High,0,0.5244058818855553
HOS_609,Hospital,Doshi Maternity Nursing Home,,,Geomagnetic,100.0,57.63,High,1,0.540477420964363
HOS_609,Hospital,Doshi Maternity Nursing Home,,,Heat,100.0,60.36,High,0,0.5244058818855553
HOS_61,Hospital,Mother and Child Care Clinic,,,Flood,100.0,61.68,High,0,0.5244058818855553
HOS_61,Hospital,Mother and Child Care Clinic,,,Geomagnetic,100.0,57.63,High,1,0.540477420964363
HOS_61,Hospital,Mother and Child Care Clinic,,,Heat,100.0,60.36,High,0,0.5244058818855553
HOS_610,Hospital,Dr Baliga Nursing Home,19.164269,72.8454471,Flood,100.0,61.68,High,0,0.4915318243140215
HOS_610,Hospital,Dr Baliga Nursing Home,19.164269,72.8454471,Geomagnetic,100.0,57.63,High,0,0.4982863738817905
HOS_610,Hospital,Dr Baliga Nursing Home,19.164269,72.8454471,Heat,100.0,60.36,High,0,0.4915318243140215
HOS_611,Hospital,"Dr Shah""S Eye and Laser Center",,,Flood,100.0,61.68,High,0,0.5244058818855553
HOS_611,Hospital,"Dr Shah""S Eye and Laser Center",,,Geomagnetic,100.0,57.63,High,1,0.540477420964363
HOS_611,Hospital,"Dr Shah""S Eye and Laser Center",,,Heat,100.0,60.36,High,0,0.5244058818855553
HOS_612,Hospital,Jain Hospital and Medical Research Center,19.0759837,72.8776559,Flood,100.0,61.68,High,0,0.4615533918676057
HOS_612,Hospital,Jain Hospital and Medical Research Center,19.0759837,72.8776559,Geomagnetic,100.0,57.63,High,0,0.4678510503457073
HOS_612,Hospital,Jain Hospital and Medical Research Center,19.0759837,72.8776559,Heat,100.0,60.36,High,0,0.4615533918676057
HOS_613,Hospital,Jhanvi Nursing Home and Iccu,,,Flood,100.0,61.68,High,0,0.5244058818855553
HOS_613,Hospital,Jhanvi Nursing Home and Iccu,,,Geomagnetic,100.0,57.63,High,1,0.540477420964363
HOS_613,Hospital,Jhanvi Nursing Home and Iccu,,,Heat,100.0,60.36,High,0,0.5244058818855553
HOS_614,Hospital,Kolekar Hospiatl,19.0599156,72.9011119,Flood,100.0,61.68,High,0,0.4945304839265881
HOS_614,Hospital,Kolekar Hospiatl,19.0599156,72.9011119,Geomagnetic,100.0,57.63,High,0,0.4967843513503361
HOS_614,Hospital,Kolekar Hospiatl,19.0599156,72.9011119,Heat,100.0,60.36,High,0,0.4945304839265881
HOS_615,Hospital,Om Gangagiri Hospital,,,Flood,100.0,61.68,High,0,0.5244058818855553
HOS_615,Hospital,Om Gangagiri Hospital,,,Geomagnetic,100.0,57.63,High,1,0.540477420964363
HOS_615,Hospital,Om Gangagiri Hospital,,,Heat,100.0,60.36,High,0,0.5244058818855553
HOS_616,Hospital,Omkar Eye Care Center,19.171536,72.9528553,Flood,100.0,63.92,High,1,0.5523853456428585
HOS_616,Hospital,Omkar Eye Care Center,19.171536,72.9528553,Geomagnetic,100.0,59.72,High,1,0.5533848271267403
HOS_616,Hospital,Omkar Eye Care Center,19.171536,72.9528553,Heat,100.0,62.56,High,1,0.5523853456428585
HOS_617,Hospital,Pratik Hospital and Maternity Home,19.1998211,72.842594,Flood,100.0,66.72,High,0,0.5096342579575251
HOS_617,Hospital,Pratik Hospital and Maternity Home,19.1998211,72.842594,Geomagnetic,100.0,62.34,High,0,0.5144513043683013
HOS_617,Hospital,Pratik Hospital and Maternity Home,19.1998211,72.842594,Heat,100.0,65.3,High,0,0.5096342579575251
HOS_618,Hospital,Sai Sanjivani Criticare Hospital,,,Flood,100.0,61.68,High,0,0.5244058818855553
HOS_618,Hospital,Sai Sanjivani Criticare Hospital,,,Geomagnetic,100.0,57.63,High,1,0.540477420964363
HOS_618,Hospital,Sai Sanjivani Criticare Hospital,,,Heat,100.0,60.36,High,0,0.5244058818855553
HOS_619,Hospital,Saibaba Hospital and Polyclinic,,,Flood,100.0,61.68,High,0,0.5244058818855553
HOS_619,Hospital,Saibaba Hospital and Polyclinic,,,Geomagnetic,100.0,57.63,High,1,0.540477420964363
HOS_619,Hospital,Saibaba Hospital and Polyclinic,,,Heat,100.0,60.36,High,0,0.5244058818855553
HOS_62,Hospital,Shivneh,,,Flood,100.0,61.68,High,0,0.5244058818855553
HOS_62,Hospital,Shivneh,,,Geomagnetic,100.0,57.63,High,1,0.540477420964363
HOS_62,Hospital,Shivneh,,,Heat,100.0,60.36,High,0,0.5244058818855553
HOS_620,Hospital,Shaha Children Hospital,,,Flood,100.0,61.68,High,0,0.5244058818855553
HOS_620,Hospital,Shaha Children Hospital,,,Geomagnetic,100.0,57.63,High,1,0.540477420964363
HOS_620,Hospital,Shaha Children Hospital,,,Heat,100.0,60.36,High,0,0.5244058818855553
HOS_623,Hospital,Anand Nursing Home - Borivali (E),19.2240612,72.8666469,Flood,100.0,70.09,High,0,0.5320176697183161
HOS_623,Hospital,Anand Nursing Home - Borivali (E),19.2240612,72.8666469,Geomagnetic,100.0,65.48,High,1,0.5365963600573629
HOS_623,Hospital,Anand Nursing Home - Borivali (E),19.2240612,72.8666469,Heat,100.0,68.59,High,0,0.5320176697183161
HOS_624,Hospital,"Ankit Fracture, Maternity and Surgical Hospital",19.2240612,72.8666469,Flood,100.0,70.09,High,0,0.5320176697183161
HOS_624,Hospital,"Ankit Fracture, Maternity and Surgical Hospital",19.2240612,72.8666469,Geomagnetic,100.0,65.48,High,1,0.5365963600573629
HOS_624,Hospital,"Ankit Fracture, Maternity and Surgical Hospital",19.2240612,72.8666469,Heat,100.0,68.59,High,0,0.5320176697183161
HOS_625,Hospital,Asian Eye Institute And Laser Centre,19.2318937,72.8586904,Flood,100.0,66.72,High,0,0.5319042451247028
HOS_625,Hospital,Asian Eye Institute And Laser Centre,19.2318937,72.8586904,Geomagnetic,100.0,62.34,High,1,0.535573054272706
HOS_625,Hospital,Asian Eye Institute And Laser Centre,19.2318937,72.8586904,Heat,100.0,65.3,High,0,0.5319042451247028
HOS_626,Hospital,Crystal Hospitals,19.2240612,72.8666469,Flood,100.0,70.09,High,0,0.5320176697183161
HOS_626,Hospital,Crystal Hospitals,19.2240612,72.8666469,Geomagnetic,100.0,65.48,High,1,0.5365963600573629
HOS_626,Hospital,Crystal Hospitals,19.2240612,72.8666469,Heat,100.0,68.59,High,0,0.5320176697183161
HOS_627,Hospital,"Dr Parikhs Maternity, Gynaec, and General Hospital",19.2229268,72.8574421,Flood,100.0,66.72,High,0,0.5247904439964196
HOS_627,Hospital,"Dr Parikhs Maternity, Gynaec, and General Hospital",19.2229268,72.8574421,Geomagnetic,100.0,62.34,High,0,0.5283829200092184
HOS_627,Hospital,"Dr Parikhs Maternity, Gynaec, and General Hospital",19.2229268,72.8574421,Heat,100.0,65.3,High,0,0.5247904439964196
HOS_628,Hospital,"Dr. Mehta,S Maternity Home",19.0759837,72.8776559,Flood,100.0,61.68,High,0,0.4615533918676057
HOS_628,Hospital,"Dr. Mehta,S Maternity Home",19.0759837,72.8776559,Geomagnetic,100.0,57.63,High,0,0.4678510503457073
HOS_628,Hospital,"Dr. Mehta,S Maternity Home",19.0759837,72.8776559,Heat,100.0,60.36,High,0,0.4615533918676057
HOS_629,Hospital,Elite Hospital - Mumbai - Borivali (W),,,Flood,100.0,61.68,High,0,0.5244058818855553
HOS_629,Hospital,Elite Hospital - Mumbai - Borivali (W),,,Geomagnetic,100.0,57.63,High,1,0.540477420964363
HOS_629,Hospital,Elite Hospital - Mumbai - Borivali (W),,,Heat,100.0,60.36,High,0,0.5244058818855553
HOS_63,Hospital,Sir Hurkisondas Nurrotumdas Hospital and Research Center,,,Flood,100.0,61.68,High,0,0.5244058818855553
HOS_63,Hospital,Sir Hurkisondas Nurrotumdas Hospital and Research Center,,,Geomagnetic,100.0,57.63,High,1,0.540477420964363
HOS_63,Hospital,Sir Hurkisondas Nurrotumdas Hospital and Research Center,,,Heat,100.0,60.36,High,0,0.5244058818855553
HOS_630,Hospital,Mohit Hospital and Heart Centre,19.234019,72.8643053,Flood,100.0,66.72,High,1,0.539755952676024
HOS_630,Hospital,Mohit Hospital and Heart Centre,19.234019,72.8643053,Geomagnetic,100.0,62.34,High,1,0.5447558687945331
HOS_630,Hospital,Mohit Hospital and Heart Centre,19.234019,72.8643053,Heat,100.0,65.3,High,1,0.539755952676024
HOS_631,Hospital,Mukti Nursing Home,19.0759837,72.8776559,Flood,100.0,61.68,High,0,0.4615533918676057
HOS_631,Hospital,Mukti Nursing Home,19.0759837,72.8776559,Geomagnetic,100.0,57.63,High,0,0.4678510503457073
HOS_631,Hospital,Mukti Nursing Home,19.0759837,72.8776559,Heat,100.0,60.36,High,0,0.4615533918676057
HOS_632,Hospital,Narendra Hospital,19.0759837,72.8776559,Flood,100.0,61.68,High,0,0.4615533918676057
HOS_632,Hospital,Narendra Hospital,19.0759837,72.8776559,Geomagnetic,100.0,57.63,High,0,0.4678510503457073
HOS_632,Hospital,Narendra Hospital,19.0759837,72.8776559,Heat,100.0,60.36,High,0,0.4615533918676057
HOS_633,Hospital,"National Hospital, Borivli",,,Flood,100.0,61.68,High,0,0.5244058818855553
HOS_633,Hospital,"National Hospital, Borivli",,,Geomagnetic,100.0,57.63,High,1,0.540477420964363
HOS_633,Hospital,"National Hospital, Borivli",,,Heat,100.0,60.36,High,0,0.5244058818855553
HOS_634,Hospital,Navjeevan Global Heart Centre,19.2224441,72.8600404,Flood,100.0,66.72,High,0,0.525885781830783
HOS_634,Hospital,Navjeevan Global Heart Centre,19.2224441,72.8600404,Geomagnetic,100.0,62.34,High,0,0.5296053180445629
HOS_634,Hospital,Navjeevan Global Heart Centre,19.2224441,72.8600404,Heat,100.0,65.3,High,0,0.525885781830783
HOS_635,Hospital,Nirmay Mother Care Centre,19.2219048,72.842968,Flood,100.0,66.72,High,0,0.5271546358748231
HOS_635,Hospital,Nirmay Mother Care Centre,19.2219048,72.842968,Geomagnetic,100.0,62.34,High,0,0.5315135611118793
HOS_635,Hospital,Nirmay Mother Care Centre,19.2219048,72.842968,Heat,100.0,65.3,High,0,0.5271546358748231
HOS_636,Hospital,Parijat Child Health Clinic,19.2559121,72.8749632,Flood,100.0,66.72,High,1,0.5628764274645607
HOS_636,Hospital,Parijat Child Health Clinic,19.2559121,72.8749632,Geomagnetic,100.0,62.34,High,1,0.5658846577804171
HOS_636,Hospital,Parijat Child Health Clinic,19.2559121,72.8749632,Heat,100.0,65.3,High,1,0.5628764274645607
HOS_637,Hospital,Parmar Hospital,19.2300126,72.8619097,Flood,100.0,66.72,High,0,0.5295097737146497
HOS_637,Hospital,Parmar Hospital,19.2300126,72.8619097,Geomagnetic,100.0,62.34,High,1,0.5345941645720804
HOS_637,Hospital,Parmar Hospital,19.2300126,72.8619097,Heat,100.0,65.3,High,0,0.5295097737146497
HOS_638,Hospital,Purnima Hospital,19.2360202,72.8606066,Flood,100.0,66.72,High,1,0.5396502169513464
HOS_638,Hospital,Purnima Hospital,19.2360202,72.8606066,Geomagnetic,100.0,62.34,High,1,0.5444035408968012
HOS_638,Hospital,Purnima Hospital,19.2360202,72.8606066,Heat,100.0,65.3,High,1,0.5396502169513464
HOS_639,Hospital,Qualitas Diagnostics Center,19.2240612,72.8666469,Flood,100.0,70.09,High,0,0.5320176697183161
HOS_639,Hospital,Qualitas Diagnostics Center,19.2240612,72.8666469,Geomagnetic,100.0,65.48,High,1,0.5365963600573629
HOS_639,Hospital,Qualitas Diagnostics Center,19.2240612,72.8666469,Heat,100.0,68.59,High,0,0.5320176697183161
HOS_64,Hospital,Slr Fortis,,,Flood,100.0,61.68,High,0,0.5244058818855553
HOS_64,Hospital,Slr Fortis,,,Geomagnetic,100.0,57.63,High,1,0.540477420964363
HOS_64,Hospital,Slr Fortis,,,Heat,100.0,60.36,High,0,0.5244058818855553
HOS_640,Hospital,Raj Jyoti Heart Hospital,,,Flood,100.0,61.68,High,0,0.5244058818855553
HOS_640,Hospital,Raj Jyoti Heart Hospital,,,Geomagnetic,100.0,57.63,High,1,0.540477420964363
HOS_640,Hospital,Raj Jyoti Heart Hospital,,,Heat,100.0,60.36,High,0,0.5244058818855553
HOS_641,Hospital,Ratika Hospital and Research Centre,19.2240612,72.8666469,Flood,100.0,70.09,High,0,0.5320176697183161
HOS_641,Hospital,Ratika Hospital and Research Centre,19.2240612,72.8666469,Geomagnetic,100.0,65.48,High,1,0.5365963600573629
HOS_641,Hospital,Ratika Hospital and Research Centre,19.2240612,72.8666469,Heat,100.0,68.59,High,0,0.5320176697183161
HOS_642,Hospital,Riddhi Eye Clinic,19.2240612,72.8666469,Flood,100.0,70.09,High,0,0.5320176697183161
HOS_642,Hospital,Riddhi Eye Clinic,19.2240612,72.8666469,Geomagnetic,100.0,65.48,High,1,0.5365963600573629
HOS_642,Hospital,Riddhi Eye Clinic,19.2240612,72.8666469,Heat,100.0,68.59,High,0,0.5320176697183161
HOS_643,Hospital,Robindra Nursing Home,19.2240612,72.8666469,Flood,100.0,70.09,High,0,0.5320176697183161
HOS_643,Hospital,Robindra Nursing Home,19.2240612,72.8666469,Geomagnetic,100.0,65.48,High,1,0.5365963600573629
HOS_643,Hospital,Robindra Nursing Home,19.2240612,72.8666469,Heat,100.0,68.59,High,0,0.5320176697183161
HOS_644,Hospital,Roshni Eye Clinic,19.2277398,72.8594058,Flood,100.0,66.72,High,0,0.5276446447461135
HOS_644,Hospital,Roshni Eye Clinic,19.2277398,72.8594058,Geomagnetic,100.0,62.34,High,0,0.5319326060902887
HOS_644,Hospital,Roshni Eye Clinic,19.2277398,72.8594058,Heat,100.0,65.3,High,0,0.5276446447461135
HOS_645,Hospital,Saurin Hospital,,,Flood,100.0,61.68,High,0,0.5244058818855553
HOS_645,Hospital,Saurin Hospital,,,Geomagnetic,100.0,57.63,High,1,0.540477420964363
HOS_645,Hospital,Saurin Hospital,,,Heat,100.0,60.36,High,0,0.5244058818855553
HOS_646,Hospital,Shivam Eye Care Centre,19.2240612,72.8666469,Flood,100.0,70.09,High,0,0.5320176697183161
HOS_646,Hospital,Shivam Eye Care Centre,19.2240612,72.8666469,Geomagnetic,100.0,65.48,High,1,0.5365963600573629
HOS_646,Hospital,Shivam Eye Care Centre,19.2240612,72.8666469,Heat,100.0,68.59,High,0,0.5320176697183161
HOS_647,Hospital,Shree Krishna Hospital,19.2371877,72.8441358,Flood,100.0,66.72,High,1,0.5447166966074888
HOS_647,Hospital,Shree Krishna Hospital,19.2371877,72.8441358,Geomagnetic,100.0,62.34,High,1,0.5493641667413223
HOS_647,Hospital,Shree Krishna Hospital,19.2371877,72.8441358,Heat,100.0,65.3,High,1,0.5447166966074888
HOS_648,Hospital,Shri K V O Jain Manav Seva Kendra Navneet Hospital,19.2240612,72.8666469,Flood,100.0,70.09,High,0,0.5320176697183161
HOS_648,Hospital,Shri K V O Jain Manav Seva Kendra Navneet Hospital,19.2240612,72.8666469,Geomagnetic,100.0,65.48,High,1,0.5365963600573629
HOS_648,Hospital,Shri K V O Jain Manav Seva Kendra Navneet Hospital,19.2240612,72.8666469,Heat,100.0,68.59,High,0,0.5320176697183161
HOS_649,Hospital,Sumeet Nursing Home,19.0759837,72.8776559,Flood,100.0,61.68,High,0,0.4615533918676057
HOS_649,Hospital,Sumeet Nursing Home,19.0759837,72.8776559,Geomagnetic,100.0,57.63,High,0,0.4678510503457073
HOS_649,Hospital,Sumeet Nursing Home,19.0759837,72.8776559,Heat,100.0,60.36,High,0,0.4615533918676057
HOS_65,Hospital,Trinity Clinic Pvt.Ltd,18.9570051,72.8239724,Flood,100.0,61.68,High,1,0.5661168488010274
HOS_65,Hospital,Trinity Clinic Pvt.Ltd,18.9570051,72.8239724,Geomagnetic,100.0,57.63,High,1,0.5661168488010274
HOS_65,Hospital,Trinity Clinic Pvt.Ltd,18.9570051,72.8239724,Heat,100.0,60.36,High,1,0.5661168488010274
HOS_650,Hospital,Utkarsh Nursing Home,19.2248364,72.8566481,Flood,100.0,66.72,High,0,0.5267855687291226
HOS_650,Hospital,Utkarsh Nursing Home,19.2248364,72.8566481,Geomagnetic,100.0,62.34,High,0,0.5301431243434168
HOS_650,Hospital,Utkarsh Nursing Home,19.2248364,72.8566481,Heat,100.0,65.3,High,0,0.5267855687291226
HOS_651,Hospital,Aditya Eye Clinic,,,Flood,100.0,61.68,High,0,0.5244058818855553
HOS_651,Hospital,Aditya Eye Clinic,,,Geomagnetic,100.0,57.63,High,1,0.540477420964363
HOS_651,Hospital,Aditya Eye Clinic,,,Heat,100.0,60.36,High,0,0.5244058818855553
HOS_652,Hospital,Akshar Eye Clinic,19.1998211,72.842594,Flood,100.0,66.72,High,0,0.5096342579575251
HOS_652,Hospital,Akshar Eye Clinic,19.1998211,72.842594,Geomagnetic,100.0,62.34,High,0,0.5144513043683013
HOS_652,Hospital,Akshar Eye Clinic,19.1998211,72.842594,Heat,100.0,65.3,High,0,0.5096342579575251
HOS_653,Hospital,Anand Nursing Home,,,Flood,100.0,61.68,High,0,0.5244058818855553
HOS_653,Hospital,Anand Nursing Home,,,Geomagnetic,100.0,57.63,High,1,0.540477420964363
HOS_653,Hospital,Anand Nursing Home,,,Heat,100.0,60.36,High,0,0.5244058818855553
HOS_654,Hospital,Ankur Hospital,,,Flood,100.0,61.68,High,0,0.5244058818855553
HOS_654,Hospital,Ankur Hospital,,,Geomagnetic,100.0,57.63,High,1,0.540477420964363
HOS_654,Hospital,Ankur Hospital,,,Heat,100.0,60.36,High,0,0.5244058818855553
HOS_655,Hospital,Arya Womens Health Care Centre Surgical And Maternity Home,,,Flood,100.0,61.68,High,0,0.5244058818855553
HOS_655,Hospital,Arya Womens Health Care Centre Surgical And Maternity Home,,,Geomagnetic,100.0,57.63,High,1,0.540477420964363
HOS_655,Hospital,Arya Womens Health Care Centre Surgical And Maternity Home,,,Heat,100.0,60.36,High,0,0.5244058818855553
HOS_656,Hospital,Bhatia Maternity and Ivf Centre,19.1980732,72.8426229,Flood,100.0,66.72,High,0,0.5088066622435256
HOS_656,Hospital,Bhatia Maternity and Ivf Centre,19.1980732,72.8426229,Geomagnetic,100.0,62.34,High,0,0.513268498298942
HOS_656,Hospital,Bhatia Maternity and Ivf Centre,19.1980732,72.8426229,Heat,100.0,65.3,High,0,0.5088066622435256
HOS_657,Hospital,Cocoon Lyfcare,,,Flood,100.0,61.68,High,0,0.5244058818855553
HOS_657,Hospital,Cocoon Lyfcare,,,Geomagnetic,100.0,57.63,High,1,0.540477420964363
HOS_657,Hospital,Cocoon Lyfcare,,,Heat,100.0,60.36,High,0,0.5244058818855553
HOS_658,Hospital,Dr Reena Mokal Nursing Home and Polyclinic,19.2153192,72.8152087,Flood,100.0,61.68,High,1,0.5652468644406058
HOS_658,Hospital,Dr Reena Mokal Nursing Home and Polyclinic,19.2153192,72.8152087,Geomagnetic,100.0,57.63,High,1,0.5674555411733029
HOS_658,Hospital,Dr Reena Mokal Nursing Home and Polyclinic,19.2153192,72.8152087,Heat,100.0,60.36,High,1,0.5652468644406058
HOS_659,Hospital,Dr. Vora`S Premature Critical Care and General Hospital,19.2077867,72.8423686,Flood,100.0,66.72,High,0,0.5150509786606611
HOS_659,Hospital,Dr. Vora`S Premature Critical Care and General Hospital,19.2077867,72.8423686,Geomagnetic,100.0,62.34,High,0,0.520544504030858
HOS_659,Hospital,Dr. Vora`S Premature Critical Care and General Hospital,19.2077867,72.8423686,Heat,100.0,65.3,High,0,0.5150509786606611
HOS_66,Hospital,Ursekar Laser and Microssurgery Eye Clinic,,,Flood,100.0,61.68,High,0,0.5244058818855553
HOS_66,Hospital,Ursekar Laser and Microssurgery Eye Clinic,,,Geomagnetic,100.0,57.63,High,1,0.540477420964363
HOS_66,Hospital,Ursekar Laser and Microssurgery Eye Clinic,,,Heat,100.0,60.36,High,0,0.5244058818855553
HOS_660,Hospital,Dwarkesh Nursing Home,,,Flood,100.0,61.68,High,0,0.5244058818855553
HOS_660,Hospital,Dwarkesh Nursing Home,,,Geomagnetic,100.0,57.63,High,1,0.540477420964363
HOS_660,Hospital,Dwarkesh Nursing Home,,,Heat,100.0,60.36,High,0,0.5244058818855553
HOS_661,Hospital,Gayatri Maternity and Gynaec Clinic,19.2100454,72.8183494,Flood,100.0,61.68,High,1,0.5558404004454841
HOS_661,Hospital,Gayatri Maternity and Gynaec Clinic,19.2100454,72.8183494,Geomagnetic,100.0,57.63,High,1,0.5578864881991992
HOS_661,Hospital,Gayatri Maternity and Gynaec Clinic,19.2100454,72.8183494,Heat,100.0,60.36,High,1,0.5558404004454841
HOS_662,Hospital,Grace Maternity and Nursing Home - Kandivli (W),19.2064817,72.8384842,Flood,100.0,66.72,High,0,0.517994092871656
HOS_662,Hospital,Grace Maternity and Nursing Home - Kandivli (W),19.2064817,72.8384842,Geomagnetic,100.0,62.34,High,0,0.5242397501109096
HOS_662,Hospital,Grace Maternity and Nursing Home - Kandivli (W),19.2064817,72.8384842,Heat,100.0,65.3,High,0,0.517994092871656
HOS_663,Hospital,Gyatri Maternity and Gynaec Clinc,19.2100454,72.8183494,Flood,100.0,61.68,High,1,0.5558404004454841
HOS_663,Hospital,Gyatri Maternity and Gynaec Clinc,19.2100454,72.8183494,Geomagnetic,100.0,57.63,High,1,0.5578864881991992
HOS_663,Hospital,Gyatri Maternity and Gynaec Clinc,19.2100454,72.8183494,Heat,100.0,60.36,High,1,0.5558404004454841
HOS_664,Hospital,Hi-Tech Urology Centre,,,Flood,100.0,61.68,High,0,0.5244058818855553
HOS_664,Hospital,Hi-Tech Urology Centre,,,Geomagnetic,100.0,57.63,High,1,0.540477420964363
HOS_664,Hospital,Hi-Tech Urology Centre,,,Heat,100.0,60.36,High,0,0.5244058818855553
HOS_665,Hospital,Jay Maternity and Nursing Home,,,Flood,100.0,61.68,High,0,0.5244058818855553
HOS_665,Hospital,Jay Maternity and Nursing Home,,,Geomagnetic,100.0,57.63,High,1,0.540477420964363
HOS_665,Hospital,Jay Maternity and Nursing Home,,,Heat,100.0,60.36,High,0,0.5244058818855553
HOS_666,Hospital,Jaydeep Eye and Physiotherapy Clinic - Kandivli,19.0759837,72.8776559,Flood,100.0,61.68,High,0,0.4615533918676057
HOS_666,Hospital,Jaydeep Eye and Physiotherapy Clinic - Kandivli,19.0759837,72.8776559,Geomagnetic,100.0,57.63,High,0,0.4678510503457073
HOS_666,Hospital,Jaydeep Eye and Physiotherapy Clinic - Kandivli,19.0759837,72.8776559,Heat,100.0,60.36,High,0,0.4615533918676057
HOS_667,Hospital,Jobanputra Nursing Home,19.206912,72.850038,Flood,100.0,66.72,High,0,0.5134200479375262
HOS_667,Hospital,Jobanputra Nursing Home,19.206912,72.850038,Geomagnetic,100.0,62.34,High,0,0.5175666516725088
HOS_667,Hospital,Jobanputra Nursing Home,19.206912,72.850038,Heat,100.0,65.3,High,0,0.5134200479375262
HOS_668,Hospital,Kanchanganga Polyclinic and Nursing H0Me,19.0759837,72.8776559,Flood,100.0,61.68,High,0,0.4615533918676057
HOS_668,Hospital,Kanchanganga Polyclinic and Nursing H0Me,19.0759837,72.8776559,Geomagnetic,100.0,57.63,High,0,0.4678510503457073
HOS_668,Hospital,Kanchanganga Polyclinic and Nursing H0Me,19.0759837,72.8776559,Heat,100.0,60.36,High,0,0.4615533918676057
HOS_669,Hospital,Khm Medical Centre Shree Kandivli Hitwardhak Mandal Kandivali,,,Flood,100.0,61.68,High,0,0.5244058818855553
HOS_669,Hospital,Khm Medical Centre Shree Kandivli Hitwardhak Mandal Kandivali,,,Geomagnetic,100.0,57.63,High,1,0.540477420964363
HOS_669,Hospital,Khm Medical Centre Shree Kandivli Hitwardhak Mandal Kandivali,,,Heat,100.0,60.36,High,0,0.5244058818855553
HOS_67,Hospital,V.A.D.T Nursing Home,19.0759837,72.8776559,Flood,100.0,61.68,High,0,0.4615533918676057
HOS_67,Hospital,V.A.D.T Nursing Home,19.0759837,72.8776559,Geomagnetic,100.0,57.63,High,0,0.4678510503457073
HOS_67,Hospital,V.A.D.T Nursing Home,19.0759837,72.8776559,Heat,100.0,60.36,High,0,0.4615533918676057
HOS_671,Hospital,Kshar Eye Clinic,,,Flood,100.0,61.68,High,0,0.5244058818855553
HOS_671,Hospital,Kshar Eye Clinic,,,Geomagnetic,100.0,57.63,High,1,0.540477420964363
HOS_671,Hospital,Kshar Eye Clinic,,,Heat,100.0,60.36,High,0,0.5244058818855553
HOS_672,Hospital,"Matushree Maternity, Surgical and General Nursing Home",,,Flood,100.0,61.68,High,0,0.5244058818855553
HOS_672,Hospital,"Matushree Maternity, Surgical and General Nursing Home",,,Geomagnetic,100.0,57.63,High,1,0.540477420964363
HOS_672,Hospital,"Matushree Maternity, Surgical and General Nursing Home",,,Heat,100.0,60.36,High,0,0.5244058818855553
HOS_673,Hospital,Medicenter Nursing Home,19.0759837,72.8776559,Flood,100.0,61.68,High,0,0.4615533918676057
HOS_673,Hospital,Medicenter Nursing Home,19.0759837,72.8776559,Geomagnetic,100.0,57.63,High,0,0.4678510503457073
HOS_673,Hospital,Medicenter Nursing Home,19.0759837,72.8776559,Heat,100.0,60.36,High,0,0.4615533918676057
HOS_674,Hospital,Mediheights Health Care Foundation,,,Flood,100.0,61.68,High,0,0.5244058818855553
HOS_674,Hospital,Mediheights Health Care Foundation,,,Geomagnetic,100.0,57.63,High,1,0.540477420964363
HOS_674,Hospital,Mediheights Health Care Foundation,,,Heat,100.0,60.36,High,0,0.5244058818855553
HOS_675,Hospital,Mediheights Shreeji Healthcare Hospitals Private Limited,,,Flood,100.0,61.68,High,0,0.5244058818855553
HOS_675,Hospital,Mediheights Shreeji Healthcare Hospitals Private Limited,,,Geomagnetic,100.0,57.63,High,1,0.540477420964363
HOS_675,Hospital,Mediheights Shreeji Healthcare Hospitals Private Limited,,,Heat,100.0,60.36,High,0,0.5244058818855553
HOS_676,Hospital,Nidhi Nursing Home and Iccu,19.2063004,72.841578,Flood,100.0,66.72,High,0,0.5154307767100313
HOS_676,Hospital,Nidhi Nursing Home and Iccu,19.2063004,72.841578,Geomagnetic,100.0,62.34,High,0,0.5206934373210977
HOS_676,Hospital,Nidhi Nursing Home and Iccu,19.2063004,72.841578,Heat,100.0,65.3,High,0,0.5154307767100313
HOS_677,Hospital,Paarth Hospital,19.1998211,72.842594,Flood,100.0,66.72,High,0,0.5096342579575251
HOS_677,Hospital,Paarth Hospital,19.1998211,72.842594,Geomagnetic,100.0,62.34,High,0,0.5144513043683013
HOS_677,Hospital,Paarth Hospital,19.1998211,72.842594,Heat,100.0,65.3,High,0,0.5096342579575251
HOS_678,Hospital,Panorama Eye Clinic Superspeciality Eye Care,19.206847,72.8443572,Flood,100.0,66.72,High,0,0.5142712259739579
HOS_678,Hospital,Panorama Eye Clinic Superspeciality Eye Care,19.206847,72.8443572,Geomagnetic,100.0,62.34,High,0,0.5194400909971997
HOS_678,Hospital,Panorama Eye Clinic Superspeciality Eye Care,19.206847,72.8443572,Heat,100.0,65.3,High,0,0.5142712259739579
HOS_679,Hospital,Paras Nuriing Home,,,Flood,100.0,61.68,High,0,0.5244058818855553
HOS_679,Hospital,Paras Nuriing Home,,,Geomagnetic,100.0,57.63,High,1,0.540477420964363
HOS_679,Hospital,Paras Nuriing Home,,,Heat,100.0,60.36,High,0,0.5244058818855553
HOS_68,Hospital,Yogeshwar Surgical Clinic and Nursing Home - Mumbai,,,Flood,100.0,61.68,High,0,0.5244058818855553
HOS_68,Hospital,Yogeshwar Surgical Clinic and Nursing Home - Mumbai,,,Geomagnetic,100.0,57.63,High,1,0.540477420964363
HOS_68,Hospital,Yogeshwar Surgical Clinic and Nursing Home - Mumbai,,,Heat,100.0,60.36,High,0,0.5244058818855553
HOS_680,Hospital,Parvatibai Chavan Charitable Trust - Kandivli,19.0759837,72.8776559,Flood,100.0,61.68,High,0,0.4615533918676057
HOS_680,Hospital,Parvatibai Chavan Charitable Trust - Kandivli,19.0759837,72.8776559,Geomagnetic,100.0,57.63,High,0,0.4678510503457073
HOS_680,Hospital,Parvatibai Chavan Charitable Trust - Kandivli,19.0759837,72.8776559,Heat,100.0,60.36,High,0,0.4615533918676057
HOS_681,Hospital,Raichura Prasuti Gruha,19.0759837,72.8776559,Flood,100.0,61.68,High,0,0.4615533918676057
HOS_681,Hospital,Raichura Prasuti Gruha,19.0759837,72.8776559,Geomagnetic,100.0,57.63,High,0,0.4678510503457073
HOS_681,Hospital,Raichura Prasuti Gruha,19.0759837,72.8776559,Heat,100.0,60.36,High,0,0.4615533918676057
HOS_682,Hospital,Sai Pratik Surgical Clinic - Kandivli (W),,,Flood,100.0,61.68,High,0,0.5244058818855553
HOS_682,Hospital,Sai Pratik Surgical Clinic - Kandivli (W),,,Geomagnetic,100.0,57.63,High,1,0.540477420964363
HOS_682,Hospital,Sai Pratik Surgical Clinic - Kandivli (W),,,Heat,100.0,60.36,High,0,0.5244058818855553
HOS_683,Hospital,Sai Vilayatrai Charitable Polyclinc,19.2019348,72.8446558,Flood,100.0,66.72,High,0,0.5116210664718143
HOS_683,Hospital,Sai Vilayatrai Charitable Polyclinc,19.2019348,72.8446558,Geomagnetic,100.0,62.34,High,0,0.5161730446715669
HOS_683,Hospital,Sai Vilayatrai Charitable Polyclinc,19.2019348,72.8446558,Heat,100.0,65.3,High,0,0.5116210664718143
HOS_684,Hospital,Saraswati Hospital(Kandivali),19.1998211,72.842594,Flood,100.0,66.72,High,0,0.5096342579575251
HOS_684,Hospital,Saraswati Hospital(Kandivali),19.1998211,72.842594,Geomagnetic,100.0,62.34,High,0,0.5144513043683013
HOS_684,Hospital,Saraswati Hospital(Kandivali),19.1998211,72.842594,Heat,100.0,65.3,High,0,0.5096342579575251
HOS_685,Hospital,Shah Surgical Hospital and Maternity Home P. Ltd.,19.2039462,72.8492897,Flood,100.0,66.72,High,0,0.5133919938499939
HOS_685,Hospital,Shah Surgical Hospital and Maternity Home P. Ltd.,19.2039462,72.8492897,Geomagnetic,100.0,62.34,High,0,0.5174571963918984
HOS_685,Hospital,Shah Surgical Hospital and Maternity Home P. Ltd.,19.2039462,72.8492897,Heat,100.0,65.3,High,0,0.5133919938499939
HOS_686,Hospital,Shakuntala Bhatia Maternity and Gen Hospital,,,Flood,100.0,61.68,High,0,0.5244058818855553
HOS_686,Hospital,Shakuntala Bhatia Maternity and Gen Hospital,,,Geomagnetic,100.0,57.63,High,1,0.540477420964363
HOS_686,Hospital,Shakuntala Bhatia Maternity and Gen Hospital,,,Heat,100.0,60.36,High,0,0.5244058818855553
HOS_687,Hospital,Shivam Nursing Home,19.0759837,72.8776559,Flood,100.0,61.68,High,0,0.4615533918676057
HOS_687,Hospital,Shivam Nursing Home,19.0759837,72.8776559,Geomagnetic,100.0,57.63,High,0,0.4678510503457073
HOS_687,Hospital,Shivam Nursing Home,19.0759837,72.8776559,Heat,100.0,60.36,High,0,0.4615533918676057
HOS_688,Hospital,Shree Krishna Hospital - Kandivali,19.1936411,72.8435167,Flood,100.0,66.72,High,0,0.5068026002265063
HOS_688,Hospital,Shree Krishna Hospital - Kandivali,19.1936411,72.8435167,Geomagnetic,100.0,62.34,High,0,0.5122022248817653
HOS_688,Hospital,Shree Krishna Hospital - Kandivali,19.1936411,72.8435167,Heat,100.0,65.3,High,0,0.5068026002265063
HOS_689,Hospital,Shree Nagesh Childrens Hospital,19.2177774,72.8301306,Flood,100.0,61.68,High,1,0.5449982398928143
HOS_689,Hospital,Shree Nagesh Childrens Hospital,19.2177774,72.8301306,Geomagnetic,100.0,57.63,High,1,0.5489668768688196
HOS_689,Hospital,Shree Nagesh Childrens Hospital,19.2177774,72.8301306,Heat,100.0,60.36,High,1,0.5449982398928143
HOS_69,Hospital,Indu Clinic,18.9276348,72.8330646,Flood,100.0,61.68,High,1,0.5703979280315946
HOS_69,Hospital,Indu Clinic,18.9276348,72.8330646,Geomagnetic,100.0,57.63,High,1,0.5703979280315946
HOS_69,Hospital,Indu Clinic,18.9276348,72.8330646,Heat,100.0,60.36,High,1,0.5703979280315946
HOS_690,Hospital,Sumangal Hospital,19.1998211,72.842594,Flood,100.0,66.72,High,0,0.5096342579575251
HOS_690,Hospital,Sumangal Hospital,19.1998211,72.842594,Geomagnetic,100.0,62.34,High,0,0.5144513043683013
HOS_690,Hospital,Sumangal Hospital,19.1998211,72.842594,Heat,100.0,65.3,High,0,0.5096342579575251
HOS_691,Hospital,Swapneel Nursing Home,19.0759837,72.8776559,Flood,100.0,61.68,High,0,0.4615533918676057
HOS_691,Hospital,Swapneel Nursing Home,19.0759837,72.8776559,Geomagnetic,100.0,57.63,High,0,0.4678510503457073
HOS_691,Hospital,Swapneel Nursing Home,19.0759837,72.8776559,Heat,100.0,60.36,High,0,0.4615533918676057
HOS_692,Hospital,Vinayak Nursing Home`,19.2050369,72.8389113,Flood,100.0,66.72,High,0,0.5164873848478627
HOS_692,Hospital,Vinayak Nursing Home`,19.2050369,72.8389113,Geomagnetic,100.0,62.34,High,0,0.5219907820820332
HOS_692,Hospital,Vinayak Nursing Home`,19.2050369,72.8389113,Heat,100.0,65.3,High,0,0.5164873848478627
HOS_693,Hospital,Vrindavan Nursing Home,,,Flood,100.0,61.68,High,0,0.5244058818855553
HOS_693,Hospital,Vrindavan Nursing Home,,,Geomagnetic,100.0,57.63,High,1,0.540477420964363
HOS_693,Hospital,Vrindavan Nursing Home,,,Heat,100.0,60.36,High,0,0.5244058818855553
HOS_694,Hospital,Abhinav Sushrut Hospital,19.2540545,72.8620298,Flood,100.0,66.72,High,1,0.5510498880689305
HOS_694,Hospital,Abhinav Sushrut Hospital,19.2540545,72.8620298,Geomagnetic,100.0,62.34,High,1,0.5546404489808684
HOS_694,Hospital,Abhinav Sushrut Hospital,19.2540545,72.8620298,Heat,100.0,65.3,High,1,0.5510498880689305
HOS_695,Hospital,Akshit Maternity Home,19.2542542,72.8646698,Flood,100.0,66.72,High,1,0.5541975673661218
HOS_695,Hospital,Akshit Maternity Home,19.2542542,72.8646698,Geomagnetic,100.0,62.34,High,1,0.5579344541825103
HOS_695,Hospital,Akshit Maternity Home,19.2542542,72.8646698,Heat,100.0,65.3,High,1,0.5541975673661218
HOS_697,Hospital,Arihant Eye Care Centre,,,Flood,100.0,61.68,High,0,0.5244058818855553
HOS_697,Hospital,Arihant Eye Care Centre,,,Geomagnetic,100.0,57.63,High,1,0.540477420964363
HOS_697,Hospital,Arihant Eye Care Centre,,,Heat,100.0,60.36,High,0,0.5244058818855553
HOS_698,Hospital,Ashirwad Maternity and Nursing Home - Dahisar,19.2539332,72.8672448,Flood,100.0,66.72,High,1,0.5555347940681153
HOS_698,Hospital,Ashirwad Maternity and Nursing Home - Dahisar,19.2539332,72.8672448,Geomagnetic,100.0,62.34,High,1,0.5584098547076072
HOS_698,Hospital,Ashirwad Maternity and Nursing Home - Dahisar,19.2539332,72.8672448,Heat,100.0,65.3,High,1,0.5555347940681153
HOS_699,Hospital,Balaji Polyclinic and Criticare Centre,19.2406676,72.8685001,Flood,100.0,66.72,High,1,0.5502295072623283
HOS_699,Hospital,Balaji Polyclinic and Criticare Centre,19.2406676,72.8685001,Geomagnetic,100.0,62.34,High,1,0.552577991392717
HOS_699,Hospital,Balaji Polyclinic and Criticare Centre,19.2406676,72.8685001,Heat,100.0,65.3,High,1,0.5502295072623283
HOS_7,Hospital,Doshi Nursing Home,19.0796375,72.9070116,Flood,100.0,61.68,High,0,0.4851076813731457
HOS_7,Hospital,Doshi Nursing Home,19.0796375,72.9070116,Geomagnetic,100.0,57.63,High,0,0.4889658150537271
HOS_7,Hospital,Doshi Nursing Home,19.0796375,72.9070116,Heat,100.0,60.36,High,0,0.4851076813731457
HOS_70,Hospital,Inhs Asvini,18.9002475,72.8152995,Flood,100.0,61.68,High,1,0.6001373599430028
HOS_70,Hospital,Inhs Asvini,18.9002475,72.8152995,Geomagnetic,100.0,57.63,High,1,0.6001373599430028
HOS_70,Hospital,Inhs Asvini,18.9002475,72.8152995,Heat,100.0,60.36,High,1,0.6001373599430028
HOS_700,Hospital,Dr Ajay Shah Pathology,19.2539332,72.8672448,Flood,100.0,66.72,High,1,0.5555347940681153
HOS_700,Hospital,Dr Ajay Shah Pathology,19.2539332,72.8672448,Geomagnetic,100.0,62.34,High,1,0.5584098547076072
HOS_700,Hospital,Dr Ajay Shah Pathology,19.2539332,72.8672448,Heat,100.0,65.3,High,1,0.5555347940681153
HOS_701,Hospital,Dr Mandar Pandit Clinic,19.2530795,72.8575571,Flood,100.0,66.72,High,1,0.5504644366678024
HOS_701,Hospital,Dr Mandar Pandit Clinic,19.2530795,72.8575571,Geomagnetic,100.0,62.34,High,1,0.5540316733600685
HOS_701,Hospital,Dr Mandar Pandit Clinic,19.2530795,72.8575571,Heat,100.0,65.3,High,1,0.5504644366678024
HOS_702,Hospital,Dr Worlikar's Shree Surgical and General Nursing Home,19.2539332,72.8672448,Flood,100.0,66.72,High,1,0.5555347940681153
HOS_702,Hospital,Dr Worlikar's Shree Surgical and General Nursing Home,19.2539332,72.8672448,Geomagnetic,100.0,62.34,High,1,0.5584098547076072
HOS_702,Hospital,Dr Worlikar's Shree Surgical and General Nursing Home,19.2539332,72.8672448,Heat,100.0,65.3,High,1,0.5555347940681153
HOS_703,Hospital,Dr. M. L Dhawale Memorial Trust,19.2512619,72.8601956,Flood,100.0,66.72,High,1,0.5516944839418938
HOS_703,Hospital,Dr. M. L Dhawale Memorial Trust,19.2512619,72.8601956,Geomagnetic,100.0,62.34,High,1,0.5550164683128204
HOS_703,Hospital,Dr. M. L Dhawale Memorial Trust,19.2512619,72.8601956,Heat,100.0,65.3,High,1,0.5516944839418938
HOS_704,Hospital,Dr.Nikams Eye Care And Laser Centre,19.2511357,72.8575344,Flood,100.0,66.72,High,1,0.550753401713755
HOS_704,Hospital,Dr.Nikams Eye Care And Laser Centre,19.2511357,72.8575344,Geomagnetic,100.0,62.34,High,1,0.5540695789513094
HOS_704,Hospital,Dr.Nikams Eye Care And Laser Centre,19.2511357,72.8575344,Heat,100.0,65.3,High,1,0.550753401713755
HOS_705,Hospital,Jai Ambe Poly Clinic Nursing Home and Maternity Hosp,19.2539332,72.8672448,Flood,100.0,66.72,High,1,0.5555347940681153
HOS_705,Hospital,Jai Ambe Poly Clinic Nursing Home and Maternity Hosp,19.2539332,72.8672448,Geomagnetic,100.0,62.34,High,1,0.5584098547076072
HOS_705,Hospital,Jai Ambe Poly Clinic Nursing Home and Maternity Hosp,19.2539332,72.8672448,Heat,100.0,65.3,High,1,0.5555347940681153
HOS_706,Hospital,Kk Maternity And General Hospital,19.2467802,72.8610276,Flood,100.0,66.72,High,1,0.54891475198768
HOS_706,Hospital,Kk Maternity And General Hospital,19.2467802,72.8610276,Geomagnetic,100.0,62.34,High,1,0.5518335526925813
HOS_706,Hospital,Kk Maternity And General Hospital,19.2467802,72.8610276,Heat,100.0,65.3,High,1,0.54891475198768
HOS_707,Hospital,"Life Line Hospital - Dahisar,Mumbai",19.2539332,72.8672448,Flood,100.0,66.72,High,1,0.5555347940681153
HOS_707,Hospital,"Life Line Hospital - Dahisar,Mumbai",19.2539332,72.8672448,Geomagnetic,100.0,62.34,High,1,0.5584098547076072
HOS_707,Hospital,"Life Line Hospital - Dahisar,Mumbai",19.2539332,72.8672448,Heat,100.0,65.3,High,1,0.5555347940681153
HOS_708,Hospital,Namitha Polyclinic and Hospital,19.2539332,72.8672448,Flood,100.0,66.72,High,1,0.5555347940681153
HOS_708,Hospital,Namitha Polyclinic and Hospital,19.2539332,72.8672448,Geomagnetic,100.0,62.34,High,1,0.5584098547076072
HOS_708,Hospital,Namitha Polyclinic and Hospital,19.2539332,72.8672448,Heat,100.0,65.3,High,1,0.5555347940681153
HOS_709,Hospital,Navdurga Fracture And Accident Centre,19.2539332,72.8672448,Flood,100.0,66.72,High,1,0.5555347940681153
HOS_709,Hospital,Navdurga Fracture And Accident Centre,19.2539332,72.8672448,Geomagnetic,100.0,62.34,High,1,0.5584098547076072
HOS_709,Hospital,Navdurga Fracture And Accident Centre,19.2539332,72.8672448,Heat,100.0,65.3,High,1,0.5555347940681153
HOS_71,Hospital,Sujata Medicare (Sujata Gyanaecology Clinic),19.1198548,72.8464601,Flood,100.0,61.68,High,0,0.4689136358447667
HOS_71,Hospital,Sujata Medicare (Sujata Gyanaecology Clinic),19.1198548,72.8464601,Geomagnetic,100.0,57.63,High,0,0.474183731327029
HOS_71,Hospital,Sujata Medicare (Sujata Gyanaecology Clinic),19.1198548,72.8464601,Heat,100.0,60.36,High,0,0.4689136358447667
HOS_710,Hospital,Navjeevan Urology and Stone Care Centre,19.1551485,72.8678551,Flood,100.0,61.68,High,0,0.483490502461703
HOS_710,Hospital,Navjeevan Urology and Stone Care Centre,19.1551485,72.8678551,Geomagnetic,100.0,57.63,High,0,0.4934945397720785
HOS_710,Hospital,Navjeevan Urology and Stone Care Centre,19.1551485,72.8678551,Heat,100.0,60.36,High,0,0.483490502461703
HOS_711,Hospital,Navneet Hi-Tech,19.2539332,72.8672448,Flood,100.0,66.72,High,1,0.5555347940681153
HOS_711,Hospital,Navneet Hi-Tech,19.2539332,72.8672448,Geomagnetic,100.0,62.34,High,1,0.5584098547076072
HOS_711,Hospital,Navneet Hi-Tech,19.2539332,72.8672448,Heat,100.0,65.3,High,1,0.5555347940681153
HOS_712,Hospital,Rohit Nursing Home - Dahisar,19.2515368,72.8637467,Flood,100.0,66.72,High,1,0.5523581619915218
HOS_712,Hospital,Rohit Nursing Home - Dahisar,19.2515368,72.8637467,Geomagnetic,100.0,62.34,High,1,0.5558094795420819
HOS_712,Hospital,Rohit Nursing Home - Dahisar,19.2515368,72.8637467,Heat,100.0,65.3,High,1,0.5523581619915218
HOS_713,Hospital,Sanghavi Eye and Diabetes Care Center,19.2539332,72.8672448,Flood,100.0,66.72,High,1,0.5555347940681153
HOS_713,Hospital,Sanghavi Eye and Diabetes Care Center,19.2539332,72.8672448,Geomagnetic,100.0,62.34,High,1,0.5584098547076072
HOS_713,Hospital,Sanghavi Eye and Diabetes Care Center,19.2539332,72.8672448,Heat,100.0,65.3,High,1,0.5555347940681153
HOS_714,Hospital,Sanjivani Hospital,,,Flood,100.0,61.68,High,0,0.5244058818855553
HOS_714,Hospital,Sanjivani Hospital,,,Geomagnetic,100.0,57.63,High,1,0.540477420964363
HOS_714,Hospital,Sanjivani Hospital,,,Heat,100.0,60.36,High,0,0.5244058818855553
HOS_715,Hospital,Shri K.V.O.Jain Manav Seva Kendra Navneet High -Te,19.255128,72.8568499,Flood,100.0,61.68,High,1,0.5526356913257129
HOS_715,Hospital,Shri K.V.O.Jain Manav Seva Kendra Navneet High -Te,19.255128,72.8568499,Geomagnetic,100.0,57.63,High,1,0.5554883262735268
HOS_715,Hospital,Shri K.V.O.Jain Manav Seva Kendra Navneet High -Te,19.255128,72.8568499,Heat,100.0,60.36,High,1,0.5526356913257129
HOS_716,Hospital,Sukhsagar Hospital,19.2564386,72.8546344,Flood,100.0,61.68,High,1,0.5536231077181586
HOS_716,Hospital,Sukhsagar Hospital,19.2564386,72.8546344,Geomagnetic,100.0,57.63,High,1,0.5575671376157901
HOS_716,Hospital,Sukhsagar Hospital,19.2564386,72.8546344,Heat,100.0,60.36,High,1,0.5536231077181586
HOS_717,Hospital,Total Woman Medical Centre - Dahisar,19.243804,72.865917,Flood,100.0,66.72,High,1,0.5503134238785597
HOS_717,Hospital,Total Woman Medical Centre - Dahisar,19.243804,72.865917,Geomagnetic,100.0,62.34,High,1,0.5539634530990981
HOS_717,Hospital,Total Woman Medical Centre - Dahisar,19.243804,72.865917,Heat,100.0,65.3,High,1,0.5503134238785597
HOS_718,Hospital,Vdurga Fracture And Accident Centre,19.2539332,72.8672448,Flood,100.0,66.72,High,1,0.5555347940681153
HOS_718,Hospital,Vdurga Fracture And Accident Centre,19.2539332,72.8672448,Geomagnetic,100.0,62.34,High,1,0.5584098547076072
HOS_718,Hospital,Vdurga Fracture And Accident Centre,19.2539332,72.8672448,Heat,100.0,65.3,High,1,0.5555347940681153
HOS_719,Hospital,Vijay Polyclinic and Care Centre,19.2539332,72.8672448,Flood,100.0,66.72,High,1,0.5555347940681153
HOS_719,Hospital,Vijay Polyclinic and Care Centre,19.2539332,72.8672448,Geomagnetic,100.0,62.34,High,1,0.5584098547076072
HOS_719,Hospital,Vijay Polyclinic and Care Centre,19.2539332,72.8672448,Heat,100.0,65.3,High,1,0.5555347940681153
HOS_72,Hospital,Zaveri Eye Clinic,19.0723058,73.0006774,Flood,100.0,61.68,High,1,0.5967500579715758
HOS_72,Hospital,Zaveri Eye Clinic,19.0723058,73.0006774,Geomagnetic,100.0,57.63,High,1,0.5989648841446721
HOS_72,Hospital,Zaveri Eye Clinic,19.0723058,73.0006774,Heat,100.0,60.36,High,1,0.5967500579715758
HOS_720,Hospital,Vishwanath Hospital,19.2434168,72.8671305,Flood,100.0,66.72,High,1,0.5497187045990243
HOS_720,Hospital,Vishwanath Hospital,19.2434168,72.8671305,Geomagnetic,100.0,62.34,High,1,0.552634986143231
HOS_720,Hospital,Vishwanath Hospital,19.2434168,72.8671305,Heat,100.0,65.3,High,1,0.5497187045990243
HOS_721,Hospital,Amardeep Nursing Home,,,Flood,100.0,61.68,High,0,0.5244058818855553
HOS_721,Hospital,Amardeep Nursing Home,,,Geomagnetic,100.0,57.63,High,1,0.540477420964363
HOS_721,Hospital,Amardeep Nursing Home,,,Heat,100.0,60.36,High,0,0.5244058818855553
HOS_722,Hospital,Carewell Nursing Home,19.1123849,72.8669884,Flood,100.0,61.68,High,0,0.4628055689222781
HOS_722,Hospital,Carewell Nursing Home,19.1123849,72.8669884,Geomagnetic,100.0,57.63,High,0,0.4701360780928502
HOS_722,Hospital,Carewell Nursing Home,19.1123849,72.8669884,Heat,100.0,60.36,High,0,0.4628055689222781
HOS_723,Hospital,Dr. M.C.Desai Eye Clinic and Microsurgury Eye Centre,19.1188585,72.8802146,Flood,100.0,61.68,High,0,0.4727212614611294
HOS_723,Hospital,Dr. M.C.Desai Eye Clinic and Microsurgury Eye Centre,19.1188585,72.8802146,Geomagnetic,100.0,57.63,High,0,0.4768346325478071
HOS_723,Hospital,Dr. M.C.Desai Eye Clinic and Microsurgury Eye Centre,19.1188585,72.8802146,Heat,100.0,60.36,High,0,0.4727212614611294
HOS_724,Hospital,E N T Clinic and Deafness Center,19.1154908,72.8726952,Flood,100.0,61.68,High,0,0.4643529213113688
HOS_724,Hospital,E N T Clinic and Deafness Center,19.1154908,72.8726952,Geomagnetic,100.0,57.63,High,0,0.4696226746624177
HOS_724,Hospital,E N T Clinic and Deafness Center,19.1154908,72.8726952,Heat,100.0,60.36,High,0,0.4643529213113688
HOS_725,Hospital,Jain Nursing Home,19.1211714,72.853548,Flood,100.0,61.68,High,0,0.4639183593454483
HOS_725,Hospital,Jain Nursing Home,19.1211714,72.853548,Geomagnetic,100.0,57.63,High,0,0.4708053435108312
HOS_725,Hospital,Jain Nursing Home,19.1211714,72.853548,Heat,100.0,60.36,High,0,0.4639183593454483
HOS_726,Hospital,Kripa Eye Clinic,19.1088116,72.8560975,Flood,100.0,61.68,High,0,0.4569341300374912
HOS_726,Hospital,Kripa Eye Clinic,19.1088116,72.8560975,Geomagnetic,100.0,57.63,High,0,0.465379667260804
HOS_726,Hospital,Kripa Eye Clinic,19.1088116,72.8560975,Heat,100.0,60.36,High,0,0.4569341300374912
HOS_727,Hospital,Laxmi Mirat Eye Clinic And Day Care Centre,19.109114,72.8575199,Flood,100.0,61.68,High,0,0.4563677353109687
HOS_727,Hospital,Laxmi Mirat Eye Clinic And Day Care Centre,19.109114,72.8575199,Geomagnetic,100.0,57.63,High,0,0.4641813493962282
HOS_727,Hospital,Laxmi Mirat Eye Clinic And Day Care Centre,19.109114,72.8575199,Heat,100.0,60.36,High,0,0.4563677353109687
HOS_728,Hospital,M.M.Hospital,19.2371877,72.8441358,Flood,100.0,66.72,High,1,0.5447166966074888
HOS_728,Hospital,M.M.Hospital,19.2371877,72.8441358,Geomagnetic,100.0,62.34,High,1,0.5493641667413223
HOS_728,Hospital,M.M.Hospital,19.2371877,72.8441358,Heat,100.0,65.3,High,1,0.5447166966074888
HOS_729,Hospital,Mahesh Hospital,,,Flood,100.0,61.68,High,0,0.5244058818855553
HOS_729,Hospital,Mahesh Hospital,,,Geomagnetic,100.0,57.63,High,1,0.540477420964363
HOS_729,Hospital,Mahesh Hospital,,,Heat,100.0,60.36,High,0,0.5244058818855553
HOS_73,Hospital,Kataria Eye Clinic,18.9190478,72.8294948,Flood,100.0,61.68,High,1,0.5791856661296176
HOS_73,Hospital,Kataria Eye Clinic,18.9190478,72.8294948,Geomagnetic,100.0,57.63,High,1,0.5791856661296176
HOS_73,Hospital,Kataria Eye Clinic,18.9190478,72.8294948,Heat,100.0,60.36,High,1,0.5791856661296176
HOS_730,Hospital,Mangala Nursing Home,19.1154908,72.8726952,Flood,100.0,61.68,High,0,0.4643529213113688
HOS_730,Hospital,Mangala Nursing Home,19.1154908,72.8726952,Geomagnetic,100.0,57.63,High,0,0.4696226746624177
HOS_730,Hospital,Mangala Nursing Home,19.1154908,72.8726952,Heat,100.0,60.36,High,0,0.4643529213113688
HOS_731,Hospital,"Parvish Nursing Home Pvt Ltd, Mumbai",,,Flood,100.0,61.68,High,0,0.5244058818855553
HOS_731,Hospital,"Parvish Nursing Home Pvt Ltd, Mumbai",,,Geomagnetic,100.0,57.63,High,1,0.540477420964363
HOS_731,Hospital,"Parvish Nursing Home Pvt Ltd, Mumbai",,,Heat,100.0,60.36,High,0,0.5244058818855553
HOS_732,Hospital,Patel Nursing Home  Andheri (E),19.1154908,72.8726952,Flood,100.0,61.68,High,0,0.4643529213113688
HOS_732,Hospital,Patel Nursing Home  Andheri (E),19.1154908,72.8726952,Geomagnetic,100.0,57.63,High,0,0.4696226746624177
HOS_732,Hospital,Patel Nursing Home  Andheri (E),19.1154908,72.8726952,Heat,100.0,60.36,High,0,0.4643529213113688
HOS_733,Hospital,Raj Nursing Home,,,Flood,100.0,61.68,High,0,0.5244058818855553
HOS_733,Hospital,Raj Nursing Home,,,Geomagnetic,100.0,57.63,High,1,0.540477420964363
HOS_733,Hospital,Raj Nursing Home,,,Heat,100.0,60.36,High,0,0.5244058818855553
HOS_734,Hospital,Sadanand Danait Hospital,19.1097442,72.8484128,Flood,100.0,61.68,High,0,0.4638632500663869
HOS_734,Hospital,Sadanand Danait Hospital,19.1097442,72.8484128,Geomagnetic,100.0,57.63,High,0,0.4703826717464175
HOS_734,Hospital,Sadanand Danait Hospital,19.1097442,72.8484128,Heat,100.0,60.36,High,0,0.4638632500663869
HOS_735,Hospital,Saheli Clinic,19.1154908,72.8726952,Flood,100.0,61.68,High,0,0.4643529213113688
HOS_735,Hospital,Saheli Clinic,19.1154908,72.8726952,Geomagnetic,100.0,57.63,High,0,0.4696226746624177
HOS_735,Hospital,Saheli Clinic,19.1154908,72.8726952,Heat,100.0,60.36,High,0,0.4643529213113688
HOS_736,Hospital,Sanjeevani Hospital,19.1009869,72.8651933,Flood,100.0,61.68,High,0,0.4574509687546139
HOS_736,Hospital,Sanjeevani Hospital,19.1009869,72.8651933,Geomagnetic,100.0,57.63,High,0,0.4656301668607781
HOS_736,Hospital,Sanjeevani Hospital,19.1009869,72.8651933,Heat,100.0,60.36,High,0,0.4574509687546139
HOS_737,Hospital,Satyam Hospital,,,Flood,100.0,61.68,High,0,0.5244058818855553
HOS_737,Hospital,Satyam Hospital,,,Geomagnetic,100.0,57.63,High,1,0.540477420964363
HOS_737,Hospital,Satyam Hospital,,,Heat,100.0,60.36,High,0,0.5244058818855553
HOS_738,Hospital,Shakuntala Memorial Surgical Childerns and General Hospital,19.1269161,72.8670933,Flood,100.0,61.68,High,0,0.4708162653222709
HOS_738,Hospital,Shakuntala Memorial Surgical Childerns and General Hospital,19.1269161,72.8670933,Geomagnetic,100.0,57.63,High,0,0.4771935970924661
HOS_738,Hospital,Shakuntala Memorial Surgical Childerns and General Hospital,19.1269161,72.8670933,Heat,100.0,60.36,High,0,0.4708162653222709
HOS_739,Hospital,Tripura Nursing Home,19.1154908,72.8726952,Flood,100.0,61.68,High,0,0.4643529213113688
HOS_739,Hospital,Tripura Nursing Home,19.1154908,72.8726952,Geomagnetic,100.0,57.63,High,0,0.4696226746624177
HOS_739,Hospital,Tripura Nursing Home,19.1154908,72.8726952,Heat,100.0,60.36,High,0,0.4643529213113688
HOS_74,Hospital,St. Elizabeth's Hospital,,,Flood,100.0,61.68,High,0,0.5244058818855553
HOS_74,Hospital,St. Elizabeth's Hospital,,,Geomagnetic,100.0,57.63,High,1,0.540477420964363
HOS_74,Hospital,St. Elizabeth's Hospital,,,Heat,100.0,60.36,High,0,0.5244058818855553
HOS_740,Hospital,City Hospital And Reserch Centre,19.0754649,72.8770505,Flood,100.0,61.68,High,0,0.4617010172160014
HOS_740,Hospital,City Hospital And Reserch Centre,19.0754649,72.8770505,Geomagnetic,100.0,57.63,High,0,0.4683487308334376
HOS_740,Hospital,City Hospital And Reserch Centre,19.0754649,72.8770505,Heat,100.0,60.36,High,0,0.4617010172160014
HOS_741,Hospital,Dr .Desais Nursing Home,19.0625228,72.8829242,Flood,100.0,61.68,High,0,0.4765168022000184
HOS_741,Hospital,Dr .Desais Nursing Home,19.0625228,72.8829242,Geomagnetic,100.0,57.63,High,0,0.4802788481162852
HOS_741,Hospital,Dr .Desais Nursing Home,19.0625228,72.8829242,Heat,100.0,60.36,High,0,0.4765168022000184
HOS_742,Hospital,Dr A Tungekars Hospital (Uran),18.8797841,72.9398358,Flood,100.0,61.68,High,1,0.6247677813690061
HOS_742,Hospital,Dr A Tungekars Hospital (Uran),18.8797841,72.9398358,Geomagnetic,100.0,57.63,High,1,0.6247677813690061
HOS_742,Hospital,Dr A Tungekars Hospital (Uran),18.8797841,72.9398358,Heat,100.0,60.36,High,1,0.6247677813690061
HOS_743,Hospital,Dr Patvas Sushila Hospital Icu and Maternity,,,Flood,100.0,61.68,High,0,0.5244058818855553
HOS_743,Hospital,Dr Patvas Sushila Hospital Icu and Maternity,,,Geomagnetic,100.0,57.63,High,1,0.540477420964363
HOS_743,Hospital,Dr Patvas Sushila Hospital Icu and Maternity,,,Heat,100.0,60.36,High,0,0.5244058818855553
HOS_744,Hospital,Dr Shehnaz Shaikh Clinic,19.0707532,72.8781322,Flood,100.0,61.68,High,0,0.4675602182910249
HOS_744,Hospital,Dr Shehnaz Shaikh Clinic,19.0707532,72.8781322,Geomagnetic,100.0,57.63,High,0,0.473482911690335
HOS_744,Hospital,Dr Shehnaz Shaikh Clinic,19.0707532,72.8781322,Heat,100.0,60.36,High,0,0.4675602182910249
HOS_745,Hospital,Fauziya Hospital,,,Flood,100.0,61.68,High,0,0.5244058818855553
HOS_745,Hospital,Fauziya Hospital,,,Geomagnetic,100.0,57.63,High,1,0.540477420964363
HOS_745,Hospital,Fauziya Hospital,,,Heat,100.0,60.36,High,0,0.5244058818855553
HOS_746,Hospital,Hamidani Laser Vision Centre,19.0707532,72.8781322,Flood,100.0,61.68,High,0,0.4675602182910249
HOS_746,Hospital,Hamidani Laser Vision Centre,19.0707532,72.8781322,Geomagnetic,100.0,57.63,High,0,0.473482911690335
HOS_746,Hospital,Hamidani Laser Vision Centre,19.0707532,72.8781322,Heat,100.0,60.36,High,0,0.4675602182910249
HOS_747,Hospital,Kohinoor Hospital,19.0822947,72.8950556,Flood,100.0,61.68,High,0,0.4796587116448979
HOS_747,Hospital,Kohinoor Hospital,19.0822947,72.8950556,Geomagnetic,100.0,57.63,High,0,0.484277010484313
HOS_747,Hospital,Kohinoor Hospital,19.0822947,72.8950556,Heat,100.0,60.36,High,0,0.4796587116448979
HOS_748,Hospital,Neelam Nursing Home and Iccu,,,Flood,100.0,61.68,High,0,0.5244058818855553
HOS_748,Hospital,Neelam Nursing Home and Iccu,,,Geomagnetic,100.0,57.63,High,1,0.540477420964363
HOS_748,Hospital,Neelam Nursing Home and Iccu,,,Heat,100.0,60.36,High,0,0.5244058818855553
HOS_749,Hospital,Royal Nursing Home,,,Flood,100.0,61.68,High,0,0.5244058818855553
HOS_749,Hospital,Royal Nursing Home,,,Geomagnetic,100.0,57.63,High,1,0.540477420964363
HOS_749,Hospital,Royal Nursing Home,,,Heat,100.0,60.36,High,0,0.5244058818855553
HOS_75,Hospital,Aayush Eye Clinic,19.0597308,72.8989478,Flood,100.0,61.68,High,0,0.4934774779455231
HOS_75,Hospital,Aayush Eye Clinic,19.0597308,72.8989478,Geomagnetic,100.0,57.63,High,0,0.4955841169913474
HOS_75,Hospital,Aayush Eye Clinic,19.0597308,72.8989478,Heat,100.0,60.36,High,0,0.4934774779455231
HOS_750,Hospital,Sharada Nursing Home.,,,Flood,100.0,61.68,High,0,0.5244058818855553
HOS_750,Hospital,Sharada Nursing Home.,,,Geomagnetic,100.0,57.63,High,1,0.540477420964363
HOS_750,Hospital,Sharada Nursing Home.,,,Heat,100.0,60.36,High,0,0.5244058818855553
HOS_751,Hospital,Shrushti Clinic and Microsurgery Centre,19.0759837,72.8776559,Flood,100.0,61.68,High,0,0.4615533918676057
HOS_751,Hospital,Shrushti Clinic and Microsurgery Centre,19.0759837,72.8776559,Geomagnetic,100.0,57.63,High,0,0.4678510503457073
HOS_751,Hospital,Shrushti Clinic and Microsurgery Centre,19.0759837,72.8776559,Heat,100.0,60.36,High,0,0.4615533918676057
HOS_752,Hospital,Sunder Childrens Nursing Home,19.0707532,72.8781322,Flood,100.0,61.68,High,0,0.4675602182910249
HOS_752,Hospital,Sunder Childrens Nursing Home,19.0707532,72.8781322,Geomagnetic,100.0,57.63,High,0,0.473482911690335
HOS_752,Hospital,Sunder Childrens Nursing Home,19.0707532,72.8781322,Heat,100.0,60.36,High,0,0.4675602182910249
HOS_753,Hospital,Suraj Clinic,,,Flood,100.0,61.68,High,0,0.5244058818855553
HOS_753,Hospital,Suraj Clinic,,,Geomagnetic,100.0,57.63,High,1,0.540477420964363
HOS_753,Hospital,Suraj Clinic,,,Heat,100.0,60.36,High,0,0.5244058818855553
HOS_754,Hospital,Sushila Hospital-Icu and Maternity,,,Flood,100.0,61.68,High,0,0.5244058818855553
HOS_754,Hospital,Sushila Hospital-Icu and Maternity,,,Geomagnetic,100.0,57.63,High,1,0.540477420964363
HOS_754,Hospital,Sushila Hospital-Icu and Maternity,,,Heat,100.0,60.36,High,0,0.5244058818855553
HOS_755,Hospital,V Care Hospital and Icu,,,Flood,100.0,61.68,High,0,0.5244058818855553
HOS_755,Hospital,V Care Hospital and Icu,,,Geomagnetic,100.0,57.63,High,1,0.540477420964363
HOS_755,Hospital,V Care Hospital and Icu,,,Heat,100.0,60.36,High,0,0.5244058818855553
HOS_756,Hospital,Well Care Nursing Home,,,Flood,100.0,61.68,High,0,0.5244058818855553
HOS_756,Hospital,Well Care Nursing Home,,,Geomagnetic,100.0,57.63,High,1,0.540477420964363
HOS_756,Hospital,Well Care Nursing Home,,,Heat,100.0,60.36,High,0,0.5244058818855553
HOS_757,Hospital,Aditya Health Care,19.0327996,72.8963568,Flood,100.0,66.72,High,0,0.5089450358123132
HOS_757,Hospital,Aditya Health Care,19.0327996,72.8963568,Geomagnetic,100.0,62.34,High,0,0.5115068518584044
HOS_757,Hospital,Aditya Health Care,19.0327996,72.8963568,Heat,100.0,65.3,High,0,0.5089450358123132
HOS_758,Hospital,Ashirwad Hospital and Polyclinic,19.0506517,72.9103754,Flood,100.0,61.68,High,0,0.5122261309201512
HOS_758,Hospital,Ashirwad Hospital and Polyclinic,19.0506517,72.9103754,Geomagnetic,100.0,57.63,High,0,0.5122261309201512
HOS_758,Hospital,Ashirwad Hospital and Polyclinic,19.0506517,72.9103754,Heat,100.0,60.36,High,0,0.5122261309201512
HOS_759,Hospital,Bhatti Eye Clinic,19.0453626,72.9115246,Flood,100.0,61.68,High,0,0.5186156959062574
HOS_759,Hospital,Bhatti Eye Clinic,19.0453626,72.9115246,Geomagnetic,100.0,57.63,High,0,0.5186854215694122
HOS_759,Hospital,Bhatti Eye Clinic,19.0453626,72.9115246,Heat,100.0,60.36,High,0,0.5186156959062574
HOS_76,Hospital,Bombay City Eye Institute and Research Center,18.956136,72.8081781,Flood,100.0,61.68,High,1,0.5895144947194196
HOS_76,Hospital,Bombay City Eye Institute and Research Center,18.956136,72.8081781,Geomagnetic,100.0,57.63,High,1,0.5895144947194196
HOS_76,Hospital,Bombay City Eye Institute and Research Center,18.956136,72.8081781,Heat,100.0,60.36,High,1,0.5895144947194196
HOS_760,Hospital,Day Care Eye Clinic(Dr.S.V.Sharma Eye Clini),19.0825013,72.8387327,Flood,100.0,61.68,High,0,0.4641219275719186
HOS_760,Hospital,Day Care Eye Clinic(Dr.S.V.Sharma Eye Clini),19.0825013,72.8387327,Geomagnetic,100.0,57.63,High,0,0.4704758592260776
HOS_760,Hospital,Day Care Eye Clinic(Dr.S.V.Sharma Eye Clini),19.0825013,72.8387327,Heat,100.0,60.36,High,0,0.4641219275719186
HOS_761,Hospital,Daycare Angels,19.0552812,72.8892082,Flood,100.0,61.68,High,0,0.4869022706222187
HOS_761,Hospital,Daycare Angels,19.0552812,72.8892082,Geomagnetic,100.0,57.63,High,0,0.4885006107882728
HOS_761,Hospital,Daycare Angels,19.0552812,72.8892082,Heat,100.0,60.36,High,0,0.4869022706222187
HOS_762,Hospital,Diamond Polyclinic and Nursing Home,19.0327996,72.8963568,Flood,100.0,66.72,High,0,0.5089450358123132
HOS_762,Hospital,Diamond Polyclinic and Nursing Home,19.0327996,72.8963568,Geomagnetic,100.0,62.34,High,0,0.5115068518584044
HOS_762,Hospital,Diamond Polyclinic and Nursing Home,19.0327996,72.8963568,Heat,100.0,65.3,High,0,0.5089450358123132
HOS_763,Hospital,Disha Polyclinic and Nursing Home,19.0327996,72.8963568,Flood,100.0,66.72,High,0,0.5089450358123132
HOS_763,Hospital,Disha Polyclinic and Nursing Home,19.0327996,72.8963568,Geomagnetic,100.0,62.34,High,0,0.5115068518584044
HOS_763,Hospital,Disha Polyclinic and Nursing Home,19.0327996,72.8963568,Heat,100.0,65.3,High,0,0.5089450358123132
HOS_765,Hospital,Dr Kedares Maternity and General Nursing Home,19.0604892,72.898177,Flood,100.0,61.68,High,0,0.4912648567522777
HOS_765,Hospital,Dr Kedares Maternity and General Nursing Home,19.0604892,72.898177,Geomagnetic,100.0,57.63,High,0,0.493594526755403
HOS_765,Hospital,Dr Kedares Maternity and General Nursing Home,19.0604892,72.898177,Heat,100.0,60.36,High,0,0.4912648567522777
HOS_766,Hospital,Dr Mekhales Dhanvantari Hospital,19.0585864,72.9078832,Flood,100.0,61.68,High,0,0.5036353404004021
HOS_766,Hospital,Dr Mekhales Dhanvantari Hospital,19.0585864,72.9078832,Geomagnetic,100.0,57.63,High,0,0.5038605159670771
HOS_766,Hospital,Dr Mekhales Dhanvantari Hospital,19.0585864,72.9078832,Heat,100.0,60.36,High,0,0.5036353404004021
HOS_767,Hospital,Dr Smita Mukherjees Eye Clinic,19.0327996,72.8963568,Flood,100.0,66.72,High,0,0.5089450358123132
HOS_767,Hospital,Dr Smita Mukherjees Eye Clinic,19.0327996,72.8963568,Geomagnetic,100.0,62.34,High,0,0.5115068518584044
HOS_767,Hospital,Dr Smita Mukherjees Eye Clinic,19.0327996,72.8963568,Heat,100.0,65.3,High,0,0.5089450358123132
HOS_768,Hospital,Dr Suresh C Anand Clinic,19.05161,72.8911931,Flood,100.0,61.68,High,0,0.4927908625230374
HOS_768,Hospital,Dr Suresh C Anand Clinic,19.05161,72.8911931,Geomagnetic,100.0,57.63,High,0,0.4939979385511777
HOS_768,Hospital,Dr Suresh C Anand Clinic,19.05161,72.8911931,Heat,100.0,60.36,High,0,0.4927908625230374
HOS_769,Hospital,Dr. Amins Clinic,18.9243376,72.8239698,Flood,100.0,61.68,High,1,0.5860189052281909
HOS_769,Hospital,Dr. Amins Clinic,18.9243376,72.8239698,Geomagnetic,100.0,57.63,High,1,0.5860189052281909
HOS_769,Hospital,Dr. Amins Clinic,18.9243376,72.8239698,Heat,100.0,60.36,High,1,0.5860189052281909
HOS_77,Hospital,Dr Amonkar Hospital,,,Flood,100.0,61.68,High,0,0.5244058818855553
HOS_77,Hospital,Dr Amonkar Hospital,,,Geomagnetic,100.0,57.63,High,1,0.540477420964363
HOS_77,Hospital,Dr Amonkar Hospital,,,Heat,100.0,60.36,High,0,0.5244058818855553
HOS_770,Hospital,Dr. Das Hospital - Chembur (Mumbai),19.0327996,72.8963568,Flood,100.0,66.72,High,0,0.5089450358123132
HOS_770,Hospital,Dr. Das Hospital - Chembur (Mumbai),19.0327996,72.8963568,Geomagnetic,100.0,62.34,High,0,0.5115068518584044
HOS_770,Hospital,Dr. Das Hospital - Chembur (Mumbai),19.0327996,72.8963568,Heat,100.0,65.3,High,0,0.5089450358123132
HOS_771,Hospital,Dr. Sanjay Sonars Laproscopy and Scopy Centre,19.0327996,72.8963568,Flood,100.0,66.72,High,0,0.5089450358123132
HOS_771,Hospital,Dr. Sanjay Sonars Laproscopy and Scopy Centre,19.0327996,72.8963568,Geomagnetic,100.0,62.34,High,0,0.5115068518584044
HOS_771,Hospital,Dr. Sanjay Sonars Laproscopy and Scopy Centre,19.0327996,72.8963568,Heat,100.0,65.3,High,0,0.5089450358123132
HOS_772,Hospital,Dr. Shubha Rao,19.0327996,72.8963568,Flood,100.0,66.72,High,0,0.5089450358123132
HOS_772,Hospital,Dr. Shubha Rao,19.0327996,72.8963568,Geomagnetic,100.0,62.34,High,0,0.5115068518584044
HOS_772,Hospital,Dr. Shubha Rao,19.0327996,72.8963568,Heat,100.0,65.3,High,0,0.5089450358123132
HOS_773,Hospital,Excel Urology Centre,19.0327996,72.8963568,Flood,100.0,66.72,High,0,0.5089450358123132
HOS_773,Hospital,Excel Urology Centre,19.0327996,72.8963568,Geomagnetic,100.0,62.34,High,0,0.5115068518584044
HOS_773,Hospital,Excel Urology Centre,19.0327996,72.8963568,Heat,100.0,65.3,High,0,0.5089450358123132
HOS_774,Hospital,Hegde Hospital Surgical and Maternity Nursing Home,19.0327996,72.8963568,Flood,100.0,66.72,High,0,0.5089450358123132
HOS_774,Hospital,Hegde Hospital Surgical and Maternity Nursing Home,19.0327996,72.8963568,Geomagnetic,100.0,62.34,High,0,0.5115068518584044
HOS_774,Hospital,Hegde Hospital Surgical and Maternity Nursing Home,19.0327996,72.8963568,Heat,100.0,65.3,High,0,0.5089450358123132
HOS_775,Hospital,Icon Hospital and Research Centre,19.0327996,72.8963568,Flood,100.0,66.72,High,0,0.5089450358123132
HOS_775,Hospital,Icon Hospital and Research Centre,19.0327996,72.8963568,Geomagnetic,100.0,62.34,High,0,0.5115068518584044
HOS_775,Hospital,Icon Hospital and Research Centre,19.0327996,72.8963568,Heat,100.0,65.3,High,0,0.5089450358123132
HOS_776,Hospital,Joy Hospital Pvt. Ltd.,,,Flood,100.0,61.68,High,0,0.5244058818855553
HOS_776,Hospital,Joy Hospital Pvt. Ltd.,,,Geomagnetic,100.0,57.63,High,1,0.540477420964363
HOS_776,Hospital,Joy Hospital Pvt. Ltd.,,,Heat,100.0,60.36,High,0,0.5244058818855553
HOS_777,Hospital,Kamran Nursing Home,18.9722585,72.8311737,Flood,100.0,61.68,High,1,0.5416953855998402
HOS_777,Hospital,Kamran Nursing Home,18.9722585,72.8311737,Geomagnetic,100.0,57.63,High,1,0.5416953855998402
HOS_777,Hospital,Kamran Nursing Home,18.9722585,72.8311737,Heat,100.0,60.36,High,1,0.5416953855998402
HOS_778,Hospital,Kolekar Nursing Home,19.0593495,72.9068556,Flood,100.0,61.68,High,0,0.5008678927026443
HOS_778,Hospital,Kolekar Nursing Home,19.0593495,72.9068556,Geomagnetic,100.0,57.63,High,0,0.5021461881897016
HOS_778,Hospital,Kolekar Nursing Home,19.0593495,72.9068556,Heat,100.0,60.36,High,0,0.5008678927026443
HOS_779,Hospital,L.C.Maneks Polyclinic and Nursing Home,,,Flood,100.0,61.68,High,0,0.5244058818855553
HOS_779,Hospital,L.C.Maneks Polyclinic and Nursing Home,,,Geomagnetic,100.0,57.63,High,1,0.540477420964363
HOS_779,Hospital,L.C.Maneks Polyclinic and Nursing Home,,,Heat,100.0,60.36,High,0,0.5244058818855553
HOS_78,Hospital,Dr Galas Nursing Home,18.9591784,72.8145383,Flood,100.0,61.68,High,1,0.5760234831842733
HOS_78,Hospital,Dr Galas Nursing Home,18.9591784,72.8145383,Geomagnetic,100.0,57.63,High,1,0.5760234831842733
HOS_78,Hospital,Dr Galas Nursing Home,18.9591784,72.8145383,Heat,100.0,60.36,High,1,0.5760234831842733
HOS_780,Hospital,Laproscopy and Scopy Center,19.0327996,72.8963568,Flood,100.0,66.72,High,0,0.5089450358123132
HOS_780,Hospital,Laproscopy and Scopy Center,19.0327996,72.8963568,Geomagnetic,100.0,62.34,High,0,0.5115068518584044
HOS_780,Hospital,Laproscopy and Scopy Center,19.0327996,72.8963568,Heat,100.0,65.3,High,0,0.5089450358123132
HOS_781,Hospital,Laxmi Maternity Home,19.0327996,72.8963568,Flood,100.0,66.72,High,0,0.5089450358123132
HOS_781,Hospital,Laxmi Maternity Home,19.0327996,72.8963568,Geomagnetic,100.0,62.34,High,0,0.5115068518584044
HOS_781,Hospital,Laxmi Maternity Home,19.0327996,72.8963568,Heat,100.0,65.3,High,0,0.5089450358123132
HOS_782,Hospital,Lc Manek's Polyclinic And Nursing Home,19.0327996,72.8963568,Flood,100.0,66.72,High,0,0.5089450358123132
HOS_782,Hospital,Lc Manek's Polyclinic And Nursing Home,19.0327996,72.8963568,Geomagnetic,100.0,62.34,High,0,0.5115068518584044
HOS_782,Hospital,Lc Manek's Polyclinic And Nursing Home,19.0327996,72.8963568,Heat,100.0,65.3,High,0,0.5089450358123132
HOS_783,Hospital,Lion Vithal Kalgutkar Medical Centre,19.0327996,72.8963568,Flood,100.0,66.72,High,0,0.5089450358123132
HOS_783,Hospital,Lion Vithal Kalgutkar Medical Centre,19.0327996,72.8963568,Geomagnetic,100.0,62.34,High,0,0.5115068518584044
HOS_783,Hospital,Lion Vithal Kalgutkar Medical Centre,19.0327996,72.8963568,Heat,100.0,65.3,High,0,0.5089450358123132
HOS_784,Hospital,Mandakini Nuclear Imaging Centre,19.0552812,72.8892082,Flood,100.0,61.68,High,0,0.4869022706222187
HOS_784,Hospital,Mandakini Nuclear Imaging Centre,19.0552812,72.8892082,Geomagnetic,100.0,57.63,High,0,0.4885006107882728
HOS_784,Hospital,Mandakini Nuclear Imaging Centre,19.0552812,72.8892082,Heat,100.0,60.36,High,0,0.4869022706222187
HOS_785,Hospital,Mangal Anand Hospital,19.0533749,72.897061,Flood,100.0,61.68,High,0,0.4945458958367699
HOS_785,Hospital,Mangal Anand Hospital,19.0533749,72.897061,Geomagnetic,100.0,57.63,High,0,0.4954381440166094
HOS_785,Hospital,Mangal Anand Hospital,19.0533749,72.897061,Heat,100.0,60.36,High,0,0.4945458958367699
HOS_786,Hospital,Narurkar Ent Hospital,19.0539989,72.9053186,Flood,100.0,61.68,High,0,0.5027840811258193
HOS_786,Hospital,Narurkar Ent Hospital,19.0539989,72.9053186,Geomagnetic,100.0,57.63,High,0,0.503352006574477
HOS_786,Hospital,Narurkar Ent Hospital,19.0539989,72.9053186,Heat,100.0,60.36,High,0,0.5027840811258193
HOS_787,Hospital,Navnit Clinic (Dr. Parihar Eye and Ent,19.0327996,72.8963568,Flood,100.0,66.72,High,0,0.5089450358123132
HOS_787,Hospital,Navnit Clinic (Dr. Parihar Eye and Ent,19.0327996,72.8963568,Geomagnetic,100.0,62.34,High,0,0.5115068518584044
HOS_787,Hospital,Navnit Clinic (Dr. Parihar Eye and Ent,19.0327996,72.8963568,Heat,100.0,65.3,High,0,0.5089450358123132
HOS_788,Hospital,Neurogen Brain And Spine Institute,19.0536352,72.8851743,Flood,100.0,61.68,High,0,0.4834480249734232
HOS_788,Hospital,Neurogen Brain And Spine Institute,19.0536352,72.8851743,Geomagnetic,100.0,57.63,High,0,0.4849753058108108
HOS_788,Hospital,Neurogen Brain And Spine Institute,19.0536352,72.8851743,Heat,100.0,60.36,High,0,0.4834480249734232
HOS_789,Hospital,Niramaya General Hospital,19.0327996,72.8963568,Flood,100.0,66.72,High,0,0.5089450358123132
HOS_789,Hospital,Niramaya General Hospital,19.0327996,72.8963568,Geomagnetic,100.0,62.34,High,0,0.5115068518584044
HOS_789,Hospital,Niramaya General Hospital,19.0327996,72.8963568,Heat,100.0,65.3,High,0,0.5089450358123132
HOS_79,Hospital,Dr Turners S Speciality Dental Centre,19.0759837,72.8776559,Flood,100.0,61.68,High,0,0.4615533918676057
HOS_79,Hospital,Dr Turners S Speciality Dental Centre,19.0759837,72.8776559,Geomagnetic,100.0,57.63,High,0,0.4678510503457073
HOS_79,Hospital,Dr Turners S Speciality Dental Centre,19.0759837,72.8776559,Heat,100.0,60.36,High,0,0.4615533918676057
HOS_791,Hospital,Patankar Hand and Limb Reconstruction Clinic,19.0327996,72.8963568,Flood,100.0,66.72,High,0,0.5089450358123132
HOS_791,Hospital,Patankar Hand and Limb Reconstruction Clinic,19.0327996,72.8963568,Geomagnetic,100.0,62.34,High,0,0.5115068518584044
HOS_791,Hospital,Patankar Hand and Limb Reconstruction Clinic,19.0327996,72.8963568,Heat,100.0,65.3,High,0,0.5089450358123132
HOS_792,Hospital,Rushabh Nursing Home and Eye Hospital,19.059862,72.9005605,Flood,100.0,61.68,High,0,0.4937711563704184
HOS_792,Hospital,Rushabh Nursing Home and Eye Hospital,19.059862,72.9005605,Geomagnetic,100.0,57.63,High,0,0.4961168445456914
HOS_792,Hospital,Rushabh Nursing Home and Eye Hospital,19.059862,72.9005605,Heat,100.0,60.36,High,0,0.4937711563704184
HOS_793,Hospital,Sai Kripa Childrens Hospital,18.9626907,72.8129124,Flood,100.0,61.68,High,1,0.5753384940896944
HOS_793,Hospital,Sai Kripa Childrens Hospital,18.9626907,72.8129124,Geomagnetic,100.0,57.63,High,1,0.5753384940896944
HOS_793,Hospital,Sai Kripa Childrens Hospital,18.9626907,72.8129124,Heat,100.0,60.36,High,1,0.5753384940896944
HOS_794,Hospital,Shree Chembur Jain Medical Relief Centre,19.0327996,72.8963568,Flood,100.0,66.72,High,0,0.5089450358123132
HOS_794,Hospital,Shree Chembur Jain Medical Relief Centre,19.0327996,72.8963568,Geomagnetic,100.0,62.34,High,0,0.5115068518584044
HOS_794,Hospital,Shree Chembur Jain Medical Relief Centre,19.0327996,72.8963568,Heat,100.0,65.3,High,0,0.5089450358123132
HOS_795,Hospital,Sitla Hospital,19.0521897,72.8915977,Flood,100.0,61.68,High,0,0.4935919723277781
HOS_795,Hospital,Sitla Hospital,19.0521897,72.8915977,Geomagnetic,100.0,57.63,High,0,0.4944597634785924
HOS_795,Hospital,Sitla Hospital,19.0521897,72.8915977,Heat,100.0,60.36,High,0,0.4935919723277781
HOS_796,Hospital,Sumitra Eye Clinic,19.0327996,72.8963568,Flood,100.0,66.72,High,0,0.5089450358123132
HOS_796,Hospital,Sumitra Eye Clinic,19.0327996,72.8963568,Geomagnetic,100.0,62.34,High,0,0.5115068518584044
HOS_796,Hospital,Sumitra Eye Clinic,19.0327996,72.8963568,Heat,100.0,65.3,High,0,0.5089450358123132
HOS_797,Hospital,Sunny Childrens Hospital,,,Flood,100.0,61.68,High,0,0.5244058818855553
HOS_797,Hospital,Sunny Childrens Hospital,,,Geomagnetic,100.0,57.63,High,1,0.540477420964363
HOS_797,Hospital,Sunny Childrens Hospital,,,Heat,100.0,60.36,High,0,0.5244058818855553
HOS_798,Hospital,Surendra Nursing Home,,,Flood,100.0,61.68,High,0,0.5244058818855553
HOS_798,Hospital,Surendra Nursing Home,,,Geomagnetic,100.0,57.63,High,1,0.540477420964363
HOS_798,Hospital,Surendra Nursing Home,,,Heat,100.0,60.36,High,0,0.5244058818855553
HOS_799,Hospital,Swastik Hospital and Research Centre,19.0552812,72.8892082,Flood,100.0,61.68,High,0,0.4869022706222187
HOS_799,Hospital,Swastik Hospital and Research Centre,19.0552812,72.8892082,Geomagnetic,100.0,57.63,High,0,0.4885006107882728
HOS_799,Hospital,Swastik Hospital and Research Centre,19.0552812,72.8892082,Heat,100.0,60.36,High,0,0.4869022706222187
HOS_8,Hospital,Dr Kiran Katar Clinic,19.0176169,72.8561288,Flood,100.0,61.68,High,0,0.4912492209612948
HOS_8,Hospital,Dr Kiran Katar Clinic,19.0176169,72.8561288,Geomagnetic,100.0,57.63,High,0,0.4947715355782826
HOS_8,Hospital,Dr Kiran Katar Clinic,19.0176169,72.8561288,Heat,100.0,60.36,High,0,0.4912492209612948
HOS_80,Hospital,Dr. Gala's Nursing Home,,,Flood,100.0,61.68,High,0,0.5244058818855553
HOS_80,Hospital,Dr. Gala's Nursing Home,,,Geomagnetic,100.0,57.63,High,1,0.540477420964363
HOS_80,Hospital,Dr. Gala's Nursing Home,,,Heat,100.0,60.36,High,0,0.5244058818855553
HOS_800,Hospital,Tandon Hospital,19.058879,72.900615,Flood,100.0,61.68,High,0,0.4945427799053144
HOS_800,Hospital,Tandon Hospital,19.058879,72.900615,Geomagnetic,100.0,57.63,High,0,0.4966581040286168
HOS_800,Hospital,Tandon Hospital,19.058879,72.900615,Heat,100.0,60.36,High,0,0.4945427799053144
HOS_801,Hospital,Varsha Gandre Parekh Maternity and Surgical Hospital,19.0573721,72.8981332,Flood,100.0,61.68,High,0,0.4943543501467692
HOS_801,Hospital,Varsha Gandre Parekh Maternity and Surgical Hospital,19.0573721,72.8981332,Geomagnetic,100.0,57.63,High,0,0.4957695567715033
HOS_801,Hospital,Varsha Gandre Parekh Maternity and Surgical Hospital,19.0573721,72.8981332,Heat,100.0,60.36,High,0,0.4943543501467692
HOS_802,Hospital,Yash Eye Care And Polyclinic,19.0327996,72.8963568,Flood,100.0,66.72,High,0,0.5089450358123132
HOS_802,Hospital,Yash Eye Care And Polyclinic,19.0327996,72.8963568,Geomagnetic,100.0,62.34,High,0,0.5115068518584044
HOS_802,Hospital,Yash Eye Care And Polyclinic,19.0327996,72.8963568,Heat,100.0,65.3,High,0,0.5089450358123132
HOS_803,Hospital,Abhay Nursing Home,19.1044022,72.8872491,Flood,100.0,61.68,High,0,0.472038784986154
HOS_803,Hospital,Abhay Nursing Home,19.1044022,72.8872491,Geomagnetic,100.0,57.63,High,0,0.4768183337948079
HOS_803,Hospital,Abhay Nursing Home,19.1044022,72.8872491,Heat,100.0,60.36,High,0,0.472038784986154
HOS_804,Hospital,Ashirwad Children And Surgical Hospital,19.10648,72.88773,Flood,100.0,61.68,High,0,0.4729126341420386
HOS_804,Hospital,Ashirwad Children And Surgical Hospital,19.10648,72.88773,Geomagnetic,100.0,57.63,High,0,0.477665800649408
HOS_804,Hospital,Ashirwad Children And Surgical Hospital,19.10648,72.88773,Heat,100.0,60.36,High,0,0.4729126341420386
HOS_805,Hospital,Balaji Specility Hospital,,,Flood,100.0,61.68,High,0,0.5244058818855553
HOS_805,Hospital,Balaji Specility Hospital,,,Geomagnetic,100.0,57.63,High,1,0.540477420964363
HOS_805,Hospital,Balaji Specility Hospital,,,Heat,100.0,60.36,High,0,0.5244058818855553
HOS_806,Hospital,Dr Priyanka Nursing Pvt Ltd,19.0759837,72.8776559,Flood,100.0,61.68,High,0,0.4615533918676057
HOS_806,Hospital,Dr Priyanka Nursing Pvt Ltd,19.0759837,72.8776559,Geomagnetic,100.0,57.63,High,0,0.4678510503457073
HOS_806,Hospital,Dr Priyanka Nursing Pvt Ltd,19.0759837,72.8776559,Heat,100.0,60.36,High,0,0.4615533918676057
HOS_807,Hospital,J.P Hospital,19.1245594,72.852967,Flood,100.0,61.68,High,0,0.4658768011716351
HOS_807,Hospital,J.P Hospital,19.1245594,72.852967,Geomagnetic,100.0,57.63,High,0,0.4729555552890149
HOS_807,Hospital,J.P Hospital,19.1245594,72.852967,Heat,100.0,60.36,High,0,0.4658768011716351
HOS_808,Hospital,S B Nursing Home and Icu,19.1196773,72.9050809,Flood,100.0,61.68,High,0,0.4928502505760161
HOS_808,Hospital,S B Nursing Home and Icu,19.1196773,72.9050809,Geomagnetic,100.0,57.63,High,0,0.4973862530652211
HOS_808,Hospital,S B Nursing Home and Icu,19.1196773,72.9050809,Heat,100.0,60.36,High,0,0.4928502505760161
HOS_809,Hospital,Sindhu Maternity and Surgical Home,,,Flood,100.0,61.68,High,0,0.5244058818855553
HOS_809,Hospital,Sindhu Maternity and Surgical Home,,,Geomagnetic,100.0,57.63,High,1,0.540477420964363
HOS_809,Hospital,Sindhu Maternity and Surgical Home,,,Heat,100.0,60.36,High,0,0.5244058818855553
HOS_81,Hospital,Dr. Nisars Eye Care Centre,18.9636754,72.8161899,Flood,100.0,61.68,High,1,0.5699099661066561
HOS_81,Hospital,Dr. Nisars Eye Care Centre,18.9636754,72.8161899,Geomagnetic,100.0,57.63,High,1,0.5699099661066561
HOS_81,Hospital,Dr. Nisars Eye Care Centre,18.9636754,72.8161899,Heat,100.0,60.36,High,1,0.5699099661066561
HOS_810,Hospital,Turfiya Hospital and Icu,19.1281781,72.8876327,Flood,100.0,61.68,High,0,0.4826448025007358
HOS_810,Hospital,Turfiya Hospital and Icu,19.1281781,72.8876327,Geomagnetic,100.0,57.63,High,0,0.4868344413243521
HOS_810,Hospital,Turfiya Hospital and Icu,19.1281781,72.8876327,Heat,100.0,60.36,High,0,0.4826448025007358
HOS_811,Hospital,Dr. Shalini Jaisinghani Dental Surgeon - Chembur,19.0327996,72.8963568,Flood,100.0,66.72,High,0,0.5089450358123132
HOS_811,Hospital,Dr. Shalini Jaisinghani Dental Surgeon - Chembur,19.0327996,72.8963568,Geomagnetic,100.0,62.34,High,0,0.5115068518584044
HOS_811,Hospital,Dr. Shalini Jaisinghani Dental Surgeon - Chembur,19.0327996,72.8963568,Heat,100.0,65.3,High,0,0.5089450358123132
HOS_812,Hospital,Dr.Bhute Nursing Home,19.0208354,72.904425,Flood,100.0,66.72,High,0,0.5305829202096729
HOS_812,Hospital,Dr.Bhute Nursing Home,19.0208354,72.904425,Geomagnetic,100.0,62.34,High,0,0.5305829202096729
HOS_812,Hospital,Dr.Bhute Nursing Home,19.0208354,72.904425,Heat,100.0,65.3,High,0,0.5305829202096729
HOS_813,Hospital,Inlaks General Hospital,19.0464362,72.8946608,Flood,100.0,66.72,High,0,0.4990853574335093
HOS_813,Hospital,Inlaks General Hospital,19.0464362,72.8946608,Geomagnetic,100.0,62.34,High,0,0.4994266546711054
HOS_813,Hospital,Inlaks General Hospital,19.0464362,72.8946608,Heat,100.0,65.3,High,0,0.4990853574335093
HOS_814,Hospital,Nayak Medicare - Chembur,19.0327996,72.8963568,Flood,100.0,66.72,High,0,0.5089450358123132
HOS_814,Hospital,Nayak Medicare - Chembur,19.0327996,72.8963568,Geomagnetic,100.0,62.34,High,0,0.5115068518584044
HOS_814,Hospital,Nayak Medicare - Chembur,19.0327996,72.8963568,Heat,100.0,65.3,High,0,0.5089450358123132
HOS_815,Hospital,Sai Baba Hospital,19.0208354,72.904425,Flood,100.0,66.72,High,0,0.5305829202096729
HOS_815,Hospital,Sai Baba Hospital,19.0208354,72.904425,Geomagnetic,100.0,62.34,High,0,0.5305829202096729
HOS_815,Hospital,Sai Baba Hospital,19.0208354,72.904425,Heat,100.0,65.3,High,0,0.5305829202096729
HOS_816,Hospital,Shiv Polyclinic and Nursing Home,19.0327996,72.8963568,Flood,100.0,66.72,High,0,0.5089450358123132
HOS_816,Hospital,Shiv Polyclinic and Nursing Home,19.0327996,72.8963568,Geomagnetic,100.0,62.34,High,0,0.5115068518584044
HOS_816,Hospital,Shiv Polyclinic and Nursing Home,19.0327996,72.8963568,Heat,100.0,65.3,High,0,0.5089450358123132
HOS_817,Hospital,Spectrum Eye Care,,,Flood,100.0,61.68,High,0,0.5244058818855553
HOS_817,Hospital,Spectrum Eye Care,,,Geomagnetic,100.0,57.63,High,1,0.540477420964363
HOS_817,Hospital,Spectrum Eye Care,,,Heat,100.0,60.36,High,0,0.5244058818855553
HOS_818,Hospital,Universal Eye Clinic and Surgical Centre,,,Flood,100.0,61.68,High,0,0.5244058818855553
HOS_818,Hospital,Universal Eye Clinic and Surgical Centre,,,Geomagnetic,100.0,57.63,High,1,0.540477420964363
HOS_818,Hospital,Universal Eye Clinic and Surgical Centre,,,Heat,100.0,60.36,High,0,0.5244058818855553
HOS_819,Hospital,Dr. L.H. Hiranandani Hospital,19.1374852,72.917394,Flood,100.0,63.92,High,0,0.5059397319288262
HOS_819,Hospital,Dr. L.H. Hiranandani Hospital,19.1374852,72.917394,Geomagnetic,100.0,59.72,High,0,0.510372189170594
HOS_819,Hospital,Dr. L.H. Hiranandani Hospital,19.1374852,72.917394,Heat,100.0,62.56,High,0,0.5059397319288262
HOS_82,Hospital,Dr.(Mrs.) Havovi S. Madon,,,Flood,100.0,61.68,High,0,0.5244058818855553
HOS_82,Hospital,Dr.(Mrs.) Havovi S. Madon,,,Geomagnetic,100.0,57.63,High,1,0.540477420964363
HOS_82,Hospital,Dr.(Mrs.) Havovi S. Madon,,,Heat,100.0,60.36,High,0,0.5244058818855553
HOS_820,Hospital,Padmalaya Maternity and Surgical Home,19.1196773,72.9050809,Flood,100.0,61.68,High,0,0.4928502505760161
HOS_820,Hospital,Padmalaya Maternity and Surgical Home,19.1196773,72.9050809,Geomagnetic,100.0,57.63,High,0,0.4973862530652211
HOS_820,Hospital,Padmalaya Maternity and Surgical Home,19.1196773,72.9050809,Heat,100.0,60.36,High,0,0.4928502505760161
HOS_821,Hospital,Powai Polyclinic and Hospital,19.1254172,72.9170023,Flood,100.0,66.72,High,0,0.5061560885216645
HOS_821,Hospital,Powai Polyclinic and Hospital,19.1254172,72.9170023,Geomagnetic,100.0,62.34,High,0,0.5099457266386974
HOS_821,Hospital,Powai Polyclinic and Hospital,19.1254172,72.9170023,Heat,100.0,65.3,High,0,0.5061560885216645
HOS_823,Hospital,Sri Sai Eye Care Centre,19.1196773,72.9050809,Flood,100.0,61.68,High,0,0.4928502505760161
HOS_823,Hospital,Sri Sai Eye Care Centre,19.1196773,72.9050809,Geomagnetic,100.0,57.63,High,0,0.4973862530652211
HOS_823,Hospital,Sri Sai Eye Care Centre,19.1196773,72.9050809,Heat,100.0,60.36,High,0,0.4928502505760161
HOS_824,Hospital,Aakar Ivf-Icsi Centre,19.0792247,72.9057813,Flood,100.0,61.68,High,0,0.4865497413165644
HOS_824,Hospital,Aakar Ivf-Icsi Centre,19.0792247,72.9057813,Geomagnetic,100.0,57.63,High,0,0.4909062203790979
HOS_824,Hospital,Aakar Ivf-Icsi Centre,19.0792247,72.9057813,Heat,100.0,60.36,High,0,0.4865497413165644
HOS_825,Hospital,Advanced Orthopaedic and Super Speciality Center,19.0796375,72.9070116,Flood,100.0,61.68,High,0,0.4851076813731457
HOS_825,Hospital,Advanced Orthopaedic and Super Speciality Center,19.0796375,72.9070116,Geomagnetic,100.0,57.63,High,0,0.4889658150537271
HOS_825,Hospital,Advanced Orthopaedic and Super Speciality Center,19.0796375,72.9070116,Heat,100.0,60.36,High,0,0.4851076813731457
HOS_826,Hospital,Ami Drashti Eye Care Centre,19.0796375,72.9070116,Flood,100.0,61.68,High,0,0.4851076813731457
HOS_826,Hospital,Ami Drashti Eye Care Centre,19.0796375,72.9070116,Geomagnetic,100.0,57.63,High,0,0.4889658150537271
HOS_826,Hospital,Ami Drashti Eye Care Centre,19.0796375,72.9070116,Heat,100.0,60.36,High,0,0.4851076813731457
HOS_827,Hospital,Asha Polyclinic and Sheetal Nursing Home,19.0796375,72.9070116,Flood,100.0,61.68,High,0,0.4851076813731457
HOS_827,Hospital,Asha Polyclinic and Sheetal Nursing Home,19.0796375,72.9070116,Geomagnetic,100.0,57.63,High,0,0.4889658150537271
HOS_827,Hospital,Asha Polyclinic and Sheetal Nursing Home,19.0796375,72.9070116,Heat,100.0,60.36,High,0,0.4851076813731457
HOS_828,Hospital,Ashirwad Heart Hospital,19.0762268,72.9055233,Flood,100.0,61.68,High,0,0.4873868541599701
HOS_828,Hospital,Ashirwad Heart Hospital,19.0762268,72.9055233,Geomagnetic,100.0,57.63,High,0,0.4911242728208089
HOS_828,Hospital,Ashirwad Heart Hospital,19.0762268,72.9055233,Heat,100.0,60.36,High,0,0.4873868541599701
HOS_829,Hospital,"Ashwini Maternity and Surgical Hospital,Ghatkopar(E)",19.0940687,72.9000241,Flood,100.0,61.68,High,0,0.4809192100307226
HOS_829,Hospital,"Ashwini Maternity and Surgical Hospital,Ghatkopar(E)",19.0940687,72.9000241,Geomagnetic,100.0,57.63,High,0,0.4857052023625284
HOS_829,Hospital,"Ashwini Maternity and Surgical Hospital,Ghatkopar(E)",19.0940687,72.9000241,Heat,100.0,60.36,High,0,0.4809192100307226
HOS_83,Hospital,Dr.Mangeshikar Clinic,18.9602406,72.8103742,Flood,100.0,61.68,High,1,0.5816641234019018
HOS_83,Hospital,Dr.Mangeshikar Clinic,18.9602406,72.8103742,Geomagnetic,100.0,57.63,High,1,0.5816641234019018
HOS_83,Hospital,Dr.Mangeshikar Clinic,18.9602406,72.8103742,Heat,100.0,60.36,High,1,0.5816641234019018
HOS_830,Hospital,Bakul Parekh Children's Hospital,19.0791965,72.9037124,Flood,100.0,61.68,High,0,0.4867913860698662
HOS_830,Hospital,Bakul Parekh Children's Hospital,19.0791965,72.9037124,Geomagnetic,100.0,57.63,High,0,0.4913716156720277
HOS_830,Hospital,Bakul Parekh Children's Hospital,19.0791965,72.9037124,Heat,100.0,60.36,High,0,0.4867913860698662
HOS_831,Hospital,Cg Eye Foundaton and Shree Ghatkopar Brahman Samaj,19.07907,72.907976,Flood,100.0,61.68,High,0,0.4888318031180925
HOS_831,Hospital,Cg Eye Foundaton and Shree Ghatkopar Brahman Samaj,19.07907,72.907976,Geomagnetic,100.0,57.63,High,0,0.4917886586693027
HOS_831,Hospital,Cg Eye Foundaton and Shree Ghatkopar Brahman Samaj,19.07907,72.907976,Heat,100.0,60.36,High,0,0.4888318031180925
HOS_832,Hospital,Dewang Nursing Home Pvt. Ltd.,19.0796375,72.9070116,Flood,100.0,61.68,High,0,0.4851076813731457
HOS_832,Hospital,Dewang Nursing Home Pvt. Ltd.,19.0796375,72.9070116,Geomagnetic,100.0,57.63,High,0,0.4889658150537271
HOS_832,Hospital,Dewang Nursing Home Pvt. Ltd.,19.0796375,72.9070116,Heat,100.0,60.36,High,0,0.4851076813731457
HOS_833,Hospital,Dr Mehta Nursing Home,19.0757557,72.9081922,Flood,100.0,61.68,High,0,0.4920945322701659
HOS_833,Hospital,Dr Mehta Nursing Home,19.0757557,72.9081922,Geomagnetic,100.0,57.63,High,0,0.4951703203192439
HOS_833,Hospital,Dr Mehta Nursing Home,19.0757557,72.9081922,Heat,100.0,60.36,High,0,0.4920945322701659
HOS_834,Hospital,Dr Walavalkars Nursing Home,19.0796375,72.9070116,Flood,100.0,61.68,High,0,0.4851076813731457
HOS_834,Hospital,Dr Walavalkars Nursing Home,19.0796375,72.9070116,Geomagnetic,100.0,57.63,High,0,0.4889658150537271
HOS_834,Hospital,Dr Walavalkars Nursing Home,19.0796375,72.9070116,Heat,100.0,60.36,High,0,0.4851076813731457
HOS_835,Hospital,Dr. Dipak Desai's Ear Nose And Throat Hospital,19.0820978,72.9067817,Flood,100.0,61.68,High,0,0.4862641524262902
HOS_835,Hospital,Dr. Dipak Desai's Ear Nose And Throat Hospital,19.0820978,72.9067817,Geomagnetic,100.0,57.63,High,0,0.4903366770806303
HOS_835,Hospital,Dr. Dipak Desai's Ear Nose And Throat Hospital,19.0820978,72.9067817,Heat,100.0,60.36,High,0,0.4862641524262902
HOS_836,Hospital,Dr. Prakash Doshis Fracture and Orthopaedic Nursing Home - Ghatkopar,19.0796375,72.9070116,Flood,100.0,61.68,High,0,0.4851076813731457
HOS_836,Hospital,Dr. Prakash Doshis Fracture and Orthopaedic Nursing Home - Ghatkopar,19.0796375,72.9070116,Geomagnetic,100.0,57.63,High,0,0.4889658150537271
HOS_836,Hospital,Dr. Prakash Doshis Fracture and Orthopaedic Nursing Home - Ghatkopar,19.0796375,72.9070116,Heat,100.0,60.36,High,0,0.4851076813731457
HOS_837,Hospital,Dr. Walawalkars Nursing Home,19.0796375,72.9070116,Flood,100.0,61.68,High,0,0.4851076813731457
HOS_837,Hospital,Dr. Walawalkars Nursing Home,19.0796375,72.9070116,Geomagnetic,100.0,57.63,High,0,0.4889658150537271
HOS_837,Hospital,Dr. Walawalkars Nursing Home,19.0796375,72.9070116,Heat,100.0,60.36,High,0,0.4851076813731457
HOS_838,Hospital,Dr.Amrish Mehta Diagnostic Centre,19.0792247,72.9057813,Flood,100.0,61.68,High,0,0.4865497413165644
HOS_838,Hospital,Dr.Amrish Mehta Diagnostic Centre,19.0792247,72.9057813,Geomagnetic,100.0,57.63,High,0,0.4909062203790979
HOS_838,Hospital,Dr.Amrish Mehta Diagnostic Centre,19.0792247,72.9057813,Heat,100.0,60.36,High,0,0.4865497413165644
HOS_839,Hospital,Dr.Trivedi's Maternity and Nursing Home,19.0792247,72.9057813,Flood,100.0,61.68,High,0,0.4865497413165644
HOS_839,Hospital,Dr.Trivedi's Maternity and Nursing Home,19.0792247,72.9057813,Geomagnetic,100.0,57.63,High,0,0.4909062203790979
HOS_839,Hospital,Dr.Trivedi's Maternity and Nursing Home,19.0792247,72.9057813,Heat,100.0,60.36,High,0,0.4865497413165644
HOS_84,Hospital,Eye-Q Vision Care,18.95753,72.8088794,Flood,100.0,61.68,High,1,0.5867487236781617
HOS_84,Hospital,Eye-Q Vision Care,18.95753,72.8088794,Geomagnetic,100.0,57.63,High,1,0.5867487236781617
HOS_84,Hospital,Eye-Q Vision Care,18.95753,72.8088794,Heat,100.0,60.36,High,1,0.5867487236781617
HOS_840,Hospital,Excel Ent Hospital,19.0796375,72.9070116,Flood,100.0,61.68,High,0,0.4851076813731457
HOS_840,Hospital,Excel Ent Hospital,19.0796375,72.9070116,Geomagnetic,100.0,57.63,High,0,0.4889658150537271
HOS_840,Hospital,Excel Ent Hospital,19.0796375,72.9070116,Heat,100.0,60.36,High,0,0.4851076813731457
HOS_841,Hospital,Eye Essential Hospital,,,Flood,100.0,61.68,High,0,0.5244058818855553
HOS_841,Hospital,Eye Essential Hospital,,,Geomagnetic,100.0,57.63,High,1,0.540477420964363
HOS_841,Hospital,Eye Essential Hospital,,,Heat,100.0,60.36,High,0,0.5244058818855553
HOS_842,Hospital,Hiren Mehta Eye Care Centre,19.0796375,72.9070116,Flood,100.0,61.68,High,0,0.4851076813731457
HOS_842,Hospital,Hiren Mehta Eye Care Centre,19.0796375,72.9070116,Geomagnetic,100.0,57.63,High,0,0.4889658150537271
HOS_842,Hospital,Hiren Mehta Eye Care Centre,19.0796375,72.9070116,Heat,100.0,60.36,High,0,0.4851076813731457
HOS_843,Hospital,Jack-N-Jill Nursing Hoe - Ghatkopar -Mumbai,19.0757557,72.9081922,Flood,100.0,61.68,High,0,0.4920945322701659
HOS_843,Hospital,Jack-N-Jill Nursing Hoe - Ghatkopar -Mumbai,19.0757557,72.9081922,Geomagnetic,100.0,57.63,High,0,0.4951703203192439
HOS_843,Hospital,Jack-N-Jill Nursing Hoe - Ghatkopar -Mumbai,19.0757557,72.9081922,Heat,100.0,60.36,High,0,0.4920945322701659
HOS_844,Hospital,Jain Eye Clinic,19.0796375,72.9070116,Flood,100.0,61.68,High,0,0.4851076813731457
HOS_844,Hospital,Jain Eye Clinic,19.0796375,72.9070116,Geomagnetic,100.0,57.63,High,0,0.4889658150537271
HOS_844,Hospital,Jain Eye Clinic,19.0796375,72.9070116,Heat,100.0,60.36,High,0,0.4851076813731457
HOS_845,Hospital,Kamdar Nursing Home and Polyclinic Pvt. Ltd.,19.0792247,72.9057813,Flood,100.0,61.68,High,0,0.4865497413165644
HOS_845,Hospital,Kamdar Nursing Home and Polyclinic Pvt. Ltd.,19.0792247,72.9057813,Geomagnetic,100.0,57.63,High,0,0.4909062203790979
HOS_845,Hospital,Kamdar Nursing Home and Polyclinic Pvt. Ltd.,19.0792247,72.9057813,Heat,100.0,60.36,High,0,0.4865497413165644
HOS_846,Hospital,Khushal Hospital And Maternity Home,,,Flood,100.0,61.68,High,0,0.5244058818855553
HOS_846,Hospital,Khushal Hospital And Maternity Home,,,Geomagnetic,100.0,57.63,High,1,0.540477420964363
HOS_846,Hospital,Khushal Hospital And Maternity Home,,,Heat,100.0,60.36,High,0,0.5244058818855553
HOS_847,Hospital,L V Prasad Eye Institute Collaborating Center,19.0791764,72.9018877,Flood,100.0,61.68,High,0,0.4837625230803394
HOS_847,Hospital,L V Prasad Eye Institute Collaborating Center,19.0791764,72.9018877,Geomagnetic,100.0,57.63,High,0,0.4889142465275395
HOS_847,Hospital,L V Prasad Eye Institute Collaborating Center,19.0791764,72.9018877,Heat,100.0,60.36,High,0,0.4837625230803394
HOS_848,Hospital,Lotus Ent Hospital,19.0796375,72.9070116,Flood,100.0,61.68,High,0,0.4851076813731457
HOS_848,Hospital,Lotus Ent Hospital,19.0796375,72.9070116,Geomagnetic,100.0,57.63,High,0,0.4889658150537271
HOS_848,Hospital,Lotus Ent Hospital,19.0796375,72.9070116,Heat,100.0,60.36,High,0,0.4851076813731457
HOS_849,Hospital,Malati Maternity Hospital,19.0751377,72.9091436,Flood,100.0,61.68,High,0,0.4921175495182897
HOS_849,Hospital,Malati Maternity Hospital,19.0751377,72.9091436,Geomagnetic,100.0,57.63,High,0,0.4950818136493989
HOS_849,Hospital,Malati Maternity Hospital,19.0751377,72.9091436,Heat,100.0,60.36,High,0,0.4921175495182897
HOS_85,Hospital,Foresight Eye Center,,,Flood,100.0,61.68,High,0,0.5244058818855553
HOS_85,Hospital,Foresight Eye Center,,,Geomagnetic,100.0,57.63,High,1,0.540477420964363
HOS_85,Hospital,Foresight Eye Center,,,Heat,100.0,60.36,High,0,0.5244058818855553
HOS_850,Hospital,Mandakini Ctscan Centre,19.0813907,73.0004906,Flood,100.0,61.68,High,1,0.59335131596517
HOS_850,Hospital,Mandakini Ctscan Centre,19.0813907,73.0004906,Geomagnetic,100.0,57.63,High,1,0.595236601456071
HOS_850,Hospital,Mandakini Ctscan Centre,19.0813907,73.0004906,Heat,100.0,60.36,High,1,0.59335131596517
HOS_851,Hospital,Mansu Maternity Home,19.0759837,72.8776559,Flood,100.0,61.68,High,0,0.4615533918676057
HOS_851,Hospital,Mansu Maternity Home,19.0759837,72.8776559,Geomagnetic,100.0,57.63,High,0,0.4678510503457073
HOS_851,Hospital,Mansu Maternity Home,19.0759837,72.8776559,Heat,100.0,60.36,High,0,0.4615533918676057
HOS_852,Hospital,Mehta Eye Clinic Pvt Ltd,,,Flood,100.0,61.68,High,0,0.5244058818855553
HOS_852,Hospital,Mehta Eye Clinic Pvt Ltd,,,Geomagnetic,100.0,57.63,High,1,0.540477420964363
HOS_852,Hospital,Mehta Eye Clinic Pvt Ltd,,,Heat,100.0,60.36,High,0,0.5244058818855553
HOS_853,Hospital,National Inst. Of Endoscopic Surgery,19.0796375,72.9070116,Flood,100.0,61.68,High,0,0.4851076813731457
HOS_853,Hospital,National Inst. Of Endoscopic Surgery,19.0796375,72.9070116,Geomagnetic,100.0,57.63,High,0,0.4889658150537271
HOS_853,Hospital,National Inst. Of Endoscopic Surgery,19.0796375,72.9070116,Heat,100.0,60.36,High,0,0.4851076813731457
HOS_854,Hospital,Nayan Eye Centre,19.0770917,72.9080971,Flood,100.0,61.68,High,0,0.4908268839091023
HOS_854,Hospital,Nayan Eye Centre,19.0770917,72.9080971,Geomagnetic,100.0,57.63,High,0,0.4935500419173203
HOS_854,Hospital,Nayan Eye Centre,19.0770917,72.9080971,Heat,100.0,60.36,High,0,0.4908268839091023
HOS_855,Hospital,Parakh Hospital And Research Centre - Ghatkopar,19.07907,72.907976,Flood,100.0,61.68,High,0,0.4888318031180925
HOS_855,Hospital,Parakh Hospital And Research Centre - Ghatkopar,19.07907,72.907976,Geomagnetic,100.0,57.63,High,0,0.4917886586693027
HOS_855,Hospital,Parakh Hospital And Research Centre - Ghatkopar,19.07907,72.907976,Heat,100.0,60.36,High,0,0.4888318031180925
HOS_856,Hospital,Parekh Eye Clinic and Child Clinic,19.0796375,72.9070116,Flood,100.0,61.68,High,0,0.4851076813731457
HOS_856,Hospital,Parekh Eye Clinic and Child Clinic,19.0796375,72.9070116,Geomagnetic,100.0,57.63,High,0,0.4889658150537271
HOS_856,Hospital,Parekh Eye Clinic and Child Clinic,19.0796375,72.9070116,Heat,100.0,60.36,High,0,0.4851076813731457
HOS_857,Hospital,Sanghavi Laboratory,19.0792247,72.9057813,Flood,100.0,61.68,High,0,0.4865497413165644
HOS_857,Hospital,Sanghavi Laboratory,19.0792247,72.9057813,Geomagnetic,100.0,57.63,High,0,0.4909062203790979
HOS_857,Hospital,Sanghavi Laboratory,19.0792247,72.9057813,Heat,100.0,60.36,High,0,0.4865497413165644
HOS_859,Hospital,Sushrut Hospital and Research Center,19.0552812,72.8892082,Flood,100.0,61.68,High,0,0.4869022706222187
HOS_859,Hospital,Sushrut Hospital and Research Center,19.0552812,72.8892082,Geomagnetic,100.0,57.63,High,0,0.4885006107882728
HOS_859,Hospital,Sushrut Hospital and Research Center,19.0552812,72.8892082,Heat,100.0,60.36,High,0,0.4869022706222187
HOS_86,Hospital,Infiniti Eye Hospital,19.0759837,72.8776559,Flood,100.0,61.68,High,0,0.4615533918676057
HOS_86,Hospital,Infiniti Eye Hospital,19.0759837,72.8776559,Geomagnetic,100.0,57.63,High,0,0.4678510503457073
HOS_86,Hospital,Infiniti Eye Hospital,19.0759837,72.8776559,Heat,100.0,60.36,High,0,0.4615533918676057
HOS_860,Hospital,Tara Neo Surg Hospital,19.0796375,72.9070116,Flood,100.0,61.68,High,0,0.4851076813731457
HOS_860,Hospital,Tara Neo Surg Hospital,19.0796375,72.9070116,Geomagnetic,100.0,57.63,High,0,0.4889658150537271
HOS_860,Hospital,Tara Neo Surg Hospital,19.0796375,72.9070116,Heat,100.0,60.36,High,0,0.4851076813731457
HOS_861,Hospital,The Eye Super Specialities,19.0796375,72.9070116,Flood,100.0,61.68,High,0,0.4851076813731457
HOS_861,Hospital,The Eye Super Specialities,19.0796375,72.9070116,Geomagnetic,100.0,57.63,High,0,0.4889658150537271
HOS_861,Hospital,The Eye Super Specialities,19.0796375,72.9070116,Heat,100.0,60.36,High,0,0.4851076813731457
HOS_862,Hospital,Vatsal Nicu and Childrens Hospital,19.0796375,72.9070116,Flood,100.0,61.68,High,0,0.4851076813731457
HOS_862,Hospital,Vatsal Nicu and Childrens Hospital,19.0796375,72.9070116,Geomagnetic,100.0,57.63,High,0,0.4889658150537271
HOS_862,Hospital,Vatsal Nicu and Childrens Hospital,19.0796375,72.9070116,Heat,100.0,60.36,High,0,0.4851076813731457
HOS_863,Hospital,Amruta Maternity and Surgical Nursing Home,19.1509879,72.9315251,Flood,100.0,67.29,High,0,0.520877058653074
HOS_863,Hospital,Amruta Maternity and Surgical Nursing Home,19.1509879,72.9315251,Geomagnetic,100.0,62.86,High,0,0.5225685151799757
HOS_863,Hospital,Amruta Maternity and Surgical Nursing Home,19.1509879,72.9315251,Heat,100.0,65.85,High,0,0.520877058653074
HOS_864,Hospital,Diamond Maternity and General Hospital,19.1515624,72.9435765,Flood,100.0,67.29,High,0,0.5323597889533136
HOS_864,Hospital,Diamond Maternity and General Hospital,19.1515624,72.9435765,Geomagnetic,100.0,62.86,High,1,0.5353602582249561
HOS_864,Hospital,Diamond Maternity and General Hospital,19.1515624,72.9435765,Heat,100.0,65.85,High,0,0.5323597889533136
HOS_865,Hospital,Dr Bothra's Hospital,19.1509879,72.9315251,Flood,100.0,67.29,High,0,0.520877058653074
HOS_865,Hospital,Dr Bothra's Hospital,19.1509879,72.9315251,Geomagnetic,100.0,62.86,High,0,0.5225685151799757
HOS_865,Hospital,Dr Bothra's Hospital,19.1509879,72.9315251,Heat,100.0,65.85,High,0,0.520877058653074
HOS_866,Hospital,Dr Mahajan Hospital and Industrial Trauma Center,19.1425582,73.0120312,Flood,100.0,61.68,High,1,0.6018633826545073
HOS_866,Hospital,Dr Mahajan Hospital and Industrial Trauma Center,19.1425582,73.0120312,Geomagnetic,100.0,57.63,High,1,0.605406157250986
HOS_866,Hospital,Dr Mahajan Hospital and Industrial Trauma Center,19.1425582,73.0120312,Heat,100.0,60.36,High,1,0.6018633826545073
HOS_867,Hospital,Dr Patanis Eye Clinic,19.1509879,72.9315251,Flood,100.0,67.29,High,0,0.520877058653074
HOS_867,Hospital,Dr Patanis Eye Clinic,19.1509879,72.9315251,Geomagnetic,100.0,62.86,High,0,0.5225685151799757
HOS_867,Hospital,Dr Patanis Eye Clinic,19.1509879,72.9315251,Heat,100.0,65.85,High,0,0.520877058653074
HOS_868,Hospital,Dr. Bhatias Ruby Hospital - Bhandup - Mumbai,19.1462082,72.9272317,Flood,100.0,67.29,High,0,0.5176282197246036
HOS_868,Hospital,Dr. Bhatias Ruby Hospital - Bhandup - Mumbai,19.1462082,72.9272317,Geomagnetic,100.0,62.86,High,0,0.5208068812483998
HOS_868,Hospital,Dr. Bhatias Ruby Hospital - Bhandup - Mumbai,19.1462082,72.9272317,Heat,100.0,65.85,High,0,0.5176282197246036
HOS_869,Hospital,Dr. Kolhes Eye Clinic - Bhandup,19.1509879,72.9315251,Flood,100.0,67.29,High,0,0.520877058653074
HOS_869,Hospital,Dr. Kolhes Eye Clinic - Bhandup,19.1509879,72.9315251,Geomagnetic,100.0,62.86,High,0,0.5225685151799757
HOS_869,Hospital,Dr. Kolhes Eye Clinic - Bhandup,19.1509879,72.9315251,Heat,100.0,65.85,High,0,0.520877058653074
HOS_87,Hospital,Mangeshikar Access Gynecology and Infertility Center,18.9591937,72.8122626,Flood,100.0,61.68,High,1,0.5794357711042399
HOS_87,Hospital,Mangeshikar Access Gynecology and Infertility Center,18.9591937,72.8122626,Geomagnetic,100.0,57.63,High,1,0.5794357711042399
HOS_87,Hospital,Mangeshikar Access Gynecology and Infertility Center,18.9591937,72.8122626,Heat,100.0,60.36,High,1,0.5794357711042399
HOS_870,Hospital,Dr. Malwankar's Romeen Nursing Home,19.1509879,72.9315251,Flood,100.0,67.29,High,0,0.520877058653074
HOS_870,Hospital,Dr. Malwankar's Romeen Nursing Home,19.1509879,72.9315251,Geomagnetic,100.0,62.86,High,0,0.5225685151799757
HOS_870,Hospital,Dr. Malwankar's Romeen Nursing Home,19.1509879,72.9315251,Heat,100.0,65.85,High,0,0.520877058653074
HOS_871,Hospital,Dr. Thakurs Ear Nose Throat Clinic And Hospital - Bhandup (W) Mumbai,19.1470738,72.9389442,Flood,100.0,67.29,High,0,0.528281198539907
HOS_871,Hospital,Dr. Thakurs Ear Nose Throat Clinic And Hospital - Bhandup (W) Mumbai,19.1470738,72.9389442,Geomagnetic,100.0,62.86,High,0,0.5289150427308301
HOS_871,Hospital,Dr. Thakurs Ear Nose Throat Clinic And Hospital - Bhandup (W) Mumbai,19.1470738,72.9389442,Heat,100.0,65.85,High,0,0.528281198539907
HOS_872,Hospital,Dr.Badwaiks Maternity and General Hospital,19.1424376,72.9327673,Flood,100.0,67.29,High,0,0.5256624532679129
HOS_872,Hospital,Dr.Badwaiks Maternity and General Hospital,19.1424376,72.9327673,Geomagnetic,100.0,62.86,High,0,0.5274939157914716
HOS_872,Hospital,Dr.Badwaiks Maternity and General Hospital,19.1424376,72.9327673,Heat,100.0,65.85,High,0,0.5256624532679129
HOS_873,Hospital,Dr.Bhatia's Ruby Hospital,,,Flood,100.0,61.68,High,0,0.5244058818855553
HOS_873,Hospital,Dr.Bhatia's Ruby Hospital,,,Geomagnetic,100.0,57.63,High,1,0.540477420964363
HOS_873,Hospital,Dr.Bhatia's Ruby Hospital,,,Heat,100.0,60.36,High,0,0.5244058818855553
HOS_874,Hospital,Dr.Bothras Hospital,19.1509879,72.9315251,Flood,100.0,67.29,High,0,0.520877058653074
HOS_874,Hospital,Dr.Bothras Hospital,19.1509879,72.9315251,Geomagnetic,100.0,62.86,High,0,0.5225685151799757
HOS_874,Hospital,Dr.Bothras Hospital,19.1509879,72.9315251,Heat,100.0,65.85,High,0,0.520877058653074
HOS_875,Hospital,Eye and I Dr.Kolhe's Eye Clinic,19.1462749,72.9353872,Flood,100.0,67.29,High,0,0.5259207432334405
HOS_875,Hospital,Eye and I Dr.Kolhe's Eye Clinic,19.1462749,72.9353872,Geomagnetic,100.0,62.86,High,0,0.52759384063772
HOS_875,Hospital,Eye and I Dr.Kolhe's Eye Clinic,19.1462749,72.9353872,Heat,100.0,65.85,High,0,0.5259207432334405
HOS_876,Hospital,Gaurav Maternity and Surgical Hospital,19.1509879,72.9315251,Flood,100.0,67.29,High,0,0.520877058653074
HOS_876,Hospital,Gaurav Maternity and Surgical Hospital,19.1509879,72.9315251,Geomagnetic,100.0,62.86,High,0,0.5225685151799757
HOS_876,Hospital,Gaurav Maternity and Surgical Hospital,19.1509879,72.9315251,Heat,100.0,65.85,High,0,0.520877058653074
HOS_877,Hospital,I and Eye Dr Kolhes Eye Clinic,19.1462749,72.9353872,Flood,100.0,67.29,High,0,0.5259207432334405
HOS_877,Hospital,I and Eye Dr Kolhes Eye Clinic,19.1462749,72.9353872,Geomagnetic,100.0,62.86,High,0,0.52759384063772
HOS_877,Hospital,I and Eye Dr Kolhes Eye Clinic,19.1462749,72.9353872,Heat,100.0,65.85,High,0,0.5259207432334405
HOS_878,Hospital,J. K. Child Health Care and Nicu,19.144698,72.9368292,Flood,100.0,67.29,High,0,0.5283681734379702
HOS_878,Hospital,J. K. Child Health Care and Nicu,19.144698,72.9368292,Geomagnetic,100.0,62.86,High,0,0.5294665748632114
HOS_878,Hospital,J. K. Child Health Care and Nicu,19.144698,72.9368292,Heat,100.0,65.85,High,0,0.5283681734379702
HOS_879,Hospital,Krishna Nursing Home,19.1507653,72.9372688,Flood,100.0,67.29,High,0,0.526300744826965
HOS_879,Hospital,Krishna Nursing Home,19.1507653,72.9372688,Geomagnetic,100.0,62.86,High,0,0.5272021512371271
HOS_879,Hospital,Krishna Nursing Home,19.1507653,72.9372688,Heat,100.0,65.85,High,0,0.526300744826965
HOS_88,Hospital,N M Medical Centre,18.9576029,72.8103199,Flood,100.0,61.68,High,1,0.5846243738527285
HOS_88,Hospital,N M Medical Centre,18.9576029,72.8103199,Geomagnetic,100.0,57.63,High,1,0.5846243738527285
HOS_88,Hospital,N M Medical Centre,18.9576029,72.8103199,Heat,100.0,60.36,High,1,0.5846243738527285
HOS_880,Hospital,Lotus Multispeciality Hospital,19.1531246,72.9411365,Flood,100.0,67.29,High,0,0.5311356845889555
HOS_880,Hospital,Lotus Multispeciality Hospital,19.1531246,72.9411365,Geomagnetic,100.0,62.86,High,0,0.532329523645109
HOS_880,Hospital,Lotus Multispeciality Hospital,19.1531246,72.9411365,Heat,100.0,65.85,High,0,0.5311356845889555
HOS_881,Hospital,M.S.Maternity and General Hospital,19.1474511,72.9299079,Flood,100.0,67.29,High,0,0.5204064110298973
HOS_881,Hospital,M.S.Maternity and General Hospital,19.1474511,72.9299079,Geomagnetic,100.0,62.86,High,0,0.5222840580085801
HOS_881,Hospital,M.S.Maternity and General Hospital,19.1474511,72.9299079,Heat,100.0,65.85,High,0,0.5204064110298973
HOS_882,Hospital,Maauli Hospital,19.1509879,72.9315251,Flood,100.0,67.29,High,0,0.520877058653074
HOS_882,Hospital,Maauli Hospital,19.1509879,72.9315251,Geomagnetic,100.0,62.86,High,0,0.5225685151799757
HOS_882,Hospital,Maauli Hospital,19.1509879,72.9315251,Heat,100.0,65.85,High,0,0.520877058653074
HOS_883,Hospital,Madhu Polyclinic and Nursing Home,19.1509879,72.9315251,Flood,100.0,67.29,High,0,0.520877058653074
HOS_883,Hospital,Madhu Polyclinic and Nursing Home,19.1509879,72.9315251,Geomagnetic,100.0,62.86,High,0,0.5225685151799757
HOS_883,Hospital,Madhu Polyclinic and Nursing Home,19.1509879,72.9315251,Heat,100.0,65.85,High,0,0.520877058653074
HOS_884,Hospital,Mahek Nursing Home,19.1493933,72.9326121,Flood,100.0,67.29,High,0,0.5238138360775484
HOS_884,Hospital,Mahek Nursing Home,19.1493933,72.9326121,Geomagnetic,100.0,62.86,High,0,0.524601939976915
HOS_884,Hospital,Mahek Nursing Home,19.1493933,72.9326121,Heat,100.0,65.85,High,0,0.5238138360775484
HOS_885,Hospital,Nadkarni Eye Care Centres,19.1505614,72.936863,Flood,100.0,67.29,High,0,0.5260634064365832
HOS_885,Hospital,Nadkarni Eye Care Centres,19.1505614,72.936863,Geomagnetic,100.0,62.86,High,0,0.5270832653901194
HOS_885,Hospital,Nadkarni Eye Care Centres,19.1505614,72.936863,Heat,100.0,65.85,High,0,0.5260634064365832
HOS_886,Hospital,Netramani Chikitsalay,19.1509879,72.9315251,Flood,100.0,67.29,High,0,0.520877058653074
HOS_886,Hospital,Netramani Chikitsalay,19.1509879,72.9315251,Geomagnetic,100.0,62.86,High,0,0.5225685151799757
HOS_886,Hospital,Netramani Chikitsalay,19.1509879,72.9315251,Heat,100.0,65.85,High,0,0.520877058653074
HOS_887,Hospital,Omkar Hospital,19.1507653,72.9372688,Flood,100.0,67.29,High,0,0.526300744826965
HOS_887,Hospital,Omkar Hospital,19.1507653,72.9372688,Geomagnetic,100.0,62.86,High,0,0.5272021512371271
HOS_887,Hospital,Omkar Hospital,19.1507653,72.9372688,Heat,100.0,65.85,High,0,0.526300744826965
HOS_888,Hospital,Rathod Nursing Home and Iccu,19.1509879,72.9315251,Flood,100.0,67.29,High,0,0.520877058653074
HOS_888,Hospital,Rathod Nursing Home and Iccu,19.1509879,72.9315251,Geomagnetic,100.0,62.86,High,0,0.5225685151799757
HOS_888,Hospital,Rathod Nursing Home and Iccu,19.1509879,72.9315251,Heat,100.0,65.85,High,0,0.520877058653074
HOS_889,Hospital,Romeen Nursing Home,,,Flood,100.0,61.68,High,0,0.5244058818855553
HOS_889,Hospital,Romeen Nursing Home,,,Geomagnetic,100.0,57.63,High,1,0.540477420964363
HOS_889,Hospital,Romeen Nursing Home,,,Heat,100.0,60.36,High,0,0.5244058818855553
HOS_89,Hospital,New Babulnath Ent Clinic,18.9653852,72.8147262,Flood,100.0,61.68,High,1,0.5691615005880509
HOS_89,Hospital,New Babulnath Ent Clinic,18.9653852,72.8147262,Geomagnetic,100.0,57.63,High,1,0.5691615005880509
HOS_89,Hospital,New Babulnath Ent Clinic,18.9653852,72.8147262,Heat,100.0,60.36,High,1,0.5691615005880509
HOS_890,Hospital,Saarthi Hospital,19.1468364,72.9337875,Flood,100.0,67.29,High,0,0.5242973093597567
HOS_890,Hospital,Saarthi Hospital,19.1468364,72.9337875,Geomagnetic,100.0,62.86,High,0,0.5261084829169873
HOS_890,Hospital,Saarthi Hospital,19.1468364,72.9337875,Heat,100.0,65.85,High,0,0.5242973093597567
HOS_891,Hospital,Sai Sparsh Hospital and Iccu,,,Flood,100.0,61.68,High,0,0.5244058818855553
HOS_891,Hospital,Sai Sparsh Hospital and Iccu,,,Geomagnetic,100.0,57.63,High,1,0.540477420964363
HOS_891,Hospital,Sai Sparsh Hospital and Iccu,,,Heat,100.0,60.36,High,0,0.5244058818855553
HOS_892,Hospital,Sanjeevan Nursing Home and Iccu,19.1509879,72.9315251,Flood,100.0,67.29,High,0,0.520877058653074
HOS_892,Hospital,Sanjeevan Nursing Home and Iccu,19.1509879,72.9315251,Geomagnetic,100.0,62.86,High,0,0.5225685151799757
HOS_892,Hospital,Sanjeevan Nursing Home and Iccu,19.1509879,72.9315251,Heat,100.0,65.85,High,0,0.520877058653074
HOS_893,Hospital,Sankeshi Bharat,19.1509879,72.9315251,Flood,100.0,67.29,High,0,0.520877058653074
HOS_893,Hospital,Sankeshi Bharat,19.1509879,72.9315251,Geomagnetic,100.0,62.86,High,0,0.5225685151799757
HOS_893,Hospital,Sankeshi Bharat,19.1509879,72.9315251,Heat,100.0,65.85,High,0,0.520877058653074
HOS_894,Hospital,Sas Health Care Pvt. Limited,19.147626,72.9294528,Flood,100.0,67.29,High,0,0.5204204515172951
HOS_894,Hospital,Sas Health Care Pvt. Limited,19.147626,72.9294528,Geomagnetic,100.0,62.86,High,0,0.5224403912020532
HOS_894,Hospital,Sas Health Care Pvt. Limited,19.147626,72.9294528,Heat,100.0,65.85,High,0,0.5204204515172951
HOS_895,Hospital,Saubhagya Hospital,19.1509879,72.9315251,Flood,100.0,67.29,High,0,0.520877058653074
HOS_895,Hospital,Saubhagya Hospital,19.1509879,72.9315251,Geomagnetic,100.0,62.86,High,0,0.5225685151799757
HOS_895,Hospital,Saubhagya Hospital,19.1509879,72.9315251,Heat,100.0,65.85,High,0,0.520877058653074
HOS_896,Hospital,Setty's Endoscopic Surgical Centre,19.1473592,72.9318038,Flood,100.0,67.29,High,0,0.5212914316797017
HOS_896,Hospital,Setty's Endoscopic Surgical Centre,19.1473592,72.9318038,Geomagnetic,100.0,62.86,High,0,0.5231722718480031
HOS_896,Hospital,Setty's Endoscopic Surgical Centre,19.1473592,72.9318038,Heat,100.0,65.85,High,0,0.5212914316797017
HOS_897,Hospital,Shah Children Hospital And Newborn Care Centre,19.1509879,72.9315251,Flood,100.0,67.29,High,0,0.520877058653074
HOS_897,Hospital,Shah Children Hospital And Newborn Care Centre,19.1509879,72.9315251,Geomagnetic,100.0,62.86,High,0,0.5225685151799757
HOS_897,Hospital,Shah Children Hospital And Newborn Care Centre,19.1509879,72.9315251,Heat,100.0,65.85,High,0,0.520877058653074
HOS_898,Hospital,Shanti Maternity Clinic,19.1509879,72.9315251,Flood,100.0,67.29,High,0,0.520877058653074
HOS_898,Hospital,Shanti Maternity Clinic,19.1509879,72.9315251,Geomagnetic,100.0,62.86,High,0,0.5225685151799757
HOS_898,Hospital,Shanti Maternity Clinic,19.1509879,72.9315251,Heat,100.0,65.85,High,0,0.520877058653074
HOS_899,Hospital,Shri Bal Chikitsalaya,19.1509879,72.9315251,Flood,100.0,67.29,High,0,0.520877058653074
HOS_899,Hospital,Shri Bal Chikitsalaya,19.1509879,72.9315251,Geomagnetic,100.0,62.86,High,0,0.5225685151799757
HOS_899,Hospital,Shri Bal Chikitsalaya,19.1509879,72.9315251,Heat,100.0,65.85,High,0,0.520877058653074
HOS_9,Hospital,Dr Satish Padmanabhan Clinic,19.0176169,72.8561288,Flood,100.0,61.68,High,0,0.4912492209612948
HOS_9,Hospital,Dr Satish Padmanabhan Clinic,19.0176169,72.8561288,Geomagnetic,100.0,57.63,High,0,0.4947715355782826
HOS_9,Hospital,Dr Satish Padmanabhan Clinic,19.0176169,72.8561288,Heat,100.0,60.36,High,0,0.4912492209612948
HOS_90,Hospital,Palshetkar Patil Nursing Home,18.9537342,72.8183134,Flood,100.0,61.68,High,1,0.574340786352243
HOS_90,Hospital,Palshetkar Patil Nursing Home,18.9537342,72.8183134,Geomagnetic,100.0,57.63,High,1,0.574340786352243
HOS_90,Hospital,Palshetkar Patil Nursing Home,18.9537342,72.8183134,Heat,100.0,60.36,High,1,0.574340786352243
HOS_900,Hospital,Srushti Orthotech Hospital,,,Flood,100.0,61.68,High,0,0.5244058818855553
HOS_900,Hospital,Srushti Orthotech Hospital,,,Geomagnetic,100.0,57.63,High,1,0.540477420964363
HOS_900,Hospital,Srushti Orthotech Hospital,,,Heat,100.0,60.36,High,0,0.5244058818855553
HOS_901,Hospital,Sulochan Eye,19.1509879,72.9315251,Flood,100.0,67.29,High,0,0.520877058653074
HOS_901,Hospital,Sulochan Eye,19.1509879,72.9315251,Geomagnetic,100.0,62.86,High,0,0.5225685151799757
HOS_901,Hospital,Sulochan Eye,19.1509879,72.9315251,Heat,100.0,65.85,High,0,0.520877058653074
HOS_902,Hospital,Samarth Hospital,19.1067711,72.9225416,Flood,100.0,61.68,High,0,0.5085374609604588
HOS_902,Hospital,Samarth Hospital,19.1067711,72.9225416,Geomagnetic,100.0,57.63,High,0,0.5100387200091477
HOS_902,Hospital,Samarth Hospital,19.1067711,72.9225416,Heat,100.0,60.36,High,0,0.5085374609604588
HOS_903,Hospital,Aarogya Health Care,,,Flood,100.0,61.68,High,0,0.5244058818855553
HOS_903,Hospital,Aarogya Health Care,,,Geomagnetic,100.0,57.63,High,1,0.540477420964363
HOS_903,Hospital,Aarogya Health Care,,,Heat,100.0,60.36,High,0,0.5244058818855553
HOS_904,Hospital,Abhinav Kidney Dialysis And Health Centre - Mulund,19.1725542,72.942537,Flood,100.0,67.29,High,1,0.5370200424294047
HOS_904,Hospital,Abhinav Kidney Dialysis And Health Centre - Mulund,19.1725542,72.942537,Geomagnetic,100.0,62.86,High,1,0.5379307377191302
HOS_904,Hospital,Abhinav Kidney Dialysis And Health Centre - Mulund,19.1725542,72.942537,Heat,100.0,65.85,High,1,0.5370200424294047
HOS_905,Hospital,Aditi Hospital Accident Fracture and Surgical Clinic,19.1725542,72.942537,Flood,100.0,67.29,High,1,0.5370200424294047
HOS_905,Hospital,Aditi Hospital Accident Fracture and Surgical Clinic,19.1725542,72.942537,Geomagnetic,100.0,62.86,High,1,0.5379307377191302
HOS_905,Hospital,Aditi Hospital Accident Fracture and Surgical Clinic,19.1725542,72.942537,Heat,100.0,65.85,High,1,0.5370200424294047
HOS_906,Hospital,Anjali Maternity And Surgical Hospital - Mulund,,,Flood,100.0,61.68,High,0,0.5244058818855553
HOS_906,Hospital,Anjali Maternity And Surgical Hospital - Mulund,,,Geomagnetic,100.0,57.63,High,1,0.540477420964363
HOS_906,Hospital,Anjali Maternity And Surgical Hospital - Mulund,,,Heat,100.0,60.36,High,0,0.5244058818855553
HOS_907,Hospital,Anmmol Orthovision,19.186169,72.9469977,Flood,100.0,63.92,High,1,0.5577301598859892
HOS_907,Hospital,Anmmol Orthovision,19.186169,72.9469977,Geomagnetic,100.0,59.72,High,1,0.5592567473741764
HOS_907,Hospital,Anmmol Orthovision,19.186169,72.9469977,Heat,100.0,62.56,High,1,0.5577301598859892
HOS_908,Hospital,Aparna Hospital,19.0959087,72.8553466,Flood,100.0,61.68,High,0,0.4555804969619247
HOS_908,Hospital,Aparna Hospital,19.0959087,72.8553466,Geomagnetic,100.0,57.63,High,0,0.463366604266227
HOS_908,Hospital,Aparna Hospital,19.0959087,72.8553466,Heat,100.0,60.36,High,0,0.4555804969619247
HOS_909,Hospital,Apex Kidney Care (Dialysisnetworks),19.1725542,72.942537,Flood,100.0,67.29,High,1,0.5370200424294047
HOS_909,Hospital,Apex Kidney Care (Dialysisnetworks),19.1725542,72.942537,Geomagnetic,100.0,62.86,High,1,0.5379307377191302
HOS_909,Hospital,Apex Kidney Care (Dialysisnetworks),19.1725542,72.942537,Heat,100.0,65.85,High,1,0.5370200424294047
HOS_91,Hospital,Samyak Drishti Eye Centre,18.9563549,72.8133985,Flood,100.0,61.68,High,1,0.5805563095515683
HOS_91,Hospital,Samyak Drishti Eye Centre,18.9563549,72.8133985,Geomagnetic,100.0,57.63,High,1,0.5805563095515683
HOS_91,Hospital,Samyak Drishti Eye Centre,18.9563549,72.8133985,Heat,100.0,60.36,High,1,0.5805563095515683
HOS_910,Hospital,Arogya Health Care,19.1791186,72.9498535,Flood,100.0,63.92,High,1,0.551904025201495
HOS_910,Hospital,Arogya Health Care,19.1791186,72.9498535,Geomagnetic,100.0,59.72,High,1,0.5533242448684509
HOS_910,Hospital,Arogya Health Care,19.1791186,72.9498535,Heat,100.0,62.56,High,1,0.551904025201495
HOS_911,Hospital,Ashirwad Critical Care Unit,19.1758053,72.9476017,Flood,100.0,63.92,High,1,0.5461325760502324
HOS_911,Hospital,Ashirwad Critical Care Unit,19.1758053,72.9476017,Geomagnetic,100.0,59.72,High,1,0.5476942319598636
HOS_911,Hospital,Ashirwad Critical Care Unit,19.1758053,72.9476017,Heat,100.0,62.56,High,1,0.5461325760502324
HOS_912,Hospital,Ashwini Hospital and I. C. C. U.,19.1725542,72.942537,Flood,100.0,67.29,High,1,0.5370200424294047
HOS_912,Hospital,Ashwini Hospital and I. C. C. U.,19.1725542,72.942537,Geomagnetic,100.0,62.86,High,1,0.5379307377191302
HOS_912,Hospital,Ashwini Hospital and I. C. C. U.,19.1725542,72.942537,Heat,100.0,65.85,High,1,0.5370200424294047
HOS_913,Hospital,Cancer Care,19.1565109,72.9637728,Flood,100.0,67.29,High,1,0.5710130041623265
HOS_913,Hospital,Cancer Care,19.1565109,72.9637728,Geomagnetic,100.0,62.86,High,1,0.5730043935075202
HOS_913,Hospital,Cancer Care,19.1565109,72.9637728,Heat,100.0,65.85,High,1,0.5710130041623265
HOS_914,Hospital,Chetna Critical Care Unit,19.1745575,72.9526923,Flood,100.0,63.92,High,1,0.5513423578187043
HOS_914,Hospital,Chetna Critical Care Unit,19.1745575,72.9526923,Geomagnetic,100.0,59.72,High,1,0.5530146455853799
HOS_914,Hospital,Chetna Critical Care Unit,19.1745575,72.9526923,Heat,100.0,62.56,High,1,0.5513423578187043
HOS_915,Hospital,Daxini Heart Centre,19.1761159,72.9517295,Flood,100.0,63.92,High,1,0.5506291583280238
HOS_915,Hospital,Daxini Heart Centre,19.1761159,72.9517295,Geomagnetic,100.0,59.72,High,1,0.5524226788793368
HOS_915,Hospital,Daxini Heart Centre,19.1761159,72.9517295,Heat,100.0,62.56,High,1,0.5506291583280238
HOS_916,Hospital,Devkunj Charitablr Trust Matushri Mankbai Nagji Sa,19.1725542,72.942537,Flood,100.0,67.29,High,1,0.5370200424294047
HOS_916,Hospital,Devkunj Charitablr Trust Matushri Mankbai Nagji Sa,19.1725542,72.942537,Geomagnetic,100.0,62.86,High,1,0.5379307377191302
HOS_916,Hospital,Devkunj Charitablr Trust Matushri Mankbai Nagji Sa,19.1725542,72.942537,Heat,100.0,65.85,High,1,0.5370200424294047
HOS_917,Hospital,Dhanwantary Hospital and Iccu,,,Flood,100.0,61.68,High,0,0.5244058818855553
HOS_917,Hospital,Dhanwantary Hospital and Iccu,,,Geomagnetic,100.0,57.63,High,1,0.540477420964363
HOS_917,Hospital,Dhanwantary Hospital and Iccu,,,Heat,100.0,60.36,High,0,0.5244058818855553
HOS_918,Hospital,Dr Shettys E N T Hospital,19.1725542,72.942537,Flood,100.0,67.29,High,1,0.5370200424294047
HOS_918,Hospital,Dr Shettys E N T Hospital,19.1725542,72.942537,Geomagnetic,100.0,62.86,High,1,0.5379307377191302
HOS_918,Hospital,Dr Shettys E N T Hospital,19.1725542,72.942537,Heat,100.0,65.85,High,1,0.5370200424294047
HOS_919,Hospital,Dr. Khona E N T Hospital,19.1725542,72.942537,Flood,100.0,67.29,High,1,0.5370200424294047
HOS_919,Hospital,Dr. Khona E N T Hospital,19.1725542,72.942537,Geomagnetic,100.0,62.86,High,1,0.5379307377191302
HOS_919,Hospital,Dr. Khona E N T Hospital,19.1725542,72.942537,Heat,100.0,65.85,High,1,0.5370200424294047
HOS_92,Hospital,Shah Eye Clinic and Nursing Home,19.0759837,72.8776559,Flood,100.0,61.68,High,0,0.4615533918676057
HOS_92,Hospital,Shah Eye Clinic and Nursing Home,19.0759837,72.8776559,Geomagnetic,100.0,57.63,High,0,0.4678510503457073
HOS_92,Hospital,Shah Eye Clinic and Nursing Home,19.0759837,72.8776559,Heat,100.0,60.36,High,0,0.4615533918676057
HOS_920,Hospital,Dr. Mukhis Raj Hospital,19.1758053,72.9476017,Flood,100.0,63.92,High,1,0.5461325760502324
HOS_920,Hospital,Dr. Mukhis Raj Hospital,19.1758053,72.9476017,Geomagnetic,100.0,59.72,High,1,0.5476942319598636
HOS_920,Hospital,Dr. Mukhis Raj Hospital,19.1758053,72.9476017,Heat,100.0,62.56,High,1,0.5461325760502324
HOS_921,Hospital,Dr. R.J. Ganatra's Nursing Home,19.2375183,72.8548501,Flood,100.0,66.72,High,1,0.540681280692275
HOS_921,Hospital,Dr. R.J. Ganatra's Nursing Home,19.2375183,72.8548501,Geomagnetic,100.0,62.34,High,1,0.5442296245191128
HOS_921,Hospital,Dr. R.J. Ganatra's Nursing Home,19.2375183,72.8548501,Heat,100.0,65.3,High,1,0.540681280692275
HOS_922,Hospital,Dr. Simandhars Eye Care Centre,19.1725542,72.942537,Flood,100.0,67.29,High,1,0.5370200424294047
HOS_922,Hospital,Dr. Simandhars Eye Care Centre,19.1725542,72.942537,Geomagnetic,100.0,62.86,High,1,0.5379307377191302
HOS_922,Hospital,Dr. Simandhars Eye Care Centre,19.1725542,72.942537,Heat,100.0,65.85,High,1,0.5370200424294047
HOS_923,Hospital,Dr.Redkar's Maternity and Nursing Home,19.1822352,72.9468948,Flood,100.0,63.92,High,1,0.5535263165730201
HOS_923,Hospital,Dr.Redkar's Maternity and Nursing Home,19.1822352,72.9468948,Geomagnetic,100.0,59.72,High,1,0.5549162338486734
HOS_923,Hospital,Dr.Redkar's Maternity and Nursing Home,19.1822352,72.9468948,Heat,100.0,62.56,High,1,0.5535263165730201
HOS_924,Hospital,Drishti Eye Care Centre,19.1734608,72.9535574,Flood,100.0,63.92,High,1,0.5542952772911117
HOS_924,Hospital,Drishti Eye Care Centre,19.1734608,72.9535574,Geomagnetic,100.0,59.72,High,1,0.5570245918762591
HOS_924,Hospital,Drishti Eye Care Centre,19.1734608,72.9535574,Heat,100.0,62.56,High,1,0.5542952772911117
HOS_925,Hospital,Holy Trinity Hospital,19.1674543,72.9512289,Flood,100.0,67.29,High,1,0.5499160918744719
HOS_925,Hospital,Holy Trinity Hospital,19.1674543,72.9512289,Geomagnetic,100.0,62.86,High,1,0.5525535149409915
HOS_925,Hospital,Holy Trinity Hospital,19.1674543,72.9512289,Heat,100.0,65.85,High,1,0.5499160918744719
HOS_926,Hospital,Indira Nursing Home,19.1725542,72.942537,Flood,100.0,67.29,High,1,0.5370200424294047
HOS_926,Hospital,Indira Nursing Home,19.1725542,72.942537,Geomagnetic,100.0,62.86,High,1,0.5379307377191302
HOS_926,Hospital,Indira Nursing Home,19.1725542,72.942537,Heat,100.0,65.85,High,1,0.5370200424294047
HOS_927,Hospital,Jas-Raj Hospital,19.1753538,72.9528652,Flood,100.0,63.92,High,1,0.5538098468808763
HOS_927,Hospital,Jas-Raj Hospital,19.1753538,72.9528652,Geomagnetic,100.0,59.72,High,1,0.554996061543586
HOS_927,Hospital,Jas-Raj Hospital,19.1753538,72.9528652,Heat,100.0,62.56,High,1,0.5538098468808763
HOS_928,Hospital,Joshi Surgical Hospital,19.1822352,72.9468948,Flood,100.0,63.92,High,1,0.5535263165730201
HOS_928,Hospital,Joshi Surgical Hospital,19.1822352,72.9468948,Geomagnetic,100.0,59.72,High,1,0.5549162338486734
HOS_928,Hospital,Joshi Surgical Hospital,19.1822352,72.9468948,Heat,100.0,62.56,High,1,0.5535263165730201
HOS_929,Hospital,Lakshmi Nursing Home,19.1672624,72.9506072,Flood,100.0,67.29,High,1,0.5490510759191518
HOS_929,Hospital,Lakshmi Nursing Home,19.1672624,72.9506072,Geomagnetic,100.0,62.86,High,1,0.551559943664332
HOS_929,Hospital,Lakshmi Nursing Home,19.1672624,72.9506072,Heat,100.0,65.85,High,1,0.5490510759191518
HOS_93,Hospital,The Vascular Clinic,18.9586748,72.8110314,Flood,100.0,61.68,High,1,0.5831949931050161
HOS_93,Hospital,The Vascular Clinic,18.9586748,72.8110314,Geomagnetic,100.0,57.63,High,1,0.5831949931050161
HOS_93,Hospital,The Vascular Clinic,18.9586748,72.8110314,Heat,100.0,60.36,High,1,0.5831949931050161
HOS_930,Hospital,Lav-Kush Nursing Home,19.1565109,72.9637728,Flood,100.0,67.29,High,1,0.5710130041623265
HOS_930,Hospital,Lav-Kush Nursing Home,19.1565109,72.9637728,Geomagnetic,100.0,62.86,High,1,0.5730043935075202
HOS_930,Hospital,Lav-Kush Nursing Home,19.1565109,72.9637728,Heat,100.0,65.85,High,1,0.5710130041623265
HOS_931,Hospital,Mahavir Orthopaedic and General Hospital - Mulund (W),19.1725542,72.942537,Flood,100.0,67.29,High,1,0.5370200424294047
HOS_931,Hospital,Mahavir Orthopaedic and General Hospital - Mulund (W),19.1725542,72.942537,Geomagnetic,100.0,62.86,High,1,0.5379307377191302
HOS_931,Hospital,Mahavir Orthopaedic and General Hospital - Mulund (W),19.1725542,72.942537,Heat,100.0,65.85,High,1,0.5370200424294047
HOS_932,Hospital,Mehera Ambe Nursing Home,19.1725542,72.942537,Flood,100.0,67.29,High,1,0.5370200424294047
HOS_932,Hospital,Mehera Ambe Nursing Home,19.1725542,72.942537,Geomagnetic,100.0,62.86,High,1,0.5379307377191302
HOS_932,Hospital,Mehera Ambe Nursing Home,19.1725542,72.942537,Heat,100.0,65.85,High,1,0.5370200424294047
HOS_933,Hospital,Mission Nephro-Uro Pvt Ltd,19.1753134,72.9532236,Flood,100.0,63.92,High,1,0.5544346993927985
HOS_933,Hospital,Mission Nephro-Uro Pvt Ltd,19.1753134,72.9532236,Geomagnetic,100.0,59.72,High,1,0.5565441239960637
HOS_933,Hospital,Mission Nephro-Uro Pvt Ltd,19.1753134,72.9532236,Heat,100.0,62.56,High,1,0.5544346993927985
HOS_934,Hospital,Nav Drishti Netralaya,19.1725542,72.942537,Flood,100.0,67.29,High,1,0.5370200424294047
HOS_934,Hospital,Nav Drishti Netralaya,19.1725542,72.942537,Geomagnetic,100.0,62.86,High,1,0.5379307377191302
HOS_934,Hospital,Nav Drishti Netralaya,19.1725542,72.942537,Heat,100.0,65.85,High,1,0.5370200424294047
HOS_935,Hospital,Netra Jyot Eye Care Centre,19.2040597,72.9691583,Flood,100.0,61.68,High,1,0.5957290110939739
HOS_935,Hospital,Netra Jyot Eye Care Centre,19.2040597,72.9691583,Geomagnetic,100.0,57.63,High,1,0.598238164196395
HOS_935,Hospital,Netra Jyot Eye Care Centre,19.2040597,72.9691583,Heat,100.0,60.36,High,1,0.5957290110939739
HOS_936,Hospital,Nulife Hospital Pvt. Ltd.,,,Flood,100.0,61.68,High,0,0.5244058818855553
HOS_936,Hospital,Nulife Hospital Pvt. Ltd.,,,Geomagnetic,100.0,57.63,High,1,0.540477420964363
HOS_936,Hospital,Nulife Hospital Pvt. Ltd.,,,Heat,100.0,60.36,High,0,0.5244058818855553
HOS_937,Hospital,Orthocare and Ria Nursing Home,19.1793036,72.9563451,Flood,100.0,63.92,High,1,0.5624895776184899
HOS_937,Hospital,Orthocare and Ria Nursing Home,19.1793036,72.9563451,Geomagnetic,100.0,59.72,High,1,0.5639902957866965
HOS_937,Hospital,Orthocare and Ria Nursing Home,19.1793036,72.9563451,Heat,100.0,62.56,High,1,0.5624895776184899
HOS_938,Hospital,Padmashree Nursing Home (Mulund),19.1747331,72.9419373,Flood,100.0,67.29,High,1,0.5371696881681037
HOS_938,Hospital,Padmashree Nursing Home (Mulund),19.1747331,72.9419373,Geomagnetic,100.0,62.86,High,1,0.5387379126714821
HOS_938,Hospital,Padmashree Nursing Home (Mulund),19.1747331,72.9419373,Heat,100.0,65.85,High,1,0.5371696881681037
HOS_939,Hospital,Pooja Nursing Home Pvt. Ltd.,19.1672312,72.9504364,Flood,100.0,67.29,High,1,0.5489272630666094
HOS_939,Hospital,Pooja Nursing Home Pvt. Ltd.,19.1672312,72.9504364,Geomagnetic,100.0,62.86,High,1,0.5514355650537286
HOS_939,Hospital,Pooja Nursing Home Pvt. Ltd.,19.1672312,72.9504364,Heat,100.0,65.85,High,1,0.5489272630666094
HOS_940,Hospital,Prasad Surgical and Children Nursing Home,19.1761159,72.9517295,Flood,100.0,63.92,High,1,0.5506291583280238
HOS_940,Hospital,Prasad Surgical and Children Nursing Home,19.1761159,72.9517295,Geomagnetic,100.0,59.72,High,1,0.5524226788793368
HOS_940,Hospital,Prasad Surgical and Children Nursing Home,19.1761159,72.9517295,Heat,100.0,62.56,High,1,0.5506291583280238
HOS_941,Hospital,Prasanna Aarogya Health Care,19.1725542,72.942537,Flood,100.0,67.29,High,1,0.5370200424294047
HOS_941,Hospital,Prasanna Aarogya Health Care,19.1725542,72.942537,Geomagnetic,100.0,62.86,High,1,0.5379307377191302
HOS_941,Hospital,Prasanna Aarogya Health Care,19.1725542,72.942537,Heat,100.0,65.85,High,1,0.5370200424294047
HOS_942,Hospital,Raj Hospital Mumbai,19.1725542,72.942537,Flood,100.0,67.29,High,1,0.5370200424294047
HOS_942,Hospital,Raj Hospital Mumbai,19.1725542,72.942537,Geomagnetic,100.0,62.86,High,1,0.5379307377191302
HOS_942,Hospital,Raj Hospital Mumbai,19.1725542,72.942537,Heat,100.0,65.85,High,1,0.5370200424294047
HOS_943,Hospital,Rpm Aarogya Hospital Private Limited (Chetna Critical Care Unit and Spt Hosp),19.1734608,72.9535574,Flood,100.0,63.92,High,1,0.5542952772911117
HOS_943,Hospital,Rpm Aarogya Hospital Private Limited (Chetna Critical Care Unit and Spt Hosp),19.1734608,72.9535574,Geomagnetic,100.0,59.72,High,1,0.5570245918762591
HOS_943,Hospital,Rpm Aarogya Hospital Private Limited (Chetna Critical Care Unit and Spt Hosp),19.1734608,72.9535574,Heat,100.0,62.56,High,1,0.5542952772911117
HOS_944,Hospital,Saarthi Health Care,19.1725542,72.942537,Flood,100.0,67.29,High,1,0.5370200424294047
HOS_944,Hospital,Saarthi Health Care,19.1725542,72.942537,Geomagnetic,100.0,62.86,High,1,0.5379307377191302
HOS_944,Hospital,Saarthi Health Care,19.1725542,72.942537,Heat,100.0,65.85,High,1,0.5370200424294047
HOS_945,Hospital,Samarth Maternity And Nursing Home,,,Flood,100.0,61.68,High,0,0.5244058818855553
HOS_945,Hospital,Samarth Maternity And Nursing Home,,,Geomagnetic,100.0,57.63,High,1,0.540477420964363
HOS_945,Hospital,Samarth Maternity And Nursing Home,,,Heat,100.0,60.36,High,0,0.5244058818855553
HOS_946,Hospital,Sanjay Eye Clinic,19.1725542,72.942537,Flood,100.0,67.29,High,1,0.5370200424294047
HOS_946,Hospital,Sanjay Eye Clinic,19.1725542,72.942537,Geomagnetic,100.0,62.86,High,1,0.5379307377191302
HOS_946,Hospital,Sanjay Eye Clinic,19.1725542,72.942537,Heat,100.0,65.85,High,1,0.5370200424294047
HOS_947,Hospital,Sarthi Health Care,19.1725542,72.942537,Flood,100.0,67.29,High,1,0.5370200424294047
HOS_947,Hospital,Sarthi Health Care,19.1725542,72.942537,Geomagnetic,100.0,62.86,High,1,0.5379307377191302
HOS_947,Hospital,Sarthi Health Care,19.1725542,72.942537,Heat,100.0,65.85,High,1,0.5370200424294047
HOS_948,Hospital,Shettys Endoscopic Surgical Center,19.1721433,72.9504824,Flood,100.0,67.29,High,1,0.5486010513957331
HOS_948,Hospital,Shettys Endoscopic Surgical Center,19.1721433,72.9504824,Geomagnetic,100.0,62.86,High,1,0.5502053392902158
HOS_948,Hospital,Shettys Endoscopic Surgical Center,19.1721433,72.9504824,Heat,100.0,65.85,High,1,0.5486010513957331
HOS_949,Hospital,Shivaani Mother and Child Care Hospital,19.0759837,72.8776559,Flood,100.0,61.68,High,0,0.4615533918676057
HOS_949,Hospital,Shivaani Mother and Child Care Hospital,19.0759837,72.8776559,Geomagnetic,100.0,57.63,High,0,0.4678510503457073
HOS_949,Hospital,Shivaani Mother and Child Care Hospital,19.0759837,72.8776559,Heat,100.0,60.36,High,0,0.4615533918676057
HOS_95,Hospital,Ipc Heart Care,19.0176169,72.8561288,Flood,100.0,61.68,High,0,0.4912492209612948
HOS_95,Hospital,Ipc Heart Care,19.0176169,72.8561288,Geomagnetic,100.0,57.63,High,0,0.4947715355782826
HOS_95,Hospital,Ipc Heart Care,19.0176169,72.8561288,Heat,100.0,60.36,High,0,0.4912492209612948
HOS_950,Hospital,Shraddha Polyclinic and Nursing Home-Mulund-Mumbai,19.1725542,72.942537,Flood,100.0,67.29,High,1,0.5370200424294047
HOS_950,Hospital,Shraddha Polyclinic and Nursing Home-Mulund-Mumbai,19.1725542,72.942537,Geomagnetic,100.0,62.86,High,1,0.5379307377191302
HOS_950,Hospital,Shraddha Polyclinic and Nursing Home-Mulund-Mumbai,19.1725542,72.942537,Heat,100.0,65.85,High,1,0.5370200424294047
HOS_951,Hospital,Shree Pragati Foundation's Hira Mongi Navneet Hospital,,,Flood,100.0,61.68,High,0,0.5244058818855553
HOS_951,Hospital,Shree Pragati Foundation's Hira Mongi Navneet Hospital,,,Geomagnetic,100.0,57.63,High,1,0.540477420964363
HOS_951,Hospital,Shree Pragati Foundation's Hira Mongi Navneet Hospital,,,Heat,100.0,60.36,High,0,0.5244058818855553
HOS_952,Hospital,Shree Ram Eye Care Centre,19.1557098,72.9524625,Flood,100.0,67.29,High,1,0.5518275446391782
HOS_952,Hospital,Shree Ram Eye Care Centre,19.1557098,72.9524625,Geomagnetic,100.0,62.86,High,1,0.5547724525741003
HOS_952,Hospital,Shree Ram Eye Care Centre,19.1557098,72.9524625,Heat,100.0,65.85,High,1,0.5518275446391782
HOS_953,Hospital,Shree Sai Maternity and Surgical Nursing Home,19.1641019,72.9453184,Flood,100.0,67.29,High,1,0.5390188240429271
HOS_953,Hospital,Shree Sai Maternity and Surgical Nursing Home,19.1641019,72.9453184,Geomagnetic,100.0,62.86,High,1,0.5416364091274799
HOS_953,Hospital,Shree Sai Maternity and Surgical Nursing Home,19.1641019,72.9453184,Heat,100.0,65.85,High,1,0.5390188240429271
HOS_954,Hospital,Surya Eye Institute and Research Centre Pvt Ltd,19.1725542,72.942537,Flood,100.0,67.29,High,1,0.5370200424294047
HOS_954,Hospital,Surya Eye Institute and Research Centre Pvt Ltd,19.1725542,72.942537,Geomagnetic,100.0,62.86,High,1,0.5379307377191302
HOS_954,Hospital,Surya Eye Institute and Research Centre Pvt Ltd,19.1725542,72.942537,Heat,100.0,65.85,High,1,0.5370200424294047
HOS_955,Hospital,Suyog Hospital and Iccu,,,Flood,100.0,61.68,High,0,0.5244058818855553
HOS_955,Hospital,Suyog Hospital and Iccu,,,Geomagnetic,100.0,57.63,High,1,0.540477420964363
HOS_955,Hospital,Suyog Hospital and Iccu,,,Heat,100.0,60.36,High,0,0.5244058818855553
HOS_956,Hospital,Swastika Nursing Home,19.0351003,72.8591851,Flood,100.0,61.68,High,0,0.4809449501297284
HOS_956,Hospital,Swastika Nursing Home,19.0351003,72.8591851,Geomagnetic,100.0,57.63,High,0,0.4861300502857637
HOS_956,Hospital,Swastika Nursing Home,19.0351003,72.8591851,Heat,100.0,60.36,High,0,0.4809449501297284
HOS_957,Hospital,Upasani Maternity and Surgical Nursing Home,19.1725542,72.942537,Flood,100.0,67.29,High,1,0.5370200424294047
HOS_957,Hospital,Upasani Maternity and Surgical Nursing Home,19.1725542,72.942537,Geomagnetic,100.0,62.86,High,1,0.5379307377191302
HOS_957,Hospital,Upasani Maternity and Surgical Nursing Home,19.1725542,72.942537,Heat,100.0,65.85,High,1,0.5370200424294047
HOS_958,Hospital,Veena Nagar Health Care Center and Hospital,19.180878,72.944899,Flood,100.0,63.92,High,1,0.5448166926939998
HOS_958,Hospital,Veena Nagar Health Care Center and Hospital,19.180878,72.944899,Geomagnetic,100.0,59.72,High,1,0.5468039074667523
HOS_958,Hospital,Veena Nagar Health Care Center and Hospital,19.180878,72.944899,Heat,100.0,62.56,High,1,0.5448166926939998
HOS_959,Hospital,Vertex Hospital,19.1444557,72.9169635,Flood,100.0,63.92,High,0,0.508620046639378
HOS_959,Hospital,Vertex Hospital,19.1444557,72.9169635,Geomagnetic,100.0,59.72,High,0,0.513237110340282
HOS_959,Hospital,Vertex Hospital,19.1444557,72.9169635,Heat,100.0,62.56,High,0,0.508620046639378
HOS_960,Hospital,Aaditya Netralaya,19.1565109,72.9637728,Flood,100.0,67.29,High,1,0.5710130041623265
HOS_960,Hospital,Aaditya Netralaya,19.1565109,72.9637728,Geomagnetic,100.0,62.86,High,1,0.5730043935075202
HOS_960,Hospital,Aaditya Netralaya,19.1565109,72.9637728,Heat,100.0,65.85,High,1,0.5710130041623265
HOS_961,Hospital,Chandraganga Hospital - Mulund,19.1565109,72.9637728,Flood,100.0,67.29,High,1,0.5710130041623265
HOS_961,Hospital,Chandraganga Hospital - Mulund,19.1565109,72.9637728,Geomagnetic,100.0,62.86,High,1,0.5730043935075202
HOS_961,Hospital,Chandraganga Hospital - Mulund,19.1565109,72.9637728,Heat,100.0,65.85,High,1,0.5710130041623265
HOS_962,Hospital,Dr. Sabnis Maternity and Nursing Home,19.171775,72.9622211,Flood,100.0,63.92,High,1,0.5685600152517379
HOS_962,Hospital,Dr. Sabnis Maternity and Nursing Home,19.171775,72.9622211,Geomagnetic,100.0,59.72,High,1,0.5701479226082343
HOS_962,Hospital,Dr. Sabnis Maternity and Nursing Home,19.171775,72.9622211,Heat,100.0,62.56,High,1,0.5685600152517379
HOS_963,Hospital,Gomathi Eye Centre,19.1695051,72.9596346,Flood,100.0,63.92,High,1,0.5645028600381481
HOS_963,Hospital,Gomathi Eye Centre,19.1695051,72.9596346,Geomagnetic,100.0,59.72,High,1,0.5667257951062711
HOS_963,Hospital,Gomathi Eye Centre,19.1695051,72.9596346,Heat,100.0,62.56,High,1,0.5645028600381481
HOS_964,Hospital,International Institute Of Sleep Sciences,19.1735888,72.9566508,Flood,100.0,63.92,High,1,0.5591791801454336
HOS_964,Hospital,International Institute Of Sleep Sciences,19.1735888,72.9566508,Geomagnetic,100.0,59.72,High,1,0.5616791359992054
HOS_964,Hospital,International Institute Of Sleep Sciences,19.1735888,72.9566508,Heat,100.0,62.56,High,1,0.5591791801454336
HOS_965,Hospital,Mahatme  Eye Hospital,19.1695809,72.9579077,Flood,100.0,63.92,High,1,0.5636123816663381
HOS_965,Hospital,Mahatme  Eye Hospital,19.1695809,72.9579077,Geomagnetic,100.0,59.72,High,1,0.5660870904273771
HOS_965,Hospital,Mahatme  Eye Hospital,19.1695809,72.9579077,Heat,100.0,62.56,High,1,0.5636123816663381
HOS_966,Hospital,Maher Maternity and Nursing Home,19.1702704,72.958854,Flood,100.0,63.92,High,1,0.5641210543050592
HOS_966,Hospital,Maher Maternity and Nursing Home,19.1702704,72.958854,Geomagnetic,100.0,59.72,High,1,0.5665979965454834
HOS_966,Hospital,Maher Maternity and Nursing Home,19.1702704,72.958854,Heat,100.0,62.56,High,1,0.5641210543050592
HOS_967,Hospital,Maruti Nursing Home,19.1695809,72.9579077,Flood,100.0,63.92,High,1,0.5636123816663381
HOS_967,Hospital,Maruti Nursing Home,19.1695809,72.9579077,Geomagnetic,100.0,59.72,High,1,0.5660870904273771
HOS_967,Hospital,Maruti Nursing Home,19.1695809,72.9579077,Heat,100.0,62.56,High,1,0.5636123816663381
HOS_968,Hospital,Mulund Nursing Home,19.1565109,72.9637728,Flood,100.0,67.29,High,1,0.5710130041623265
HOS_968,Hospital,Mulund Nursing Home,19.1565109,72.9637728,Geomagnetic,100.0,62.86,High,1,0.5730043935075202
HOS_968,Hospital,Mulund Nursing Home,19.1565109,72.9637728,Heat,100.0,65.85,High,1,0.5710130041623265
HOS_969,Hospital,Omkar Surgical and Maternity Home,19.1565109,72.9637728,Flood,100.0,67.29,High,1,0.5710130041623265
HOS_969,Hospital,Omkar Surgical and Maternity Home,19.1565109,72.9637728,Geomagnetic,100.0,62.86,High,1,0.5730043935075202
HOS_969,Hospital,Omkar Surgical and Maternity Home,19.1565109,72.9637728,Heat,100.0,65.85,High,1,0.5710130041623265
HOS_97,Hospital,Nagori Clinic And Nursing Home,18.9688538,72.8283084,Flood,100.0,61.68,High,1,0.5516764938669865
HOS_97,Hospital,Nagori Clinic And Nursing Home,18.9688538,72.8283084,Geomagnetic,100.0,57.63,High,1,0.5516764938669865
HOS_97,Hospital,Nagori Clinic And Nursing Home,18.9688538,72.8283084,Heat,100.0,60.36,High,1,0.5516764938669865
HOS_970,Hospital,R. G. Stone Urological and Research Institute,,,Flood,100.0,61.68,High,0,0.5244058818855553
HOS_970,Hospital,R. G. Stone Urological and Research Institute,,,Geomagnetic,100.0,57.63,High,1,0.540477420964363
HOS_970,Hospital,R. G. Stone Urological and Research Institute,,,Heat,100.0,60.36,High,0,0.5244058818855553
HOS_971,Hospital,Saidhanhospital Iccu and Eye Care,19.1565109,72.9637728,Flood,100.0,67.29,High,1,0.5710130041623265
HOS_971,Hospital,Saidhanhospital Iccu and Eye Care,19.1565109,72.9637728,Geomagnetic,100.0,62.86,High,1,0.5730043935075202
HOS_971,Hospital,Saidhanhospital Iccu and Eye Care,19.1565109,72.9637728,Heat,100.0,65.85,High,1,0.5710130041623265
HOS_972,Hospital,Shushrusha Hospital and Icu,19.1714081,72.9578599,Flood,100.0,63.92,High,1,0.5632477434891355
HOS_972,Hospital,Shushrusha Hospital and Icu,19.1714081,72.9578599,Geomagnetic,100.0,59.72,High,1,0.565116041829691
HOS_972,Hospital,Shushrusha Hospital and Icu,19.1714081,72.9578599,Heat,100.0,62.56,High,1,0.5632477434891355
HOS_973,Hospital,Aastha Health Care - Mumbai,19.1747331,72.9419373,Flood,100.0,67.29,High,1,0.5371696881681037
HOS_973,Hospital,Aastha Health Care - Mumbai,19.1747331,72.9419373,Geomagnetic,100.0,62.86,High,1,0.5387379126714821
HOS_973,Hospital,Aastha Health Care - Mumbai,19.1747331,72.9419373,Heat,100.0,65.85,High,1,0.5371696881681037
HOS_974,Hospital,Ashirwad Maternity and Nursing Home,19.1711783,72.933681,Flood,100.0,67.29,High,1,0.5334854466518246
HOS_974,Hospital,Ashirwad Maternity and Nursing Home,19.1711783,72.933681,Geomagnetic,100.0,62.86,High,1,0.5345057730366062
HOS_974,Hospital,Ashirwad Maternity and Nursing Home,19.1711783,72.933681,Heat,100.0,65.85,High,1,0.5334854466518246
HOS_975,Hospital,Sai Siddhi Hospital,19.1725542,72.942537,Flood,100.0,67.29,High,1,0.5370200424294047
HOS_975,Hospital,Sai Siddhi Hospital,19.1725542,72.942537,Geomagnetic,100.0,62.86,High,1,0.5379307377191302
HOS_975,Hospital,Sai Siddhi Hospital,19.1725542,72.942537,Heat,100.0,65.85,High,1,0.5370200424294047
HOS_976,Hospital,Atul - Lok Hospital,19.1176258,72.9327686,Flood,100.0,63.92,High,0,0.5260294885595946
HOS_976,Hospital,Atul - Lok Hospital,19.1176258,72.9327686,Geomagnetic,100.0,59.72,High,0,0.5260294885595946
HOS_976,Hospital,Atul - Lok Hospital,19.1176258,72.9327686,Heat,100.0,62.56,High,0,0.5260294885595946
HOS_977,Hospital,Godrej Memorial Hospital,19.0966611,72.9239095,Flood,100.0,61.68,High,0,0.5096976228216871
HOS_977,Hospital,Godrej Memorial Hospital,19.0966611,72.9239095,Geomagnetic,100.0,57.63,High,0,0.5116046967680888
HOS_977,Hospital,Godrej Memorial Hospital,19.0966611,72.9239095,Heat,100.0,60.36,High,0,0.5096976228216871
HOS_978,Hospital,Jan-Seva Charitable Trust`S Sai-Krupa General Hospital,19.1167435,72.937045,Flood,100.0,63.92,High,0,0.528771290253244
HOS_978,Hospital,Jan-Seva Charitable Trust`S Sai-Krupa General Hospital,19.1167435,72.937045,Geomagnetic,100.0,59.72,High,0,0.528771290253244
HOS_978,Hospital,Jan-Seva Charitable Trust`S Sai-Krupa General Hospital,19.1167435,72.937045,Heat,100.0,62.56,High,0,0.528771290253244
HOS_979,Hospital,Laxmi Health Care Center and Iccu,19.091182,72.9208636,Flood,100.0,61.68,High,0,0.502537281803512
HOS_979,Hospital,Laxmi Health Care Center and Iccu,19.091182,72.9208636,Geomagnetic,100.0,57.63,High,0,0.5061680457046523
HOS_979,Hospital,Laxmi Health Care Center and Iccu,19.091182,72.9208636,Heat,100.0,60.36,High,0,0.502537281803512
HOS_98,Hospital,Prathmesh General Hospital and Iccu,,,Flood,100.0,61.68,High,0,0.5244058818855553
HOS_98,Hospital,Prathmesh General Hospital and Iccu,,,Geomagnetic,100.0,57.63,High,1,0.540477420964363
HOS_98,Hospital,Prathmesh General Hospital and Iccu,,,Heat,100.0,60.36,High,0,0.5244058818855553
HOS_980,Hospital,Modi General Hospital And Iccu,19.0759837,72.8776559,Flood,100.0,61.68,High,0,0.4615533918676057
HOS_980,Hospital,Modi General Hospital And Iccu,19.0759837,72.8776559,Geomagnetic,100.0,57.63,High,0,0.4678510503457073
HOS_980,Hospital,Modi General Hospital And Iccu,19.0759837,72.8776559,Heat,100.0,60.36,High,0,0.4615533918676057
HOS_981,Hospital,Ruby Medical Centre,19.091182,72.9208636,Flood,100.0,61.68,High,0,0.502537281803512
HOS_981,Hospital,Ruby Medical Centre,19.091182,72.9208636,Geomagnetic,100.0,57.63,High,0,0.5061680457046523
HOS_981,Hospital,Ruby Medical Centre,19.091182,72.9208636,Heat,100.0,60.36,High,0,0.502537281803512
HOS_982,Hospital,Shakuntala Nursing Home,19.091182,72.9208636,Flood,100.0,61.68,High,0,0.502537281803512
HOS_982,Hospital,Shakuntala Nursing Home,19.091182,72.9208636,Geomagnetic,100.0,57.63,High,0,0.5061680457046523
HOS_982,Hospital,Shakuntala Nursing Home,19.091182,72.9208636,Heat,100.0,60.36,High,0,0.502537281803512
HOS_983,Hospital,Shrinathji Hospital,19.1132913,72.9306159,Flood,100.0,66.72,High,0,0.5204493432990247
HOS_983,Hospital,Shrinathji Hospital,19.1132913,72.9306159,Geomagnetic,100.0,62.34,High,0,0.5204493432990247
HOS_983,Hospital,Shrinathji Hospital,19.1132913,72.9306159,Heat,100.0,65.3,High,0,0.5204493432990247
HOS_984,Hospital,Yashwant Hospital,19.091182,72.9208636,Flood,100.0,61.68,High,0,0.502537281803512
HOS_984,Hospital,Yashwant Hospital,19.091182,72.9208636,Geomagnetic,100.0,57.63,High,0,0.5061680457046523
HOS_984,Hospital,Yashwant Hospital,19.091182,72.9208636,Heat,100.0,60.36,High,0,0.502537281803512
HOS_985,Hospital,Abhishek Nursing Home,19.07907,72.907976,Flood,100.0,61.68,High,0,0.4888318031180925
HOS_985,Hospital,Abhishek Nursing Home,19.07907,72.907976,Geomagnetic,100.0,57.63,High,0,0.4917886586693027
HOS_985,Hospital,Abhishek Nursing Home,19.07907,72.907976,Heat,100.0,60.36,High,0,0.4888318031180925
HOS_986,Hospital,Sagar Nursing Home and Icu,19.0908063,72.9076669,Flood,100.0,61.68,High,0,0.4853929732523691
HOS_986,Hospital,Sagar Nursing Home and Icu,19.0908063,72.9076669,Geomagnetic,100.0,57.63,High,0,0.4885123930199479
HOS_986,Hospital,Sagar Nursing Home and Icu,19.0908063,72.9076669,Heat,100.0,60.36,High,0,0.4853929732523691
HOS_987,Hospital,Vivek Maternity And Nursing Home,19.0908063,72.9076669,Flood,100.0,61.68,High,0,0.4853929732523691
HOS_987,Hospital,Vivek Maternity And Nursing Home,19.0908063,72.9076669,Geomagnetic,100.0,57.63,High,0,0.4885123930199479
HOS_987,Hospital,Vivek Maternity And Nursing Home,19.0908063,72.9076669,Heat,100.0,60.36,High,0,0.4853929732523691
HOS_988,Hospital,Adarsh General and Maternity Nursing Home- Ghatkopar,19.0908063,72.9076669,Flood,100.0,61.68,High,0,0.4853929732523691
HOS_988,Hospital,Adarsh General and Maternity Nursing Home- Ghatkopar,19.0908063,72.9076669,Geomagnetic,100.0,57.63,High,0,0.4885123930199479
HOS_988,Hospital,Adarsh General and Maternity Nursing Home- Ghatkopar,19.0908063,72.9076669,Heat,100.0,60.36,High,0,0.4853929732523691
HOS_989,Hospital,Advanced Ent Center,19.0908063,72.9076669,Flood,100.0,61.68,High,0,0.4853929732523691
HOS_989,Hospital,Advanced Ent Center,19.0908063,72.9076669,Geomagnetic,100.0,57.63,High,0,0.4885123930199479
HOS_989,Hospital,Advanced Ent Center,19.0908063,72.9076669,Heat,100.0,60.36,High,0,0.4853929732523691
HOS_99,Hospital,Sadhu-Kamal Eye Hospital,18.965987,72.818904,Flood,100.0,61.68,High,1,0.5623679838673166
HOS_99,Hospital,Sadhu-Kamal Eye Hospital,18.965987,72.818904,Geomagnetic,100.0,57.63,High,1,0.5623679838673166
HOS_99,Hospital,Sadhu-Kamal Eye Hospital,18.965987,72.818904,Heat,100.0,60.36,High,1,0.5623679838673166
HOS_990,Hospital,Amar Jyot Eye Care Centre,19.0908063,72.9076669,Flood,100.0,61.68,High,0,0.4853929732523691
HOS_990,Hospital,Amar Jyot Eye Care Centre,19.0908063,72.9076669,Geomagnetic,100.0,57.63,High,0,0.4885123930199479
HOS_990,Hospital,Amar Jyot Eye Care Centre,19.0908063,72.9076669,Heat,100.0,60.36,High,0,0.4853929732523691
HOS_991,Hospital,Dalal Hospital,19.0898792,72.908696,Flood,100.0,61.68,High,0,0.485701184286173
HOS_991,Hospital,Dalal Hospital,19.0898792,72.908696,Geomagnetic,100.0,57.63,High,0,0.4887123536720064
HOS_991,Hospital,Dalal Hospital,19.0898792,72.908696,Heat,100.0,60.36,High,0,0.485701184286173
HOS_992,Hospital,Divya Rekha Eye Hospital,19.0908063,72.9076669,Flood,100.0,61.68,High,0,0.4853929732523691
HOS_992,Hospital,Divya Rekha Eye Hospital,19.0908063,72.9076669,Geomagnetic,100.0,57.63,High,0,0.4885123930199479
HOS_992,Hospital,Divya Rekha Eye Hospital,19.0908063,72.9076669,Heat,100.0,60.36,High,0,0.4853929732523691
HOS_993,Hospital,Dr Sonagra Medical And Surgical Centre,19.0908063,72.9076669,Flood,100.0,61.68,High,0,0.4853929732523691
HOS_993,Hospital,Dr Sonagra Medical And Surgical Centre,19.0908063,72.9076669,Geomagnetic,100.0,57.63,High,0,0.4885123930199479
HOS_993,Hospital,Dr Sonagra Medical And Surgical Centre,19.0908063,72.9076669,Heat,100.0,60.36,High,0,0.4853929732523691
HOS_994,Hospital,Dr Sules Vaibhav Polyclinic and Siddharth Nursing Home,19.0908063,72.9076669,Flood,100.0,61.68,High,0,0.4853929732523691
HOS_994,Hospital,Dr Sules Vaibhav Polyclinic and Siddharth Nursing Home,19.0908063,72.9076669,Geomagnetic,100.0,57.63,High,0,0.4885123930199479
HOS_994,Hospital,Dr Sules Vaibhav Polyclinic and Siddharth Nursing Home,19.0908063,72.9076669,Heat,100.0,60.36,High,0,0.4853929732523691
HOS_995,Hospital,Dr. Bhanushalis Nursingh Home,19.0898504,72.9013911,Flood,100.0,61.68,High,0,0.4808511047852189
HOS_995,Hospital,Dr. Bhanushalis Nursingh Home,19.0898504,72.9013911,Geomagnetic,100.0,57.63,High,0,0.4855243946115939
HOS_995,Hospital,Dr. Bhanushalis Nursingh Home,19.0898504,72.9013911,Heat,100.0,60.36,High,0,0.4808511047852189
HOS_996,Hospital,Dr. Savlas Polyclinic And Nursing Home - Mumbai,19.0908063,72.9076669,Flood,100.0,61.68,High,0,0.4853929732523691
HOS_996,Hospital,Dr. Savlas Polyclinic And Nursing Home - Mumbai,19.0908063,72.9076669,Geomagnetic,100.0,57.63,High,0,0.4885123930199479
HOS_996,Hospital,Dr. Savlas Polyclinic And Nursing Home - Mumbai,19.0908063,72.9076669,Heat,100.0,60.36,High,0,0.4853929732523691
HOS_997,Hospital,Dr. Vinod B Joshi Maternity Nursing Home,19.0908063,72.9076669,Flood,100.0,61.68,High,0,0.4853929732523691
HOS_997,Hospital,Dr. Vinod B Joshi Maternity Nursing Home,19.0908063,72.9076669,Geomagnetic,100.0,57.63,High,0,0.4885123930199479
HOS_997,Hospital,Dr. Vinod B Joshi Maternity Nursing Home,19.0908063,72.9076669,Heat,100.0,60.36,High,0,0.4853929732523691
HOS_998,Hospital,Fracture Care Hospital and Dignostic Center,19.0908063,72.9076669,Flood,100.0,61.68,High,0,0.4853929732523691
HOS_998,Hospital,Fracture Care Hospital and Dignostic Center,19.0908063,72.9076669,Geomagnetic,100.0,57.63,High,0,0.4885123930199479
HOS_998,Hospital,Fracture Care Hospital and Dignostic Center,19.0908063,72.9076669,Heat,100.0,60.36,High,0,0.4853929732523691
HOS_999,Hospital,Furia's Eye Clinic,19.0890786,72.9075341,Flood,100.0,61.68,High,0,0.4845790154624824
HOS_999,Hospital,Furia's Eye Clinic,19.0890786,72.9075341,Geomagnetic,100.0,57.63,High,0,0.4883888201897282
HOS_999,Hospital,Furia's Eye Clinic,19.0890786,72.9075341,Heat,100.0,60.36,High,0,0.4845790154624824
PWR_NPCIL_TARAPUR_U1,Power Station,TARAPUR,,,Flood,100.0,76.1,Critical,1,0.7141159281651724
PWR_NPCIL_TARAPUR_U1,Power Station,TARAPUR,,,Geomagnetic,100.0,90.06,Critical,1,0.7233534646220469
PWR_NPCIL_TARAPUR_U1,Power Station,TARAPUR,,,Heat,100.0,83.78,Critical,1,0.7141159281651724
PWR_NPCIL_TARAPUR_U2,Power Station,TARAPUR,,,Flood,100.0,76.1,Critical,1,0.7141159281651724
PWR_NPCIL_TARAPUR_U2,Power Station,TARAPUR,,,Geomagnetic,100.0,90.06,Critical,1,0.7233534646220469
PWR_NPCIL_TARAPUR_U2,Power Station,TARAPUR,,,Heat,100.0,83.78,Critical,1,0.7141159281651724
PWR_NPCIL_TARAPUR_U3,Power Station,TARAPUR,,,Flood,100.0,83.81,Critical,1,0.7570900608302664
PWR_NPCIL_TARAPUR_U3,Power Station,TARAPUR,,,Geomagnetic,100.0,99.18,Critical,1,0.7681723681723975
PWR_NPCIL_TARAPUR_U3,Power Station,TARAPUR,,,Heat,100.0,92.27,Critical,1,0.759112496510827
PWR_NPCIL_TARAPUR_U4,Power Station,TARAPUR,,,Flood,100.0,83.81,Critical,1,0.7570900608302664
PWR_NPCIL_TARAPUR_U4,Power Station,TARAPUR,,,Geomagnetic,100.0,99.18,Critical,1,0.7681723681723975
PWR_NPCIL_TARAPUR_U4,Power Station,TARAPUR,,,Heat,100.0,92.27,Critical,1,0.759112496510827
PWR_TATA PCL_TROMBAY CCPP_U1,Power Station,TROMBAY CCPP,,,Flood,100.0,73.21,High,1,0.7064141839961382
PWR_TATA PCL_TROMBAY CCPP_U1,Power Station,TROMBAY CCPP,,,Geomagnetic,100.0,86.64,Critical,1,0.7156121661902581
PWR_TATA PCL_TROMBAY CCPP_U1,Power Station,TROMBAY CCPP,,,Heat,100.0,80.6,Critical,1,0.7064141839961382
PWR_TATA PCL_TROMBAY CCPP_U2,Power Station,TROMBAY CCPP,,,Flood,100.0,71.28,High,1,0.6835704427529711
PWR_TATA PCL_TROMBAY CCPP_U2,Power Station,TROMBAY CCPP,,,Geomagnetic,100.0,84.36,Critical,1,0.6948407958010452
PWR_TATA PCL_TROMBAY CCPP_U2,Power Station,TROMBAY CCPP,,,Heat,100.0,78.48,Critical,1,0.6835704427529711
PWR_TATA PCL_TROMBAY TPS_U5,Power Station,TROMBAY TPS,,,Flood,100.0,80.92,Critical,1,0.7557753288203852
PWR_TATA PCL_TROMBAY TPS_U5,Power Station,TROMBAY TPS,,,Geomagnetic,100.0,95.76,Critical,1,0.7668383910753598
PWR_TATA PCL_TROMBAY TPS_U5,Power Station,TROMBAY TPS,,,Heat,100.0,89.09,Critical,1,0.7577441176459415
PWR_TATA PCL_TROMBAY TPS_U8,Power Station,TROMBAY TPS,,,Flood,100.0,78.99,Critical,1,0.7338897454601532
PWR_TATA PCL_TROMBAY TPS_U8,Power Station,TROMBAY TPS,,,Geomagnetic,100.0,93.48,Critical,1,0.744000689464052
PWR_TATA PCL_TROMBAY TPS_U8,Power Station,TROMBAY TPS,,,Heat,100.0,86.97,Critical,1,0.7338897454601532
SUB_1,Substation,220kV BORIVALI,19.2145,72.8806,Flood,100.0,100.0,Critical,1,0.7794595463684112
SUB_1,Substation,220kV BORIVALI,19.2145,72.8806,Geomagnetic,100.0,100.0,Critical,1,0.7834912285316122
SUB_1,Substation,220kV BORIVALI,19.2145,72.8806,Heat,100.0,100.0,Critical,1,0.7794595463684112
SUB_2,Substation,220kV TROMBAY,19.0008,72.9043,Flood,100.0,82.72,Critical,1,0.7681135549443174
SUB_2,Substation,220kV TROMBAY,19.0008,72.9043,Geomagnetic,100.0,97.89,Critical,1,0.769221041634759
SUB_2,Substation,220kV TROMBAY,19.0008,72.9043,Heat,100.0,86.01,Critical,1,0.7681135549443174
SUB_3,Substation,220kV MULUND,19.1457,72.9635,Flood,100.0,100.0,Critical,1,0.7935482278248622
SUB_3,Substation,220kV MULUND,19.1457,72.9635,Geomagnetic,100.0,100.0,Critical,1,0.7968589593318781
SUB_3,Substation,220kV MULUND,19.1457,72.9635,Heat,100.0,100.0,Critical,1,0.7935482278248622
SUB_4,Substation,220kV GIS BHANDUP,19.1587,72.9391,Flood,100.0,100.0,Critical,1,0.7828783461062332
SUB_4,Substation,220kV GIS BHANDUP,19.1587,72.9391,Geomagnetic,100.0,100.0,Critical,1,0.7828783461062332
SUB_4,Substation,220kV GIS BHANDUP,19.1587,72.9391,Heat,100.0,100.0,Critical,1,0.7828783461062332
