Date,KP_MEAN,KP_MAX,AP,SN,F107,F107_ADJUSTED
2015-01-01,1.499875,2.333,6,104,137.5,132.9
2015-01-02,2.33325,4.0,11,122,145.8,141.0
2015-01-03,2.25,4.667,12,102,148.7,143.8
2015-01-04,2.875,5.0,18,105,149.7,144.8
2015-01-05,2.666625,5.333,15,88,141.9,137.2
2015-01-06,2.583375,3.667,12,89,141.9,137.2
2015-01-07,3.4998749999999994,6.333,31,103,147.2,142.4
2015-01-08,2.5835,4.0,13,99,157.2,152.0
2015-01-09,1.75,2.333,6,111,151.2,146.2
2015-01-10,2.0415,3.333,9,106,151.9,146.9
2015-01-11,2.291625,3.0,10,122,153.7,148.6
2015-01-12,1.749875,2.667,7,124,158.6,153.4
2015-01-13,1.875125,2.667,7,101,-1.0,-1.0
2015-01-14,1.500125,2.667,6,80,141.8,137.2
2015-01-15,1.124875,3.0,5,59,131.4,127.1
2015-01-16,1.666625,3.0,7,52,124.7,120.7
2015-01-17,1.41675,3.0,6,40,121.9,118.0
2015-01-18,0.8748750000000001,2.333,4,68,125.8,121.7
2015-01-19,0.958375,2.333,4,66,130.0,125.9
2015-01-20,0.49987500000000007,1.333,2,56,125.6,121.6
2015-01-21,2.291625,3.667,11,43,123.9,120.0
2015-01-22,2.5,3.667,12,50,120.3,116.6
2015-01-23,2.000125,3.0,8,60,121.1,117.3
2015-01-24,1.416625,2.333,6,59,125.3,121.4
2015-01-25,1.250125,2.667,5,62,126.6,122.7
2015-01-26,2.9582499999999996,4.0,15,109,147.0,142.5
2015-01-27,2.541625,3.333,11,126,158.1,153.3
2015-01-28,1.666625,3.0,7,141,159.3,154.5
2015-01-29,1.8752499999999999,3.667,8,146,171.8,166.7
2015-01-30,2.125,3.333,9,153,159.4,154.6
2015-01-31,2.0415,3.667,9,138,153.5,149.0
2015-02-01,3.25,5.0,20,113,141.7,137.6
2015-02-02,3.8751249999999997,5.0,27,93,144.0,139.8
2015-02-03,3.0,4.0,16,89,149.3,145.1
2015-02-04,1.875,3.0,8,96,154.4,150.1
2015-02-05,2.4998750000000003,3.333,12,93,141.9,138.0
2015-02-06,1.291625,2.667,5,89,143.3,139.3
2015-02-07,2.041625,3.333,9,76,153.0,148.9
2015-02-08,2.333375,3.0,10,84,152.8,148.7
2015-02-09,1.70825,3.0,7,88,145.8,141.9
2015-02-10,1.458375,3.0,6,84,141.0,137.3
2015-02-11,1.25,3.0,5,60,131.1,127.7
2015-02-12,1.041625,2.0,4,51,127.6,124.4
2015-02-13,0.416625,1.0,2,62,124.9,121.8
2015-02-14,0.49987500000000007,1.667,2,53,120.4,117.4
2015-02-15,1.500125,3.0,6,65,119.6,116.7
2015-02-16,1.25,2.667,5,41,118.1,115.3
2015-02-17,3.5417500000000004,5.0,22,39,118.5,115.7
2015-02-18,3.083375,5.0,18,87,121.0,118.2
2015-02-19,2.041875,3.0,8,89,118.7,116.0
2015-02-20,1.333625,2.0,5,64,119.7,117.0
2015-02-21,1.708375,2.667,7,58,116.1,113.6
2015-02-22,1.624875,2.333,6,43,117.5,115.0
2015-02-23,3.125,3.667,16,46,116.8,114.3
2015-02-24,3.416625,5.333,25,44,114.4,112.1
2015-02-25,1.875,3.0,8,21,111.0,108.8
2015-02-26,0.8748750000000001,1.667,4,22,111.3,109.1
2015-02-27,0.49987500000000007,1.333,2,58,118.0,115.7
2015-02-28,2.41675,3.667,11,60,123.4,121.1
2015-03-01,3.416625,5.333,26,65,127.6,125.3
2015-03-02,3.833375,5.333,28,52,130.4,128.1
2015-03-03,2.33325,3.333,10,42,125.1,122.9
2015-03-04,2.0,3.333,9,37,124.2,122.1
2015-03-05,1.3331250000000001,2.333,5,26,140.2,137.9
2015-03-06,2.2501249999999997,3.667,10,35,127.4,125.4
2015-03-07,3.541625,4.333,21,17,137.8,135.7
2015-03-08,2.29175,3.667,11,28,124.2,122.3
2015-03-09,1.124875,3.333,5,23,122.9,121.2
2015-03-10,0.9998750000000001,1.667,4,27,120.9,119.2
2015-03-11,2.0,3.0,9,44,131.7,129.9
2015-03-12,1.83325,3.333,8,56,126.7,125.1
2015-03-13,1.33325,3.333,6,76,119.4,117.9
2015-03-14,1.33325,2.333,5,55,115.6,114.3
2015-03-15,1.70825,2.667,6,53,114.4,113.1
2015-03-16,2.3333749999999993,3.667,12,46,117.2,116.0
2015-03-17,6.000125000000001,7.667,108,38,114.3,113.2
2015-03-18,4.916625,6.0,47,41,114.8,113.7
2015-03-19,3.791625,5.0,26,49,109.3,108.3
2015-03-20,3.499999999999999,4.667,22,20,112.7,111.8
2015-03-21,2.458375,4.0,12,26,113.6,112.7
2015-03-22,2.8748750000000003,6.333,24,81,122.4,121.5
2015-03-23,3.2917500000000004,4.333,19,99,128.1,127.2
2015-03-24,2.166625,3.667,10,108,133.0,132.2
2015-03-25,2.75,3.667,13,99,137.8,137.0
2015-03-26,1.916625,3.0,8,105,136.1,135.5
2015-03-27,1.8747500000000001,3.0,8,101,137.8,137.2
2015-03-28,1.91675,3.333,8,81,145.6,145.1
2015-03-29,2.375,4.0,11,72,144.5,144.0
2015-03-30,1.000125,2.0,4,51,133.6,133.3
2015-03-31,2.041625,3.0,9,38,128.1,127.8
2015-04-01,1.70825,3.0,7,43,124.1,123.9
2015-04-02,2.416625,4.667,12,35,121.3,121.2
2015-04-03,2.666625,3.333,12,35,119.9,119.8
2015-04-04,2.458375,3.333,11,54,122.4,122.4
2015-04-05,1.54175,3.0,6,55,122.2,122.3
2015-04-06,1.375125,2.333,5,53,125.6,125.8
2015-04-07,0.95825,2.333,4,51,111.2,111.4
2015-04-08,0.708375,1.667,3,43,106.0,106.3
2015-04-09,2.5417500000000004,3.0,11,47,111.3,111.6
2015-04-10,4.083125,5.333,33,41,115.1,115.5
2015-04-11,3.0,4.0,16,59,122.9,123.5
2015-04-12,0.791625,1.333,3,86,133.9,134.6
2015-04-13,1.499875,2.333,6,103,141.3,142.1
2015-04-14,2.25,4.333,13,105,146.8,147.7
2015-04-15,3.7501250000000006,5.333,28,96,154.7,155.7
2015-04-16,4.6667499999999995,6.0,42,100,150.2,151.3
2015-04-17,3.4167500000000004,5.0,22,117,149.6,150.8
2015-04-18,2.375,3.333,10,140,147.6,148.9
2015-04-19,2.041625,3.0,8,137,151.7,153.0
2015-04-20,2.166625,3.0,10,128,149.6,151.0
2015-04-21,3.5832499999999996,4.333,22,127,153.8,155.3
2015-04-22,2.291625,3.333,10,138,150.3,151.8
2015-04-23,1.25,3.333,6,117,140.5,142.0
2015-04-24,0.7915000000000001,2.333,3,83,134.5,136.0
2015-04-25,0.08325,0.333,0,69,125.9,127.4
2015-04-26,0.33325000000000005,1.0,2,65,118.5,120.0
2015-04-27,1.083375,1.667,4,47,107.5,108.9
2015-04-28,1.33325,2.333,5,41,107.7,109.2
2015-04-29,0.875,1.667,4,30,104.0,105.5
2015-04-30,1.0,2.333,4,15,101.8,103.3
2015-05-01,1.25,2.0,5,19,99.9,101.4
2015-05-02,1.79175,3.0,7,34,105.7,107.3
2015-05-03,1.749875,3.0,8,44,111.1,112.9
2015-05-04,1.75,2.667,7,103,123.4,125.4
2015-05-05,1.333375,2.333,5,104,127.8,130.0
2015-05-06,3.4582500000000005,5.333,22,124,136.2,138.6
2015-05-07,1.5418749999999999,2.333,6,145,146.6,149.2
2015-05-08,1.3336249999999998,2.667,5,150,149.8,152.6
2015-05-09,1.5832499999999998,2.667,7,139,154.5,157.5
2015-05-10,2.04175,3.667,9,163,159.9,163.1
2015-05-11,2.7917500000000004,3.667,14,163,163.0,166.2
2015-05-12,2.958375,3.333,15,165,163.2,166.5
2015-05-13,4.874999999999999,5.667,46,172,157.0,160.3
2015-05-14,2.041625,3.0,8,164,145.1,148.2
2015-05-15,1.75,2.333,6,124,136.5,139.5
2015-05-16,1.20825,1.667,5,103,131.0,134.0
2015-05-17,1.166625,2.0,4,89,119.6,122.3
2015-05-18,2.4998750000000003,5.333,15,101,115.0,117.6
2015-05-19,2.375,5.0,13,77,110.3,112.9
2015-05-20,1.500125,2.667,6,59,105.6,108.2
2015-05-21,0.45825,1.0,2,50,101.8,104.3
2015-05-22,0.49987500000000007,1.333,2,73,99.1,101.6
2015-05-23,0.6251249999999999,1.333,3,72,97.7,100.2
2015-05-24,0.9165000000000001,1.667,4,78,98.7,101.2
2015-05-25,0.416625,0.667,2,67,96.5,99.0
2015-05-26,1.416625,2.333,5,53,94.5,97.0
2015-05-27,1.08325,2.333,4,14,95.2,97.8
2015-05-28,1.58325,2.333,6,12,93.0,95.5
2015-05-29,1.75,2.0,6,33,92.3,94.8
2015-05-30,1.083375,2.0,4,31,95.0,97.7
2015-05-31,1.125,1.667,4,29,94.3,97.0
2015-06-01,1.541625,3.0,6,27,100.4,103.2
2015-06-02,0.291375,0.333,2,44,101.0,103.9
2015-06-03,0.75,1.333,3,49,108.5,111.6
2015-06-04,0.333125,1.0,2,80,118.0,121.4
2015-06-05,0.24975,0.333,2,90,126.0,129.7
2015-06-06,1.000125,2.0,4,109,132.7,136.6
2015-06-07,1.54175,3.0,7,124,137.3,141.4
2015-06-08,4.29175,6.0,36,112,134.2,138.2
2015-06-09,2.75,3.667,14,92,136.5,140.6
2015-06-10,2.583375,3.0,11,93,135.4,139.5
2015-06-11,2.124875,3.0,9,95,139.9,144.2
2015-06-12,1.541625,2.333,6,98,136.7,141.0
2015-06-13,2.166625,2.667,8,97,136.1,140.3
2015-06-14,3.083500000000001,4.333,17,90,131.7,135.8
2015-06-15,2.625,3.667,12,54,134.8,139.1
2015-06-16,2.3335,3.0,10,70,136.1,140.5
2015-06-17,2.583375,4.0,14,80,135.8,140.2
2015-06-18,1.5,2.667,6,77,150.8,155.7
2015-06-19,0.70825,2.333,3,68,137.3,141.8
2015-06-20,0.1665,0.333,1,64,135.4,139.8
2015-06-21,1.458375,3.667,7,61,131.7,136.0
2015-06-22,4.416499999999999,8.333,57,56,246.9,255.0
2015-06-23,5.208375,7.667,72,45,116.1,119.9
2015-06-24,2.9167500000000004,4.0,16,36,109.5,113.1
2015-06-25,3.875,5.667,32,27,101.8,105.2
2015-06-26,1.750125,2.667,8,23,101.2,104.6
2015-06-27,1.916625,2.667,8,21,97.3,100.5
2015-06-28,2.666625,3.667,13,32,97.3,100.5
2015-06-29,1.166625,2.0,4,39,97.1,100.4
2015-06-30,1.291625,2.333,5,41,100.8,104.2
2015-07-01,1.083375,2.0,4,54,109.6,113.3
2015-07-02,0.3747500000000001,0.667,2,75,113.8,117.6
2015-07-03,0.416625,0.667,2,88,112.3,116.1
2015-07-04,2.458125,5.333,19,99,116.8,120.7
2015-07-05,3.2916250000000007,5.333,22,109,124.8,129.0
2015-07-06,2.08325,3.667,10,97,133.4,137.9
2015-07-07,1.125125,2.0,4,112,132.6,137.1
2015-07-08,0.958375,1.333,4,123,128.9,133.2
2015-07-09,0.9585,1.667,4,110,121.9,126.0
2015-07-10,1.291625,4.667,8,103,129.0,133.3
2015-07-11,3.6251250000000006,4.667,23,92,120.2,124.3
2015-07-12,2.70825,3.0,12,71,116.0,119.9
2015-07-13,4.125,5.667,33,53,110.1,113.8
2015-07-14,1.375,3.0,6,43,105.2,108.7
2015-07-15,1.541625,2.333,6,43,101.0,104.4
2015-07-16,1.7085,3.0,7,50,99.6,102.9
2015-07-17,0.9581250000000001,1.333,4,50,97.4,100.6
2015-07-18,0.5000000000000001,1.333,2,58,96.0,99.1
2015-07-19,0.29150000000000004,0.667,2,44,99.4,102.6
2015-07-20,0.625,1.333,3,36,93.2,96.3
2015-07-21,1.999875,2.333,7,36,91.0,94.0
2015-07-22,1.5,3.0,6,36,89.0,91.9
2015-07-23,3.291875,5.333,21,29,89.4,92.2
2015-07-24,1.333375,2.0,5,31,92.2,95.2
2015-07-25,1.83325,2.667,7,34,94.0,96.9
2015-07-26,1.583375,2.667,6,40,97.0,100.1
2015-07-27,2.0835,3.0,9,51,100.1,103.2
2015-07-28,1.83325,3.0,7,62,101.1,104.2
2015-07-29,1.166625,1.667,4,67,100.7,103.8
2015-07-30,2.25,4.333,12,76,102.0,105.1
2015-07-31,2.70825,3.667,13,69,100.7,103.8
2015-08-01,2.125,3.0,9,64,102.9,106.0
2015-08-02,2.2915,3.333,10,53,101.5,104.5
2015-08-03,1.583375,2.667,6,61,105.6,108.7
2015-08-04,1.541625,2.667,6,90,106.8,109.9
2015-08-05,1.1665,2.333,5,94,112.2,115.5
2015-08-06,2.3748750000000003,3.333,10,108,121.6,125.1
2015-08-07,2.916625,5.0,18,112,122.1,125.5
2015-08-08,2.416875,3.0,10,93,121.0,124.4
2015-08-09,2.333125,3.333,10,76,114.5,117.6
2015-08-10,2.0833749999999998,2.667,8,69,106.2,109.1
2015-08-11,1.75,2.667,7,78,102.8,105.6
2015-08-12,2.375,3.333,10,66,99.2,101.9
2015-08-13,2.08325,4.333,10,55,94.8,97.3
2015-08-14,0.500125,1.0,2,46,93.2,95.7
2015-08-15,3.9582499999999996,6.0,35,39,89.4,91.7
2015-08-16,4.083500000000001,5.667,32,38,85.6,87.8
2015-08-17,3.625,4.333,22,33,87.0,89.2
2015-08-18,1.875,3.0,8,39,88.7,90.9
2015-08-19,3.208375,4.0,18,50,98.2,100.6
2015-08-20,2.583375,3.333,11,65,102.8,105.3
2015-08-21,1.33325,2.333,5,73,118.6,121.4
2015-08-22,1.95825,3.333,8,71,116.9,119.6
2015-08-23,3.6251249999999997,5.333,26,81,133.1,136.1
2015-08-24,1.6252499999999999,3.0,6,81,127.7,130.6
2015-08-25,1.958375,2.667,8,69,121.2,123.9
2015-08-26,3.9167500000000004,4.667,27,47,126.2,128.9
2015-08-27,4.958375,6.333,52,55,110.2,112.5
2015-08-28,4.5,5.667,40,44,109.1,111.3
2015-08-29,2.6667500000000004,4.333,13,56,100.1,102.1
2015-08-30,0.9167500000000001,1.667,4,56,91.6,93.4
2015-08-31,1.04175,1.667,4,35,91.0,92.7
2015-09-01,1.125125,1.667,4,43,89.0,90.7
2015-09-02,1.70825,3.0,7,36,88.2,89.8
2015-09-03,1.833375,3.333,8,29,86.5,88.0
2015-09-04,3.333125,4.333,20,37,89.9,91.5
2015-09-05,2.54175,3.667,12,27,85.4,86.8
2015-09-06,2.708375,4.0,13,43,85.6,86.9
2015-09-07,4.333375,6.333,44,44,83.7,85.0
2015-09-08,3.083375,6.0,24,42,83.5,84.7
2015-09-09,5.333375,6.0,59,57,82.3,83.5
2015-09-10,2.375,4.333,12,46,83.5,84.6
2015-09-11,4.91675,7.0,60,81,92.8,94.1
2015-09-12,2.875,4.333,16,89,99.1,100.4
2015-09-13,2.29175,3.667,11,83,98.8,100.0
2015-09-14,2.6667500000000004,4.667,14,56,96.5,97.7
2015-09-15,3.1248750000000003,4.0,17,68,101.1,102.2
2015-09-16,2.4998750000000003,3.333,11,86,109.4,110.6
2015-09-17,2.0415,4.333,10,75,106.8,107.9
2015-09-18,2.541625,3.333,11,71,102.8,103.8
2015-09-19,2.6251249999999997,4.667,16,64,105.7,106.7
2015-09-20,4.375,7.0,44,65,110.4,111.3
2015-09-21,1.91675,3.333,8,78,103.4,104.2
2015-09-22,2.2083749999999998,3.667,10,86,107.0,107.8
2015-09-23,2.499875,3.667,12,96,110.7,111.4
2015-09-24,1.708375,2.667,7,101,106.8,107.4
2015-09-25,1.58325,3.0,6,152,119.8,120.5
2015-09-26,0.9998750000000001,2.0,4,162,120.2,120.8
2015-09-27,0.7498750000000001,1.333,3,169,127.5,128.1
2015-09-28,0.833375,1.667,3,156,124.0,124.5
2015-09-29,1.124875,2.667,5,120,129.2,129.6
2015-09-30,0.333375,0.667,2,95,131.1,131.5
2015-10-01,2.125,3.667,10,93,119.7,120.0
2015-10-02,2.625125,3.667,12,62,107.4,107.6
2015-10-03,2.25,3.333,10,51,96.9,97.0
2015-10-04,3.0417500000000004,4.333,17,22,88.3,88.3
2015-10-05,3.0001249999999997,5.0,18,20,82.6,82.6
2015-10-06,3.166625,4.333,18,26,81.4,81.3
2015-10-07,5.625,7.333,74,33,80.5,80.4
2015-10-08,4.875125,5.667,45,37,79.7,79.5
2015-10-09,3.9167499999999995,4.667,27,26,81.2,81.0
2015-10-10,2.375,3.333,11,13,81.4,81.2
2015-10-11,2.5,3.667,12,30,84.6,84.3
2015-10-12,3.2917500000000004,5.0,21,53,89.1,88.7
2015-10-13,3.6665,4.333,24,65,95.6,95.2
2015-10-14,3.5,4.333,21,57,100.7,100.2
2015-10-15,2.0,2.667,8,55,106.8,106.1
2015-10-16,1.583375,2.667,6,59,109.1,108.4
2015-10-17,2.2917500000000004,3.667,10,79,116.6,115.8
2015-10-18,3.25,4.667,19,75,119.5,118.6
2015-10-19,0.91675,1.667,4,94,123.7,122.7
2015-10-20,2.125,2.667,8,95,122.8,121.7
2015-10-21,2.166625,3.667,10,89,129.0,127.8
2015-10-22,1.1667500000000002,2.0,4,107,120.5,119.3
2015-10-23,1.458375,2.333,6,94,114.9,113.7
2015-10-24,1.9585,3.667,9,78,106.3,105.2
2015-10-25,1.625125,2.667,6,67,106.4,105.2
2015-10-26,0.24987499999999999,0.667,1,78,106.2,104.9
2015-10-27,0.7498750000000001,2.0,3,67,110.1,108.7
2015-10-28,0.166625,1.0,1,81,112.2,110.7
2015-10-29,0.875,2.333,4,93,112.9,111.4
2015-10-30,1.875,3.0,8,88,121.2,119.5
2015-10-31,1.375,2.667,6,86,118.5,116.7
2015-11-01,2.1248750000000003,3.333,9,85,124.3,122.4
2015-11-02,0.9165000000000001,2.667,4,101,122.0,120.1
2015-11-03,3.9998750000000003,5.0,29,82,124.2,122.2
2015-11-04,3.8748750000000003,5.333,30,100,113.8,112.0
2015-11-05,2.958375,4.0,16,82,109.9,108.1
2015-11-06,2.7082499999999996,4.333,14,78,115.2,113.2
2015-11-07,4.125,6.0,38,82,115.0,112.9
2015-11-08,2.416625,4.333,14,75,107.7,105.7
2015-11-09,3.8335,4.667,25,66,107.6,105.6
2015-11-10,4.4582500000000005,5.333,37,71,105.4,103.3
2015-11-11,3.458375,4.667,22,61,105.0,102.9
2015-11-12,0.958375,1.667,4,60,103.5,101.4
2015-11-13,2.5417500000000004,3.667,13,49,102.9,100.8
2015-11-14,2.0415,3.0,8,39,106.3,104.1
2015-11-15,1.9165,3.0,8,56,105.8,103.5
2015-11-16,2.666625,3.333,12,38,105.6,103.2
2015-11-17,1.8335,3.0,8,34,107.1,104.6
2015-11-18,2.6251249999999997,5.0,15,30,107.6,105.1
2015-11-19,1.708375,3.667,8,41,108.1,105.6
2015-11-20,0.9165000000000001,2.333,4,55,111.0,108.4
2015-11-21,0.5415000000000001,2.0,2,58,122.2,119.2
2015-11-22,0.3333750000000001,0.667,2,71,122.9,119.9
2015-11-23,0.25,0.667,1,56,119.7,116.7
2015-11-24,0.0,0.0,0,59,113.2,110.3
2015-11-25,0.0,0.0,0,61,109.0,106.2
2015-11-26,0.33325,1.333,1,65,103.9,101.2
2015-11-27,1.541625,3.0,6,61,98.9,96.3
2015-11-28,1.541625,2.667,6,51,96.6,94.0
2015-11-29,1.875125,3.0,8,51,95.5,92.9
2015-11-30,2.9582499999999996,5.0,17,47,95.7,93.1
2015-12-01,2.6667500000000004,3.667,13,32,94.6,91.9
2015-12-02,2.0,2.667,8,49,95.3,92.6
2015-12-03,0.8331250000000001,1.333,4,36,94.5,91.8
2015-12-04,0.9998750000000001,2.333,4,33,97.6,94.8
2015-12-05,2.7498750000000003,3.667,14,50,100.5,97.6
2015-12-06,3.5417500000000004,4.333,22,54,102.2,99.3
2015-12-07,3.375,3.667,19,61,100.7,97.8
2015-12-08,2.2501249999999997,3.667,10,60,111.2,107.9
2015-12-09,1.874875,3.333,8,78,108.8,105.5
2015-12-10,3.6667500000000004,5.0,24,82,108.5,105.2
2015-12-11,3.3332499999999996,4.333,19,83,113.7,110.3
2015-12-12,2.333375,3.333,10,83,116.7,113.1
2015-12-13,1.625125,2.667,7,81,122.5,118.7
2015-12-14,2.875,5.333,20,86,124.0,120.2
2015-12-15,2.833375,4.667,16,65,118.9,115.2
2015-12-16,1.0415,3.667,6,63,126.2,122.2
2015-12-17,1.3748749999999998,3.667,6,56,117.8,114.0
2015-12-18,1.1252499999999999,2.667,5,54,117.1,113.3
2015-12-19,1.833375,4.0,10,49,119.0,115.2
2015-12-20,5.58325,6.667,70,22,116.6,112.8
2015-12-21,3.875,6.667,38,18,121.7,117.8
2015-12-22,2.5415,4.333,12,72,130.1,125.8
2015-12-23,2.291625,3.333,9,68,133.9,129.5
2015-12-24,2.458375,3.333,11,69,132.7,128.4
2015-12-25,1.958375,2.333,7,76,126.4,122.3
2015-12-26,2.7498750000000003,4.333,14,65,117.4,113.5
2015-12-27,2.33325,3.0,9,67,110.3,106.7
2015-12-28,1.166625,2.0,4,71,112.1,108.4
2015-12-29,1.5,2.333,6,57,105.4,101.9
2015-12-30,0.583375,1.333,2,37,101.5,98.1
2015-12-31,4.25,5.667,35,22,96.2,93.0
2016-01-01,3.25,6.0,28,37,98.4,95.1
2016-01-02,2.20825,3.0,9,40,100.0,96.6
2016-01-03,1.583375,2.667,6,51,101.9,98.5
2016-01-04,1.1668749999999999,2.0,4,70,95.3,92.2
2016-01-05,1.416625,2.333,5,35,95.2,92.1
2016-01-06,3.041625,4.667,16,31,100.2,96.9
2016-01-07,2.7083749999999993,4.0,13,61,103.4,99.9
2016-01-08,1.7915,3.0,7,86,108.5,104.9
2016-01-09,1.375,2.0,5,97,107.0,103.5
2016-01-10,1.95825,2.667,8,90,108.9,105.4
2016-01-11,2.583375,4.0,13,47,108.0,104.5
2016-01-12,2.666625,4.0,13,40,105.5,102.0
2016-01-13,2.541625,4.0,13,38,104.1,100.7
2016-01-14,1.91675,2.667,7,41,103.2,99.9
2016-01-15,1.16675,2.0,4,45,103.5,100.1
2016-01-16,0.6248750000000001,1.333,3,44,99.9,96.7
2016-01-17,0.666625,1.333,3,58,100.6,97.4
2016-01-18,0.833375,3.0,4,54,99.9,96.7
2016-01-19,1.999875,4.333,10,66,97.5,94.4
2016-01-20,3.541625,4.667,26,62,100.4,97.2
2016-01-21,4.125125000000001,5.667,33,64,104.0,100.7
2016-01-22,2.7498750000000003,3.333,13,67,100.5,97.3
2016-01-23,2.375,3.667,11,63,98.9,95.8
2016-01-24,2.041625,4.0,10,48,103.8,100.6
2016-01-25,0.29150000000000004,0.667,2,67,107.6,104.3
2016-01-26,0.833375,1.667,3,69,114.8,111.3
2016-01-27,0.916625,2.0,4,83,112.7,109.3
2016-01-28,1.041625,2.333,4,77,109.9,106.6
2016-01-29,0.5835,0.667,3,64,106.9,103.7
2016-01-30,0.33325000000000005,0.667,2,36,105.1,102.0
2016-01-31,2.083375,3.667,9,35,101.2,98.3
2016-02-01,1.45825,3.667,7,44,100.2,97.3
2016-02-02,1.208375,2.667,5,52,102.1,99.1
2016-02-03,1.875125,4.667,12,83,112.1,108.9
2016-02-04,1.20825,2.333,5,108,123.3,119.8
2016-02-05,2.3748750000000003,3.333,10,103,119.7,116.3
2016-02-06,1.70825,2.333,6,79,117.1,113.9
2016-02-07,1.791625,3.667,8,89,117.1,113.9
2016-02-08,2.374875,5.0,17,89,115.2,112.1
2016-02-09,1.916625,3.0,8,84,117.3,114.1
2016-02-10,1.0,2.667,4,75,112.2,109.2
2016-02-11,2.041625,3.333,8,85,112.8,109.8
2016-02-12,2.58325,3.667,12,63,112.2,109.3
2016-02-13,1.5835,3.0,7,38,110.3,107.5
2016-02-14,2.1666250000000002,3.0,9,46,108.0,105.4
2016-02-15,2.166625,4.333,11,50,107.3,104.7
2016-02-16,4.375,5.333,37,42,104.0,101.5
2016-02-17,4.208375,5.667,34,38,99.9,97.5
2016-02-18,3.9998750000000003,5.0,29,36,94.9,92.7
2016-02-19,3.041625,3.667,16,46,94.0,91.9
2016-02-20,1.166625,2.333,5,52,100.0,97.8
2016-02-21,1.0002499999999999,1.667,4,47,95.6,93.5
2016-02-22,0.54175,1.0,2,34,93.7,91.7
2016-02-23,1.208375,3.0,5,37,91.0,89.1
2016-02-24,1.625,2.667,6,34,87.9,86.1
2016-02-25,1.291875,2.0,5,26,91.7,89.9
2016-02-26,1.500125,3.667,7,48,89.0,87.2
2016-02-27,0.7082499999999999,1.333,3,26,90.4,88.6
2016-02-28,0.70825,1.333,3,36,93.2,91.5
2016-02-29,0.916625,2.0,4,45,90.9,89.3
2016-03-01,1.9585,3.0,8,68,96.8,95.1
2016-03-02,1.541625,2.667,6,78,98.2,96.5
2016-03-03,1.624875,2.333,6,77,98.7,97.1
2016-03-04,0.833375,2.667,4,111,100.5,98.9
2016-03-05,0.708125,2.0,3,83,96.2,94.7
2016-03-06,3.083375,6.333,31,78,95.5,94.1
2016-03-07,3.7085,4.667,24,79,94.1,92.8
2016-03-08,1.75,2.333,6,63,95.5,94.2
2016-03-09,1.625,2.0,6,91,97.4,96.0
2016-03-10,1.75,2.667,7,80,95.0,93.7
2016-03-11,3.0832500000000005,5.333,19,51,94.2,93.0
2016-03-12,2.25,3.333,11,70,95.0,93.9
2016-03-13,0.66675,1.667,3,57,92.6,91.5
2016-03-14,2.08325,5.0,12,70,93.4,92.4
2016-03-15,3.541499999999999,5.333,24,59,94.1,93.1
2016-03-16,3.1251249999999997,5.0,20,79,91.0,90.1
2016-03-17,3.5001249999999997,4.667,22,72,91.6,90.7
2016-03-18,1.95825,2.333,7,47,90.3,89.5
2016-03-19,2.7917499999999995,3.667,14,37,89.4,88.6
2016-03-20,2.16675,3.667,10,36,87.6,86.9
2016-03-21,1.66675,2.333,6,33,88.9,88.2
2016-03-22,1.4165,2.333,6,20,87.3,86.7
2016-03-23,2.1251249999999997,3.667,10,21,86.8,86.2
2016-03-24,1.458375,2.667,6,35,86.5,86.0
2016-03-25,1.166625,3.0,5,34,85.5,85.1
2016-03-26,0.41674999999999995,0.667,2,32,85.5,85.1
2016-03-27,2.541625,3.333,11,32,88.2,87.9
2016-03-28,1.9585,3.667,9,30,87.7,87.4
2016-03-29,2.4582499999999996,3.333,11,20,87.8,87.5
2016-03-30,2.4165,3.333,11,17,83.8,83.6
2016-03-31,1.375,3.0,6,16,81.7,81.6
2016-04-01,0.45824999999999994,1.333,2,12,82.1,82.0
2016-04-02,2.45825,5.0,19,12,81.5,81.5
2016-04-03,2.6251249999999997,4.333,14,12,82.3,82.3
2016-04-04,1.375,2.667,6,40,83.4,83.5
2016-04-05,1.291625,2.667,5,33,83.4,83.5
2016-04-06,1.541625,2.333,6,20,87.1,87.2
2016-04-07,2.333375,5.667,17,18,92.3,92.5
2016-04-08,1.333375,4.667,8,26,98.3,98.6
2016-04-09,0.33325000000000005,1.0,2,25,105.5,105.9
2016-04-10,1.54175,2.667,6,34,110.6,111.1
2016-04-11,1.000125,3.0,4,43,116.6,117.2
2016-04-12,3.041625,5.0,18,37,111.3,111.9
2016-04-13,3.7917500000000004,5.0,25,48,108.2,108.8
2016-04-14,3.5415,4.667,22,46,111.1,111.8
2016-04-15,1.666625,4.0,8,33,112.4,113.2
2016-04-16,2.166625,3.667,11,42,113.2,114.0
2016-04-17,3.1667500000000004,4.0,18,36,102.1,102.9
2016-04-18,1.083375,2.333,4,31,94.6,95.4
2016-04-19,0.33312500000000006,1.0,2,28,89.1,89.9
2016-04-20,0.70825,1.333,3,25,83.2,84.0
2016-04-21,1.041625,1.667,4,26,76.8,77.5
2016-04-22,2.458375,4.0,12,21,76.6,77.5
2016-04-23,2.208375,4.667,11,13,78.7,79.6
2016-04-24,2.166625,4.0,11,37,81.8,82.8
2016-04-25,1.208375,1.667,4,45,81.9,82.9
2016-04-26,1.3335000000000001,2.667,5,57,85.2,86.3
2016-04-27,2.166625,3.0,9,76,92.6,93.8
2016-04-28,0.916625,2.0,4,90,94.9,96.3
2016-04-29,0.541625,1.0,2,82,92.4,93.8
2016-04-30,1.7081250000000001,3.0,7,89,94.0,95.4
2016-05-01,2.8332500000000005,4.0,14,87,92.2,93.6
2016-05-02,3.7501250000000006,5.667,30,83,89.8,91.3
2016-05-03,2.20825,3.333,10,73,90.0,91.5
2016-05-04,0.833375,1.667,3,71,90.1,91.6
2016-05-05,1.541625,2.333,6,60,87.1,88.7
2016-05-06,2.79175,4.333,15,57,89.6,91.2
2016-05-07,1.958375,3.667,9,34,88.0,89.7
2016-05-08,5.708375,6.333,70,44,84.0,85.6
2016-05-09,3.833375,6.333,30,52,88.5,90.2
2016-05-10,2.7498750000000003,3.667,13,76,88.7,90.5
2016-05-11,1.249875,2.667,5,79,93.9,95.8
2016-05-12,0.7501249999999999,1.0,3,83,92.0,93.9
2016-05-13,1.583375,2.333,6,78,93.4,95.4
2016-05-14,2.08325,3.333,9,88,101.2,103.4
2016-05-15,2.583375,3.667,13,87,108.4,110.8
2016-05-16,2.5415,3.333,12,55,102.0,104.3
2016-05-17,2.708375,3.333,12,38,103.2,105.6
2016-05-18,1.708375,2.667,7,30,102.3,104.7
2016-05-19,1.708375,2.667,7,43,98.8,101.2
2016-05-20,1.374875,2.333,5,46,99.5,102.0
2016-05-21,2.791625,4.667,15,18,97.8,100.2
2016-05-22,1.583375,2.667,6,28,97.4,99.8
2016-05-23,0.791625,1.667,3,16,97.4,99.8
2016-05-24,1.08325,2.333,4,25,94.3,96.7
2016-05-25,0.49987500000000007,1.0,2,35,93.6,96.1
2016-05-26,0.5415,1.333,2,34,91.7,94.2
2016-05-27,2.20825,3.0,9,34,90.4,92.8
2016-05-28,2.7498750000000003,4.0,13,33,87.7,90.1
2016-05-29,1.625,3.0,6,33,83.0,85.3
2016-05-30,2.291625,4.0,11,41,86.2,88.7
2016-05-31,2.166625,3.667,10,36,86.6,89.0
2016-06-01,1.291625,2.0,5,41,86.0,88.4
2016-06-02,0.541625,1.0,3,14,85.2,87.7
2016-06-03,0.4165,1.0,2,0,83.2,85.7
2016-06-04,0.6665,1.333,3,10,80.0,82.4
2016-06-05,3.625,5.333,29,0,79.1,81.5
2016-06-06,3.458375,5.333,23,0,78.5,80.8
2016-06-07,2.0,3.0,8,12,78.5,80.8
2016-06-08,1.333375,2.0,5,14,80.1,82.6
2016-06-09,0.75,2.0,3,19,85.2,87.8
2016-06-10,1.3331250000000001,3.333,6,33,84.9,87.5
2016-06-11,2.08325,3.333,9,44,88.2,90.9
2016-06-12,2.29175,3.667,10,42,94.1,97.1
2016-06-13,1.8335,3.667,8,38,91.0,93.9
2016-06-14,2.79175,6.333,21,38,87.6,90.4
2016-06-15,2.2916250000000002,4.333,11,40,87.3,90.1
2016-06-16,1.6665,2.333,6,28,88.2,91.0
2016-06-17,1.833375,2.667,7,39,86.6,89.4
2016-06-18,1.95825,2.333,7,47,83.6,86.3
2016-06-19,1.125125,2.0,4,50,85.2,87.9
2016-06-20,0.875,1.333,4,36,84.3,87.1
2016-06-21,0.625125,1.0,3,24,80.2,82.9
2016-06-22,2.083375,4.667,12,23,78.3,80.9
2016-06-23,2.0835,3.667,10,12,77.5,80.0
2016-06-24,2.625,3.667,12,12,75.7,78.2
2016-06-25,1.7085,2.667,7,0,77.1,79.6
2016-06-26,2.208375,3.667,10,0,76.6,79.2
2016-06-27,1.791625,3.0,8,0,75.4,78.0
2016-06-28,1.4165,2.333,5,0,73.1,75.5
2016-06-29,1.0418749999999999,1.667,4,0,73.6,76.0
2016-06-30,1.25,3.0,6,0,72.9,75.4
2016-07-01,1.499875,3.333,6,0,72.0,74.4
2016-07-02,1.500125,3.667,7,11,70.9,73.3
2016-07-03,1.916625,2.667,8,19,72.3,74.8
2016-07-04,1.333375,2.0,5,0,73.8,76.3
2016-07-05,0.666625,1.333,3,13,72.4,74.9
2016-07-06,0.875,2.667,4,13,77.1,79.7
2016-07-07,3.4167499999999995,4.667,21,25,83.3,86.1
2016-07-08,3.3332499999999996,4.0,19,41,87.1,90.0
2016-07-09,2.6665,3.333,12,56,92.2,95.3
2016-07-10,2.208375,2.667,9,50,94.4,97.6
2016-07-11,2.333375,2.667,10,62,94.7,97.8
2016-07-12,3.166625,4.333,18,59,92.4,95.5
2016-07-13,1.833375,3.0,7,53,96.8,100.0
2016-07-14,2.333375,4.0,11,58,95.1,98.2
2016-07-15,2.3751249999999997,3.0,10,69,102.1,105.4
2016-07-16,1.70825,3.0,7,60,106.6,110.1
2016-07-17,1.2915,2.0,5,39,105.2,108.6
2016-07-18,0.6666250000000001,1.333,3,64,107.1,110.6
2016-07-19,1.16675,5.0,8,59,100.8,104.1
2016-07-20,3.0,5.0,19,56,108.0,111.5
2016-07-21,1.25,2.667,5,52,100.1,103.3
2016-07-22,1.83325,2.667,7,39,90.4,93.3
2016-07-23,1.625,3.0,7,27,86.2,88.9
2016-07-24,2.3335,4.667,14,13,82.2,84.8
2016-07-25,3.208375,4.0,18,0,73.6,75.9
2016-07-26,0.916625,1.333,4,0,73.5,75.9
2016-07-27,0.541625,2.0,2,0,71.6,73.8
2016-07-28,2.791625,4.0,14,13,70.3,72.5
2016-07-29,2.75,3.667,13,15,70.5,72.6
2016-07-30,1.208375,3.0,5,21,71.0,73.1
2016-07-31,0.666625,1.667,3,16,71.5,73.7
2016-08-01,0.58325,1.333,2,12,71.9,74.1
2016-08-02,2.6665,5.0,17,12,74.9,77.1
2016-08-03,4.16675,5.0,32,0,74.8,77.0
2016-08-04,3.000125,4.0,16,16,76.3,78.5
2016-08-05,2.958375,4.0,16,38,79.8,82.1
2016-08-06,2.6667499999999995,3.333,12,39,83.1,85.5
2016-08-07,2.333375,4.333,12,51,92.7,95.3
2016-08-08,2.250125,3.667,10,81,96.4,99.0
2016-08-09,2.5,3.333,12,72,92.3,94.9
2016-08-10,3.0,3.667,15,77,95.0,97.6
2016-08-11,1.875,3.0,8,79,94.7,97.2
2016-08-12,2.125,3.667,10,71,94.8,97.3
2016-08-13,1.125,1.667,4,58,90.5,92.9
2016-08-14,0.791625,1.667,3,59,87.2,89.4
2016-08-15,0.666625,1.333,3,63,87.6,89.8
2016-08-16,1.083375,3.333,5,80,86.5,88.7
2016-08-17,1.75,3.0,8,58,82.9,84.9
2016-08-18,1.4585,3.0,6,49,82.4,84.4
2016-08-19,0.874875,1.333,4,47,80.8,82.7
2016-08-20,0.7498750000000001,2.0,3,16,78.1,80.0
2016-08-21,1.583375,3.667,8,14,76.7,78.4
2016-08-22,0.916625,1.333,4,28,80.0,81.8
2016-08-23,2.7498750000000003,5.0,18,48,81.3,83.1
2016-08-24,3.0417500000000004,5.333,19,49,78.0,79.7
2016-08-25,2.375,3.333,10,48,78.7,80.3
2016-08-26,1.4585,2.667,6,49,81.9,83.6
2016-08-27,1.125125,2.333,4,58,83.9,85.6
2016-08-28,0.4581250000000001,1.0,2,64,85.4,87.1
2016-08-29,1.416625,3.0,6,68,87.8,89.5
2016-08-30,3.0,4.333,17,74,100.4,102.3
2016-08-31,1.3336249999999998,2.667,6,77,97.5,99.3
2016-09-01,3.958375,5.0,28,78,95.2,96.9
2016-09-02,4.25,6.0,37,67,94.6,96.3
2016-09-03,4.458374999999999,5.667,36,65,99.0,100.7
2016-09-04,3.875,4.333,25,49,97.4,99.0
2016-09-05,3.0415,4.667,17,31,93.8,95.3
2016-09-06,2.791625,3.667,13,43,92.4,93.9
2016-09-07,2.4165,3.333,12,57,93.0,94.4
2016-09-08,2.541625,3.667,12,53,94.5,95.9
2016-09-09,0.833375,2.0,3,79,91.0,92.3
2016-09-10,0.791625,1.667,3,78,93.0,94.3
2016-09-11,0.7501249999999999,1.0,3,67,86.4,87.5
2016-09-12,1.125125,2.0,4,59,86.5,87.5
2016-09-13,1.000125,1.667,4,39,86.0,87.0
2016-09-14,1.874875,3.0,8,28,85.2,86.2
2016-09-15,1.375125,2.667,6,15,84.4,85.3
2016-09-16,0.5,1.667,2,13,83.7,84.5
2016-09-17,0.624875,1.333,3,14,80.3,81.0
2016-09-18,1.624875,2.333,6,38,83.0,83.8
2016-09-19,1.999875,3.0,8,63,82.6,83.3
2016-09-20,3.1667500000000004,4.333,18,53,84.5,85.2
2016-09-21,1.75,4.0,8,55,85.5,86.1
2016-09-22,0.7501249999999999,2.0,3,36,85.1,85.7
2016-09-23,0.666625,1.333,3,60,85.5,86.1
2016-09-24,0.916625,2.333,4,55,84.9,85.4
2016-09-25,3.416625,4.333,22,30,84.6,85.1
2016-09-26,3.416625,4.333,20,29,86.8,87.2
2016-09-27,4.29175,5.667,35,26,85.6,85.9
2016-09-28,4.416625,5.667,36,30,84.4,84.8
2016-09-29,4.375,5.333,36,17,82.7,83.0
2016-09-30,3.33325,5.0,20,12,80.6,80.8
2016-10-01,3.125,4.333,17,0,81.0,81.2
2016-10-02,3.0415,4.333,16,15,82.3,82.4
2016-10-03,2.666625,3.667,13,35,87.8,87.9
2016-10-04,3.541625,5.0,23,40,93.1,93.1
2016-10-05,2.4998750000000003,3.333,11,41,99.3,99.3
2016-10-06,1.291625,2.333,5,56,101.5,101.4
2016-10-07,1.3335,2.667,5,60,104.2,104.0
2016-10-08,1.791625,3.333,7,63,104.3,104.1
2016-10-09,1.25,2.0,5,68,104.5,104.2
2016-10-10,2.083375,3.333,10,66,102.0,101.6
2016-10-11,0.375,1.0,2,63,99.2,98.8
2016-10-12,1.0,3.0,5,41,97.6,97.2
2016-10-13,4.58325,6.333,46,42,95.3,94.8
2016-10-14,2.8336250000000005,5.667,22,41,92.8,92.3
2016-10-15,2.333375,3.0,10,38,84.9,84.4
2016-10-16,2.958375,5.0,17,29,80.9,80.4
2016-10-17,3.4582499999999996,4.0,20,27,76.2,75.6
2016-10-18,2.08325,3.0,9,29,77.4,76.8
2016-10-19,1.416625,2.667,6,28,76.5,75.8
2016-10-20,0.458125,1.333,2,16,74.7,74.0
2016-10-21,0.166625,0.667,1,28,77.8,77.1
2016-10-22,1.208375,2.333,5,27,77.5,76.7
2016-10-23,2.0,3.0,8,15,76.9,76.0
2016-10-24,3.041875,3.667,16,15,75.3,74.5
2016-10-25,5.12475,6.333,57,17,77.8,76.9
2016-10-26,4.75025,5.667,44,25,78.0,77.1
2016-10-27,3.875,4.667,26,25,78.9,77.8
2016-10-28,3.083375,4.333,16,37,79.2,78.2
2016-10-29,3.666625,5.333,27,23,79.1,78.0
2016-10-30,3.0832499999999996,4.0,16,13,76.2,75.1
2016-10-31,2.0,3.0,8,13,76.7,75.5
2016-11-01,2.41675,3.667,10,12,76.5,75.4
2016-11-02,2.6667500000000004,4.333,14,0,76.0,74.8
2016-11-03,3.0835,4.0,16,27,75.6,74.4
2016-11-04,0.91675,2.667,4,25,76.7,75.4
2016-11-05,0.37500000000000006,0.667,2,25,76.7,75.3
2016-11-06,1.08325,2.0,4,22,76.2,74.9
2016-11-07,0.7501249999999999,2.0,3,11,76.5,75.1
2016-11-08,0.416625,1.0,2,0,76.9,75.4
2016-11-09,1.500125,2.667,6,14,79.9,78.3
2016-11-10,2.708375,4.667,14,24,80.2,78.6
2016-11-11,2.375,4.333,11,26,78.4,76.8
2016-11-12,3.25,4.0,18,12,78.4,76.8
2016-11-13,3.5417500000000004,4.667,21,36,77.8,76.2
2016-11-14,2.33325,3.0,10,31,77.3,75.6
2016-11-15,1.6665,3.333,7,27,76.5,74.9
2016-11-16,0.91675,1.667,4,27,80.9,79.1
2016-11-17,0.62475,1.333,3,29,78.6,76.8
2016-11-18,0.49987500000000007,2.0,2,28,77.6,75.8
2016-11-19,0.25,0.667,1,24,76.8,74.9
2016-11-20,0.5,1.0,2,13,76.4,74.6
2016-11-21,1.333375,2.333,5,0,75.0,73.1
2016-11-22,2.166625,4.333,11,0,77.3,75.4
2016-11-23,2.2501249999999997,4.0,11,11,77.7,75.7
2016-11-24,3.4167500000000004,4.667,20,12,79.0,77.0
2016-11-25,3.9582499999999996,5.333,30,13,80.9,78.8
2016-11-26,2.5,3.0,11,25,81.2,79.1
2016-11-27,2.041625,2.667,8,30,82.6,80.4
2016-11-28,1.875,2.667,7,41,85.2,82.9
2016-11-29,1.208375,2.0,5,46,85.5,83.1
2016-11-30,0.6248750000000001,1.333,3,51,83.6,81.3
2016-12-01,0.5,1.667,2,55,84.5,82.1
2016-12-02,0.833375,1.333,4,61,84.4,82.0
2016-12-03,0.33325000000000005,1.0,2,56,84.7,82.2
2016-12-04,0.166625,0.667,1,38,82.4,80.0
2016-12-05,0.875,2.333,4,34,82.7,80.3
2016-12-06,1.5831250000000001,3.333,7,31,79.8,77.4
2016-12-07,2.0835,3.0,9,19,77.2,74.9
2016-12-08,3.458375,4.333,21,14,74.8,72.6
2016-12-09,3.6251250000000006,4.667,24,20,72.9,70.7
2016-12-10,3.0,4.0,15,0,72.2,70.0
2016-12-11,2.7916250000000002,4.333,14,0,71.4,69.2
2016-12-12,1.249875,2.333,5,12,70.8,68.6
2016-12-13,0.875,1.667,4,14,71.2,69.0
2016-12-14,0.875,1.333,4,23,72.4,70.1
2016-12-15,0.416625,1.0,2,12,72.5,70.2
2016-12-16,0.291625,1.0,1,0,72.6,70.3
2016-12-17,1.124875,3.333,5,13,72.1,69.8
2016-12-18,1.875,3.0,8,27,72.3,70.0
2016-12-19,1.208375,2.0,5,15,72.8,70.5
2016-12-20,1.333375,2.667,5,22,74.9,72.5
2016-12-21,3.20825,6.0,23,30,75.0,72.6
2016-12-22,3.5,4.667,22,16,74.8,72.4
2016-12-23,3.375,4.0,19,0,73.7,71.3
2016-12-24,2.625,3.333,12,0,73.1,70.7
2016-12-25,3.375,4.0,20,0,72.5,70.1
2016-12-26,3.458375,4.667,20,0,73.8,71.4
2016-12-27,2.416625,3.667,11,16,73.7,71.3
2016-12-28,1.25,2.0,5,12,73.3,70.9
2016-12-29,1.0415,2.0,4,11,73.4,70.9
2016-12-30,0.541625,1.333,2,11,73.6,71.2
2016-12-31,2.541625,3.333,12,11,73.5,71.1
2017-01-01,2.625,3.667,12,12,72.5,70.1
2017-01-02,1.5,2.333,6,12,73.0,70.6
2017-01-03,2.3335,3.667,11,11,73.4,71.0
2017-01-04,2.20825,3.667,10,0,72.4,70.0
2017-01-05,3.125,4.0,17,0,73.3,70.9
2017-01-06,2.916875,3.667,14,0,72.0,69.6
2017-01-07,3.416625,4.333,20,0,72.0,69.7
2017-01-08,3.083375,4.0,16,0,71.5,69.2
2017-01-09,2.458125,3.333,11,0,71.2,68.9
2017-01-10,2.1251249999999997,3.667,10,0,72.7,70.3
2017-01-11,1.791625,2.667,7,0,74.5,72.0
2017-01-12,0.95825,2.333,4,11,75.5,73.0
2017-01-13,0.875,1.667,4,26,74.9,72.4
2017-01-14,0.91675,1.667,4,31,76.6,74.1
2017-01-15,1.16675,2.0,4,30,77.5,75.0
2017-01-16,0.291625,0.667,2,25,78.3,75.8
2017-01-17,0.6248750000000001,2.0,3,30,78.6,76.1
2017-01-18,2.75,3.667,14,36,78.6,76.1
2017-01-19,2.2085,3.333,10,33,79.5,77.0
2017-01-20,2.2498750000000003,3.333,10,56,83.2,80.6
2017-01-21,2.2498750000000003,3.333,10,75,86.1,83.4
2017-01-22,2.208375,3.333,9,68,86.8,84.0
2017-01-23,1.0001250000000002,2.0,4,57,84.1,81.5
2017-01-24,0.583375,2.0,2,43,82.3,79.7
2017-01-25,1.083375,3.0,5,47,85.1,82.5
2017-01-26,2.1251249999999997,3.667,11,40,83.1,80.6
2017-01-27,3.291625,4.333,20,30,80.3,77.9
2017-01-28,1.958375,3.333,9,30,78.5,76.1
2017-01-29,1.666625,2.667,6,34,76.6,74.4
2017-01-30,1.45825,2.667,6,35,77.0,74.7
2017-01-31,3.5832500000000005,4.667,22,36,76.0,73.8
2017-02-01,3.9165,5.0,28,47,76.0,73.9
2017-02-02,3.5417500000000004,4.333,21,47,75.3,73.1
2017-02-03,3.2498750000000003,4.333,18,39,75.1,73.0
2017-02-04,2.3332499999999996,3.333,10,20,74.0,71.9
2017-02-05,2.9167500000000004,3.667,15,14,72.6,70.6
2017-02-06,2.6251249999999997,3.667,12,13,72.5,70.5
2017-02-07,1.833375,2.667,7,13,72.1,70.1
2017-02-08,1.04175,1.667,4,11,73.1,71.1
2017-02-09,1.70825,2.333,6,19,73.4,71.5
2017-02-10,1.8331250000000001,2.333,7,24,74.0,72.1
2017-02-11,0.79175,2.667,4,23,75.7,73.8
2017-02-12,0.624875,1.667,3,21,76.2,74.3
2017-02-13,1.249875,2.333,5,19,74.8,73.0
2017-02-14,0.208375,0.667,1,16,74.5,72.7
2017-02-15,0.5835,1.333,2,24,74.8,73.0
2017-02-16,1.95825,3.333,8,19,74.0,72.2
2017-02-17,3.25,4.333,19,14,74.6,72.8
2017-02-18,2.7915,4.333,16,13,76.6,74.9
2017-02-19,2.124875,3.333,10,27,78.1,76.4
2017-02-20,2.0,3.333,9,32,80.7,78.9
2017-02-21,1.0,2.0,4,27,82.5,80.7
2017-02-22,2.04175,3.667,9,29,83.2,81.4
2017-02-23,2.33325,3.333,10,24,83.3,81.6
2017-02-24,3.1667500000000004,4.667,18,27,82.1,80.5
2017-02-25,1.41675,2.667,6,32,80.0,78.5
2017-02-26,0.333375,1.0,2,38,79.0,77.5
2017-02-27,1.583375,3.0,7,50,82.2,80.6
2017-02-28,1.875,2.667,8,58,81.6,80.1
2017-03-01,4.25,5.667,35,59,80.8,79.3
2017-03-02,4.124874999999999,5.333,32,56,79.1,77.8
2017-03-03,3.125,4.0,18,39,78.0,76.7
2017-03-04,3.375,4.333,20,0,75.2,73.9
2017-03-05,3.1667499999999995,4.333,18,14,72.8,71.6
2017-03-06,3.5,5.0,23,0,72.4,71.3
2017-03-07,2.916625,3.333,14,0,71.7,70.6
2017-03-08,2.3335,3.667,12,0,70.6,69.6
2017-03-09,2.75,3.667,13,0,71.2,70.3
2017-03-10,2.1248750000000003,3.333,10,0,71.0,70.0
2017-03-11,1.083375,3.667,5,0,70.0,69.1
2017-03-12,1.66675,3.667,8,0,70.1,69.2
2017-03-13,0.5,1.333,2,0,70.3,69.5
2017-03-14,1.0,1.667,4,0,69.6,68.8
2017-03-15,1.41675,3.0,6,0,69.8,69.1
2017-03-16,1.08325,2.667,4,0,70.5,69.7
2017-03-17,0.5831250000000001,1.333,2,0,70.5,69.9
2017-03-18,0.375,1.0,2,0,70.2,69.6
2017-03-19,0.333375,0.667,2,0,71.2,70.5
2017-03-20,0.249875,0.667,1,0,72.7,72.1
2017-03-21,3.4582499999999996,5.333,24,13,71.0,70.5
2017-03-22,3.75,4.333,24,14,72.5,72.0
2017-03-23,1.91675,4.0,9,14,72.0,71.5
2017-03-24,1.333375,2.333,5,14,72.3,71.9
2017-03-25,0.666625,1.333,3,18,74.0,73.7
2017-03-26,0.75,1.667,3,31,77.2,76.8
2017-03-27,4.70825,6.333,46,52,82.8,82.5
2017-03-28,3.7915,5.333,27,57,83.7,83.4
2017-03-29,3.3748749999999994,4.333,20,52,83.3,83.1
2017-03-30,3.291625,4.333,19,49,85.9,85.7
2017-03-31,3.958375,4.667,27,66,90.6,90.4
2017-04-01,2.958375,4.333,15,71,101.0,100.9
2017-04-02,1.7915,3.0,7,83,112.0,111.9
2017-04-03,0.958375,2.0,4,100,107.9,107.9
2017-04-04,2.9585,4.667,19,76,93.8,93.9
2017-04-05,1.9165,3.333,8,50,84.6,84.7
2017-04-06,1.5415,3.0,6,36,75.7,75.8
2017-04-07,2.0001249999999997,3.333,9,23,73.9,74.1
2017-04-08,2.9167499999999995,4.333,15,0,73.1,73.3
2017-04-09,2.583375,4.667,15,12,74.4,74.7
2017-04-10,1.1247500000000001,2.333,4,14,73.6,73.9
2017-04-11,2.291625,3.667,10,14,74.6,74.9
2017-04-12,1.0415,3.0,5,22,71.4,71.8
2017-04-13,0.9165000000000001,2.333,4,25,73.5,73.9
2017-04-14,2.54175,3.333,11,19,72.9,73.3
2017-04-15,1.291625,3.333,6,0,73.0,73.5
2017-04-16,0.791625,1.333,3,0,74.5,75.0
2017-04-17,0.791625,1.333,3,0,75.2,75.8
2017-04-18,1.33325,3.0,6,23,85.6,86.4
2017-04-19,2.58325,4.333,14,15,80.9,81.6
2017-04-20,3.7917499999999995,5.667,28,28,80.7,81.4
2017-04-21,2.33325,5.0,17,40,82.2,83.1
2017-04-22,4.91675,5.667,47,30,83.6,84.5
2017-04-23,4.45825,5.333,36,43,82.5,83.4
2017-04-24,3.3332499999999996,4.0,19,46,80.2,81.1
2017-04-25,2.375,3.0,10,41,81.3,82.3
2017-04-26,2.0415,2.667,8,38,79.6,80.6
2017-04-27,1.541625,2.333,6,26,78.2,79.3
2017-04-28,1.291625,2.333,5,36,78.0,79.1
2017-04-29,1.458375,2.0,5,34,77.0,78.2
2017-04-30,1.29175,2.0,5,24,77.4,78.6
2017-05-01,1.124875,2.333,4,12,75.3,76.4
2017-05-02,0.916625,2.0,4,29,77.2,78.4
2017-05-03,0.666625,1.333,3,18,74.9,76.2
2017-05-04,1.166625,3.333,5,17,74.2,75.4
2017-05-05,0.8748750000000001,3.0,4,31,73.5,74.8
2017-05-06,1.04175,1.667,4,27,72.8,74.1
2017-05-07,1.91675,3.0,8,23,71.7,73.0
2017-05-08,1.333375,2.333,5,11,70.5,71.8
2017-05-09,1.33325,2.0,5,0,68.9,70.2
2017-05-10,1.250125,2.667,5,0,68.6,69.9
2017-05-11,1.375125,2.667,6,11,69.1,70.5
2017-05-12,1.70825,2.667,7,15,68.9,70.4
2017-05-13,0.875,1.333,4,0,70.4,71.9
2017-05-14,2.083375,3.0,8,0,71.2,72.7
2017-05-15,2.3751249999999997,3.667,12,0,70.6,72.2
2017-05-16,1.875,3.0,8,25,71.9,73.5
2017-05-17,1.791625,2.333,6,12,71.4,73.1
2017-05-18,1.916625,3.667,9,24,72.2,73.9
2017-05-19,2.583375,3.667,12,25,72.3,74.0
2017-05-20,3.6251249999999997,4.333,22,30,72.4,74.2
2017-05-21,1.958375,2.667,8,37,73.5,75.3
2017-05-22,2.208375,3.0,9,50,74.4,76.3
2017-05-23,1.791625,3.0,8,55,76.0,77.9
2017-05-24,0.70825,1.333,3,20,77.9,79.9
2017-05-25,0.541625,1.0,2,31,76.1,78.1
2017-05-26,0.45825000000000005,1.0,2,25,80.2,82.4
2017-05-27,1.708375,5.667,13,24,81.9,84.1
2017-05-28,3.8751250000000006,7.0,47,21,78.8,81.0
2017-05-29,1.666625,4.0,9,14,75.8,77.9
2017-05-30,1.125,3.333,5,0,73.7,75.7
2017-05-31,0.8332499999999999,1.667,3,0,74.1,76.2
2017-06-01,1.375,2.667,6,15,75.7,77.9
2017-06-02,1.04175,1.667,4,23,78.2,80.4
2017-06-03,1.75,3.667,8,24,77.9,80.2
2017-06-04,0.37487500000000007,0.667,2,25,77.7,79.9
2017-06-05,1.166625,2.667,5,34,79.4,81.8
2017-06-06,1.04175,2.0,4,24,75.4,77.6
2017-06-07,1.04175,1.667,4,14,75.5,77.8
2017-06-08,0.70825,1.333,3,14,74.0,76.2
2017-06-09,0.75,2.333,3,0,73.7,76.0
2017-06-10,0.666625,1.333,3,0,74.7,77.0
2017-06-11,2.541625,5.0,15,0,74.3,76.6
2017-06-12,1.6665,2.333,6,0,75.2,77.5
2017-06-13,1.541625,2.667,6,11,74.9,77.2
2017-06-14,1.25,2.333,5,11,74.1,76.4
2017-06-15,0.791625,1.667,3,31,77.4,79.9
2017-06-16,3.4167499999999995,5.0,23,30,73.5,75.8
2017-06-17,2.75,4.0,14,30,74.8,77.2
2017-06-18,2.33325,3.333,10,29,74.9,77.3
2017-06-19,1.166625,2.0,4,27,73.6,76.0
2017-06-20,0.416625,1.0,2,31,74.4,76.9
2017-06-21,0.791625,1.667,3,35,73.7,76.2
2017-06-22,1.0415,2.333,4,24,73.7,76.1
2017-06-23,1.083375,2.333,4,23,73.7,76.1
2017-06-24,2.083375,2.667,8,25,74.1,76.6
2017-06-25,2.20825,3.333,9,18,73.7,76.2
2017-06-26,1.66675,2.333,6,21,73.7,76.2
2017-06-27,1.04175,1.667,4,19,74.1,76.6
2017-06-28,0.83325,1.667,3,16,72.1,74.5
2017-06-29,1.0418749999999999,2.0,4,12,71.8,74.2
2017-06-30,0.7084999999999999,1.667,3,11,71.5,73.9
2017-07-01,2.54175,3.333,12,23,70.7,73.1
2017-07-02,3.083375,4.333,17,13,71.2,73.6
2017-07-03,1.29175,2.0,5,0,71.7,74.1
2017-07-04,0.8748750000000001,1.667,4,0,71.8,74.2
2017-07-05,0.2915,0.667,2,7,73.0,75.5
2017-07-06,1.41675,3.0,6,16,75.9,78.5
2017-07-07,0.9998750000000001,2.0,4,26,79.5,82.2
2017-07-08,0.49987500000000007,1.0,2,31,86.6,89.5
2017-07-09,3.4582499999999996,5.333,24,43,90.9,94.0
2017-07-10,1.7085,3.667,8,45,95.1,98.2
2017-07-11,1.70825,2.333,6,38,91.1,94.1
2017-07-12,0.8335,1.333,4,61,90.2,93.2
2017-07-13,0.708375,1.333,3,59,92.3,95.3
2017-07-14,0.4165000000000001,0.667,2,52,93.9,97.0
2017-07-15,0.6667500000000001,1.0,3,33,91.6,94.6
2017-07-16,4.333375,6.0,44,21,86.5,89.3
2017-07-17,3.583375,5.667,26,22,85.6,88.4
2017-07-18,1.416625,3.0,6,0,78.2,80.8
2017-07-19,0.666625,1.333,3,0,73.1,75.5
2017-07-20,1.4585000000000001,3.0,6,0,70.2,72.5
2017-07-21,2.583125,3.667,13,0,69.4,71.6
2017-07-22,2.833125,4.333,15,0,69.5,71.8
2017-07-23,2.66675,4.0,12,0,70.6,72.8
2017-07-24,2.375,3.333,10,0,70.1,72.3
2017-07-25,2.2498750000000003,3.0,9,12,69.8,72.0
2017-07-26,1.999875,4.0,10,12,68.6,70.7
2017-07-27,1.25,2.667,5,0,68.3,70.5
2017-07-28,1.66675,2.667,7,11,69.5,71.6
2017-07-29,0.791625,1.333,3,12,69.9,72.1
2017-07-30,0.66675,1.0,3,15,69.5,71.7
2017-07-31,0.541625,1.0,2,0,72.2,74.4
2017-08-01,1.083375,2.333,4,13,73.5,75.7
2017-08-02,1.000125,1.667,4,13,74.4,76.6
2017-08-03,1.875125,3.667,10,13,75.1,77.3
2017-08-04,3.5415,4.333,22,14,74.1,76.3
2017-08-05,2.9585,3.667,15,13,74.1,76.3
2017-08-06,2.5415,4.333,12,13,73.5,75.6
2017-08-07,1.166875,2.0,4,12,72.7,74.8
2017-08-08,1.000125,2.0,4,13,71.1,73.0
2017-08-09,0.8748750000000001,1.333,4,12,71.5,73.4
2017-08-10,1.08325,2.0,4,14,71.0,73.0
2017-08-11,1.666625,3.0,7,12,69.8,71.7
2017-08-12,2.04175,3.333,9,13,70.3,72.2
2017-08-13,1.791625,2.333,6,12,68.2,70.0
2017-08-14,1.08325,2.0,4,13,73.0,74.9
2017-08-15,0.49987500000000007,1.0,2,22,74.2,76.1
2017-08-16,1.374875,2.0,5,33,77.3,79.2
2017-08-17,3.6252500000000003,4.667,24,45,76.7,78.5
2017-08-18,3.2501250000000006,4.667,20,45,80.0,82.0
2017-08-19,4.08325,4.667,29,50,86.8,88.9
2017-08-20,3.2915,5.0,20,60,86.0,88.0
2017-08-21,2.25,3.0,9,63,87.1,89.1
2017-08-22,3.0,4.667,17,63,90.2,92.3
2017-08-23,3.5417500000000004,4.667,23,69,85.1,87.0
2017-08-24,2.0,3.667,10,54,78.8,80.5
2017-08-25,1.04175,1.667,4,53,80.8,82.5
2017-08-26,0.7082499999999999,1.333,3,48,77.5,79.2
2017-08-27,1.916625,3.0,8,38,78.2,79.8
2017-08-28,0.541875,0.667,2,23,81.6,83.2
2017-08-29,1.7915,4.0,8,40,84.3,85.9
2017-08-30,0.791625,2.0,3,51,86.9,88.6
2017-08-31,3.833375,5.333,30,73,91.9,93.6
2017-09-01,3.0,4.0,16,59,93.4,95.1
2017-09-02,3.2502500000000003,4.667,20,56,100.0,101.7
2017-09-03,1.79175,2.667,7,105,120.2,122.2
2017-09-04,2.916875,4.667,16,112,182.5,185.5
2017-09-05,2.416625,4.0,11,119,120.5,122.5
2017-09-06,1.874875,3.333,8,100,132.9,134.9
2017-09-07,3.5836250000000005,7.667,36,97,128.5,130.4
2017-09-08,6.08325,8.333,106,88,116.8,118.5
2017-09-09,0.70825,2.333,3,62,107.2,108.7
2017-09-10,1.0,3.0,4,40,100.2,101.6
2017-09-11,2.5417500000000004,3.333,11,29,79.9,80.9
2017-09-12,2.791625,5.333,17,11,75.5,76.4
2017-09-13,2.333375,5.333,14,23,75.1,76.0
2017-09-14,3.166625,5.333,22,12,74.2,75.1
2017-09-15,4.25,5.667,34,12,72.8,73.6
2017-09-16,3.8748750000000003,5.333,28,13,72.1,72.9
2017-09-17,2.7498749999999994,4.0,14,14,72.2,72.9
2017-09-18,3.4167500000000004,4.333,20,13,72.2,72.9
2017-09-19,1.875,2.667,7,11,70.6,71.3
2017-09-20,2.0,3.333,8,21,73.9,74.5
2017-09-21,1.33325,2.333,5,22,73.0,73.6
2017-09-22,1.2915,2.333,5,21,77.5,78.1
2017-09-23,1.083375,2.333,4,12,81.2,81.7
2017-09-24,1.4585,2.667,6,23,86.9,87.4
2017-09-25,0.9581250000000001,2.333,4,36,89.9,90.4
2017-09-26,0.7498750000000001,2.0,3,39,90.7,91.1
2017-09-27,4.2085,6.333,37,37,91.0,91.3
2017-09-28,4.875125000000001,6.667,51,42,90.9,91.2
2017-09-29,2.5,3.333,11,42,89.7,90.0
2017-09-30,2.8332499999999996,4.0,14,40,89.4,89.6
2017-10-01,2.41675,3.333,11,35,85.7,85.9
2017-10-02,1.2081250000000001,3.333,5,25,86.0,86.1
2017-10-03,1.33325,3.0,6,24,86.4,86.5
2017-10-04,1.1665,2.333,5,27,86.8,86.8
2017-10-05,1.166625,3.333,6,26,84.7,84.7
2017-10-06,1.916625,2.667,8,23,84.1,84.0
2017-10-07,0.7916249999999999,1.667,3,11,79.6,79.5
2017-10-08,0.6248750000000001,1.667,3,11,76.7,76.5
2017-10-09,0.33325000000000005,2.0,1,0,72.3,72.1
2017-10-10,0.4165,2.0,2,0,70.9,70.7
2017-10-11,4.000125000000001,4.667,28,0,69.6,69.3
2017-10-12,3.8748750000000003,5.0,26,0,70.2,69.9
2017-10-13,4.208375,5.667,37,0,69.7,69.4
2017-10-14,4.04175,5.0,30,11,69.0,68.6
2017-10-15,3.5,5.333,25,0,70.3,69.9
2017-10-16,1.958375,3.0,8,0,70.9,70.4
2017-10-17,1.249875,1.667,5,0,70.3,69.8
2017-10-18,1.04175,2.333,4,0,73.2,72.7
2017-10-19,2.625,3.667,12,0,73.4,72.8
2017-10-20,1.708375,3.667,7,0,75.7,75.1
2017-10-21,2.041625,3.0,8,11,76.5,75.7
2017-10-22,1.29175,3.0,6,11,77.3,76.5
2017-10-23,1.04175,2.333,4,23,78.0,77.2
2017-10-24,2.8751249999999997,4.667,18,23,77.5,76.7
2017-10-25,3.291625,4.667,19,23,78.8,77.9
2017-10-26,3.041625,4.333,17,23,77.3,76.4
2017-10-27,1.0415,2.0,4,23,76.0,75.0
2017-10-28,1.25,2.0,5,24,75.4,74.4
2017-10-29,0.5833750000000001,1.667,3,23,75.3,74.3
2017-10-30,0.375,1.0,2,21,75.6,74.5
2017-10-31,0.416625,1.667,2,11,75.4,74.2
2017-11-01,0.583375,1.333,2,0,72.6,71.5
2017-11-02,1.83325,3.0,8,0,73.6,72.4
2017-11-03,1.95825,3.333,8,0,73.2,72.0
2017-11-04,0.791625,1.333,3,0,72.1,70.9
2017-11-05,0.20825000000000002,0.667,1,0,71.1,69.9
2017-11-06,0.125,0.667,1,0,69.4,68.1
2017-11-07,3.8335,6.333,35,0,68.3,67.0
2017-11-08,4.624875,6.333,44,0,67.6,66.4
2017-11-09,3.333375,3.667,18,0,65.8,64.6
2017-11-10,3.41675,4.0,20,0,68.6,67.2
2017-11-11,1.70825,3.0,7,0,67.3,65.9
2017-11-12,1.29175,2.333,5,0,69.4,68.0
2017-11-13,1.4165,2.333,6,0,72.1,70.6
2017-11-14,2.5,3.0,11,13,74.4,72.8
2017-11-15,2.541625,3.333,11,15,74.2,72.6
2017-11-16,2.666625,4.333,14,16,73.2,71.6
2017-11-17,1.125,2.333,4,25,76.4,74.7
2017-11-18,1.6252499999999999,2.0,6,15,76.1,74.3
2017-11-19,1.041625,2.333,4,0,74.4,72.7
2017-11-20,1.2498749999999998,3.667,6,0,73.6,71.8
2017-11-21,3.9167500000000004,5.0,27,0,73.2,71.4
2017-11-22,2.333375,3.0,10,0,73.4,71.6
2017-11-23,2.083375,2.667,8,0,72.4,70.6
2017-11-24,1.874875,3.333,9,0,74.1,72.2
2017-11-25,1.291625,3.333,6,15,74.3,72.4
2017-11-26,0.500125,1.0,2,17,75.5,73.5
2017-11-27,1.166625,2.0,4,16,73.6,71.7
2017-11-28,1.541625,3.333,7,15,71.9,70.0
2017-11-29,1.083375,2.0,4,13,72.6,70.6
2017-11-30,2.208125,4.0,10,11,71.7,69.8
2017-12-01,1.666625,2.667,7,0,70.2,68.3
2017-12-02,0.58325,2.333,3,0,71.5,69.5
2017-12-03,0.16662500000000002,0.667,1,0,69.0,67.0
2017-12-04,1.916625,4.0,10,0,68.4,66.4
2017-12-05,3.958375,5.0,28,0,67.9,66.0
2017-12-06,2.916625,4.0,15,13,68.3,66.3
2017-12-07,2.2915,3.333,10,11,67.9,65.9
2017-12-08,1.25,2.0,5,0,69.9,67.8
2017-12-09,0.75,1.667,3,0,71.1,69.0
2017-12-10,0.5,1.333,2,11,72.0,69.8
2017-12-11,2.2498750000000003,3.333,10,13,72.3,70.1
2017-12-12,2.58325,4.0,12,13,71.4,69.2
2017-12-13,1.458375,2.667,6,0,72.1,69.9
2017-12-14,0.791625,2.667,4,0,72.1,69.8
2017-12-15,0.70825,1.333,3,0,71.7,69.5
2017-12-16,0.625125,2.0,3,0,71.3,69.0
2017-12-17,3.583500000000001,4.667,23,0,71.0,68.8
2017-12-18,2.875,4.333,16,0,71.6,69.4
2017-12-19,1.125,2.333,4,11,68.8,66.6
2017-12-20,1.29175,2.0,5,16,74.2,71.8
2017-12-21,0.458375,1.0,2,19,76.0,73.6
2017-12-22,0.249875,1.0,1,25,75.3,72.9
2017-12-23,1.125125,2.667,5,26,76.2,73.7
2017-12-24,2.458125,3.333,11,29,76.1,73.6
2017-12-25,2.083375,3.0,9,24,75.7,73.2
2017-12-26,2.2501249999999997,3.667,10,16,71.8,69.5
2017-12-27,1.833375,2.667,7,13,71.0,68.6
2017-12-28,1.166625,1.667,4,0,71.1,68.8
2017-12-29,0.875,2.333,4,0,71.5,69.1
2017-12-30,0.70825,1.667,3,0,70.4,68.1
2017-12-31,0.6248750000000001,2.0,3,13,70.7,68.3
2018-01-01,2.2082499999999996,3.667,10,0,69.1,66.8
2018-01-02,1.1251250000000002,2.0,4,0,69.5,67.2
2018-01-03,0.5,1.0,2,0,70.7,68.3
2018-01-04,0.625,1.333,3,13,69.5,67.2
2018-01-05,1.16675,2.0,4,11,69.3,67.0
2018-01-06,0.37487500000000007,1.333,2,11,69.4,67.1
2018-01-07,0.375,1.0,2,12,69.9,67.6
2018-01-08,1.91675,3.667,9,13,70.3,68.0
2018-01-09,2.083375,3.667,9,16,70.8,68.5
2018-01-10,0.83325,1.667,3,20,70.4,68.1
2018-01-11,0.416625,1.0,2,12,70.8,68.5
2018-01-12,0.791625,1.333,3,0,70.9,68.6
2018-01-13,1.45825,3.0,6,0,70.8,68.5
2018-01-14,2.333375,4.667,13,12,70.5,68.2
2018-01-15,2.0001249999999997,3.667,9,13,70.2,67.9
2018-01-16,0.958375,2.0,4,15,71.1,68.8
2018-01-17,0.166625,0.667,1,16,70.9,68.6
2018-01-18,0.208125,0.333,1,12,71.1,68.8
2018-01-19,1.79175,2.667,7,12,70.8,68.5
2018-01-20,1.66675,3.0,7,0,69.6,67.4
2018-01-21,2.04175,3.0,9,0,68.3,66.1
2018-01-22,2.4167500000000004,3.333,11,0,70.1,67.9
2018-01-23,0.9998750000000001,2.0,4,0,70.5,68.3
2018-01-24,1.541625,4.0,9,0,69.9,67.7
2018-01-25,2.20825,3.0,9,0,70.3,68.2
2018-01-26,1.66675,3.0,7,0,69.8,67.7
2018-01-27,1.41675,2.667,6,0,68.8,66.7
2018-01-28,0.833375,1.667,3,0,68.5,66.4
2018-01-29,0.666625,1.0,3,0,68.2,66.2
2018-01-30,0.791625,2.333,3,11,68.9,66.9
2018-01-31,1.416625,2.667,6,12,69.2,67.2
2018-02-01,0.8331250000000001,2.667,4,0,69.0,67.0
2018-02-02,0.708375,2.0,3,0,68.8,66.8
2018-02-03,0.7915000000000001,1.667,3,0,69.2,67.3
2018-02-04,0.70825,2.333,3,11,73.0,71.0
2018-02-05,1.875,3.0,8,13,74.0,72.0
2018-02-06,1.124875,2.333,4,16,76.9,74.8
2018-02-07,0.5,1.667,2,20,76.6,74.6
2018-02-08,0.541625,1.333,2,22,77.5,75.5
2018-02-09,0.916625,2.667,4,25,78.1,76.1
2018-02-10,1.5415,2.333,6,25,78.2,76.2
2018-02-11,0.33325000000000005,0.667,2,28,78.2,76.2
2018-02-12,0.75,1.667,3,25,78.6,76.6
2018-02-13,0.416625,0.667,2,23,75.9,74.1
2018-02-14,0.416625,1.333,2,20,75.3,73.4
2018-02-15,2.083375,4.667,11,16,72.5,70.8
2018-02-16,1.7915,2.333,7,12,71.5,69.8
2018-02-17,2.375,3.667,11,0,69.0,67.4
2018-02-18,2.7082499999999996,4.0,13,0,70.3,68.7
2018-02-19,2.9167500000000004,4.0,16,0,69.1,67.5
2018-02-20,0.7498750000000001,2.667,3,0,67.8,66.3
2018-02-21,0.541625,2.0,2,0,67.6,66.1
2018-02-22,2.16675,3.667,10,0,68.4,67.0
2018-02-23,2.75,4.333,15,0,67.6,66.2
2018-02-24,1.749875,3.333,8,0,68.2,66.8
2018-02-25,0.833375,2.0,3,0,67.2,65.9
2018-02-26,1.583375,3.0,6,16,69.8,68.4
2018-02-27,2.7498749999999994,5.333,18,15,67.9,66.6
2018-02-28,1.541625,2.333,6,12,68.8,67.5
2018-03-01,1.375125,2.667,6,12,67.2,66.0
2018-03-02,0.70825,2.667,4,11,67.8,66.6
2018-03-03,1.375,2.667,5,0,67.8,66.7
2018-03-04,1.375125,2.667,6,0,67.5,66.4
2018-03-05,1.0831250000000001,1.333,4,0,67.6,66.5
2018-03-06,1.041875,2.0,4,0,67.6,66.5
2018-03-07,0.625,2.667,3,0,67.8,66.8
2018-03-08,0.791625,1.667,3,0,66.6,65.6
2018-03-09,2.0,4.333,10,0,67.5,66.6
2018-03-10,2.375,4.0,12,0,67.7,66.8
2018-03-11,1.0415,2.333,4,0,67.8,66.9
2018-03-12,0.416625,1.0,2,0,68.1,67.3
2018-03-13,0.583375,1.0,2,0,68.6,67.7
2018-03-14,1.75,4.0,10,0,67.7,66.9
2018-03-15,2.833375,4.0,15,0,69.0,68.3
2018-03-16,3.25,4.333,18,0,68.6,67.9
2018-03-17,2.666625,4.333,14,14,69.7,69.0
2018-03-18,3.0,6.0,22,14,69.1,68.5
2018-03-19,2.625,4.333,14,0,70.3,69.7
2018-03-20,1.4581250000000001,3.0,7,0,68.8,68.2
2018-03-21,0.916625,2.0,4,0,69.3,68.8
2018-03-22,1.458375,3.0,6,0,68.5,68.0
2018-03-23,2.7917500000000004,4.0,15,0,68.1,67.7
2018-03-24,2.0,2.667,8,0,67.6,67.2
2018-03-25,3.041625,4.0,16,0,68.3,68.0
2018-03-26,2.375,3.0,10,0,67.8,67.5
2018-03-27,1.791625,3.0,8,0,68.3,68.0
2018-03-28,0.33325000000000005,0.667,2,0,68.6,68.3
2018-03-29,0.8335,1.667,3,0,69.0,68.8
2018-03-30,1.083375,2.333,4,12,68.8,68.6
2018-03-31,1.41675,2.667,6,13,69.0,68.9
2018-04-01,1.124875,1.333,4,11,69.0,68.9
2018-04-02,1.166625,1.667,4,0,68.4,68.4
2018-04-03,0.58325,2.0,2,0,67.8,67.8
2018-04-04,1.04175,1.667,4,0,68.5,68.6
2018-04-05,1.833375,3.0,8,0,66.4,66.4
2018-04-06,0.79175,1.667,3,0,67.3,67.4
2018-04-07,0.916625,2.0,4,0,66.8,67.0
2018-04-08,1.166625,2.333,5,0,67.9,68.1
2018-04-09,2.208125,4.333,11,0,68.7,68.9
2018-04-10,3.125,4.0,17,12,68.5,68.8
2018-04-11,2.166625,4.333,12,0,68.3,68.6
2018-04-12,2.0,3.0,8,13,70.0,70.4
2018-04-13,1.91675,3.667,8,16,69.7,70.1
2018-04-14,1.33325,2.0,5,11,69.5,69.9
2018-04-15,1.29175,2.333,5,13,70.6,71.0
2018-04-16,0.45825000000000005,1.0,2,12,69.2,69.7
2018-04-17,0.5835,1.0,3,11,69.3,69.8
2018-04-18,1.2918749999999999,2.0,5,0,70.8,71.4
2018-04-19,0.333375,1.0,2,13,70.8,71.4
2018-04-20,4.624874999999999,6.0,43,16,73.0,73.7
2018-04-21,2.541625,3.333,12,27,76.8,77.5
2018-04-22,1.208375,1.667,5,22,75.7,76.5
2018-04-23,1.41675,3.0,6,23,73.9,74.7
2018-04-24,0.9582499999999999,2.0,4,21,72.9,73.7
2018-04-25,0.916625,2.0,4,18,70.8,71.6
2018-04-26,0.91675,1.667,4,15,69.4,70.3
2018-04-27,1.208375,2.667,5,14,68.7,69.6
2018-04-28,0.7083750000000001,1.667,3,0,70.2,71.1
2018-04-29,0.70825,1.333,3,0,71.1,72.2
2018-04-30,1.25,2.333,5,0,70.2,71.3
2018-05-01,0.4165,1.0,2,0,68.4,69.5
2018-05-02,0.958375,2.0,4,0,67.1,68.1
2018-05-03,0.6248750000000001,1.333,3,0,66.5,67.6
2018-05-04,0.875,1.333,4,13,67.8,68.9
2018-05-05,2.8751249999999997,5.667,23,14,67.6,68.7
2018-05-06,3.7082499999999996,5.667,26,15,67.2,68.4
2018-05-07,3.041625,4.0,16,14,69.6,70.9
2018-05-08,2.8335,3.667,14,20,69.6,70.9
2018-05-09,2.791625,4.0,14,23,69.6,70.9
2018-05-10,2.4167500000000004,3.333,11,11,69.6,71.0
2018-05-11,2.833375,3.667,14,11,70.3,71.7
2018-05-12,1.750125,3.667,8,13,69.8,71.2
2018-05-13,1.916625,2.333,7,12,70.9,72.4
2018-05-14,0.9584999999999999,2.0,4,0,70.3,71.8
2018-05-15,0.625,1.333,3,0,70.3,71.9
2018-05-16,0.6665000000000001,1.333,3,0,69.9,71.5
2018-05-17,2.29175,3.0,10,0,69.0,70.5
2018-05-18,1.041625,1.667,4,0,69.4,71.1
2018-05-19,0.416625,1.0,2,0,70.3,71.9
2018-05-20,0.49987500000000007,1.0,2,0,68.8,70.4
2018-05-21,0.375,1.0,2,12,69.6,71.3
2018-05-22,1.166625,2.0,4,13,70.8,72.6
2018-05-23,1.874875,3.333,8,27,73.1,75.0
2018-05-24,0.666625,1.333,3,33,73.7,75.6
2018-05-25,0.5830000000000001,1.333,3,30,75.7,77.7
2018-05-26,0.58325,1.333,3,27,72.9,74.9
2018-05-27,0.791625,1.333,3,33,74.6,76.6
2018-05-28,0.916625,1.667,4,20,76.9,78.9
2018-05-29,0.791875,1.667,3,23,74.9,77.0
2018-05-30,0.833375,1.667,4,21,75.3,77.3
2018-05-31,2.166625,4.333,12,22,76.8,78.9
2018-06-01,3.5833749999999993,4.667,23,22,74.8,76.9
2018-06-02,3.0001249999999997,4.0,16,21,74.4,76.5
2018-06-03,2.00025,2.667,8,13,73.6,75.7
2018-06-04,1.08325,1.333,4,0,70.5,72.6
2018-06-05,1.3335,1.667,5,0,71.3,73.4
2018-06-06,1.375,3.667,6,11,71.1,73.2
2018-06-07,1.208375,2.667,5,10,69.3,71.3
2018-06-08,0.916625,2.0,4,0,68.2,70.2
2018-06-09,0.75,1.333,3,0,66.8,68.8
2018-06-10,0.458375,1.0,2,0,70.2,72.4
2018-06-11,0.708125,1.333,3,0,69.9,72.0
2018-06-12,0.75,1.667,3,11,70.3,72.5
2018-06-13,0.8748750000000001,2.0,4,15,70.8,73.0
2018-06-14,1.124875,1.333,4,15,72.4,74.7
2018-06-15,0.583375,1.0,3,14,70.6,72.8
2018-06-16,0.33325,0.667,2,14,70.5,72.7
2018-06-17,0.91675,1.667,4,14,72.3,74.6
2018-06-18,2.9998749999999994,4.0,16,29,73.7,76.1
2018-06-19,1.333375,2.333,5,33,76.6,79.0
2018-06-20,1.208375,2.333,5,56,82.1,84.7
2018-06-21,0.5833750000000001,1.0,3,48,81.5,84.2
2018-06-22,0.7498750000000001,1.333,3,41,80.3,83.0
2018-06-23,3.166625,4.0,18,37,77.1,79.7
2018-06-24,1.66675,2.667,6,19,74.5,77.0
2018-06-25,2.0835,5.0,12,16,72.8,75.2
2018-06-26,3.3335,4.667,20,14,71.1,73.4
2018-06-27,1.6665,2.667,6,14,70.0,72.4
2018-06-28,1.208375,1.667,5,0,69.5,71.9
2018-06-29,0.708375,1.333,3,0,68.6,70.9
2018-06-30,0.791625,1.0,3,0,68.8,71.1
2018-07-01,0.333125,0.667,2,0,68.1,70.4
2018-07-02,0.37487500000000007,1.0,2,0,66.6,68.8
2018-07-03,0.6251249999999999,1.667,2,0,68.2,70.5
2018-07-04,0.8751249999999999,1.333,4,0,67.9,70.2
2018-07-05,2.75,4.667,17,0,68.1,70.4
2018-07-06,1.66675,3.667,7,0,70.5,72.9
2018-07-07,1.29175,2.0,5,0,72.0,74.4
2018-07-08,0.833375,1.333,4,0,71.6,74.0
2018-07-09,0.333125,0.667,2,0,72.9,75.4
2018-07-10,1.624875,2.333,6,0,72.1,74.5
2018-07-11,1.874875,2.667,7,0,73.3,75.8
2018-07-12,1.70825,2.667,7,0,72.1,74.6
2018-07-13,1.29175,2.667,5,13,72.5,74.9
2018-07-14,0.875,1.667,4,12,72.3,74.7
2018-07-15,0.5831250000000001,1.333,3,12,71.7,74.1
2018-07-16,1.8335,2.667,7,0,71.9,74.3
2018-07-17,1.458375,3.0,7,0,71.2,73.5
2018-07-18,0.625,1.0,3,0,71.2,73.6
2018-07-19,0.79175,1.0,3,0,70.5,72.8
2018-07-20,1.54175,2.0,6,0,70.5,72.7
2018-07-21,2.3335000000000004,3.333,10,12,70.0,72.2
2018-07-22,1.124875,1.333,4,0,68.2,70.4
2018-07-23,0.6667500000000001,1.0,3,0,67.0,69.1
2018-07-24,3.125,4.0,17,0,66.9,69.0
2018-07-25,1.7915,3.333,8,0,65.8,67.9
2018-07-26,0.7501249999999999,1.333,3,0,66.2,68.3
2018-07-27,0.625,1.667,3,0,66.6,68.6
2018-07-28,1.166625,2.0,4,0,67.9,70.0
2018-07-29,0.958375,1.333,4,0,68.0,70.0
2018-07-30,1.0,2.0,4,0,68.3,70.4
2018-07-31,1.0415,2.333,4,0,68.9,71.0
2018-08-01,1.375,2.333,5,12,70.2,72.3
2018-08-02,1.166625,2.667,5,11,69.9,72.0
2018-08-03,1.291625,2.667,5,0,70.2,72.3
2018-08-04,1.08325,2.0,4,0,70.4,72.5
2018-08-05,0.958375,2.0,4,0,69.2,71.2
2018-08-06,0.5835,1.0,3,0,69.1,71.1
2018-08-07,2.208375,3.0,9,0,69.5,71.5
2018-08-08,1.125,1.667,4,0,69.6,71.6
2018-08-09,0.875,1.333,4,0,70.3,72.2
2018-08-10,0.791625,1.333,3,0,69.5,71.4
2018-08-11,2.16675,3.667,10,0,67.4,69.3
2018-08-12,1.291875,2.0,5,0,68.1,69.9
2018-08-13,0.83325,1.333,4,0,67.8,69.6
2018-08-14,0.75,1.333,3,12,68.7,70.5
2018-08-15,2.583375,4.0,13,13,68.8,70.6
2018-08-16,2.291625,3.667,10,13,68.3,70.0
2018-08-17,2.4165,4.0,12,12,67.3,69.0
2018-08-18,2.1666250000000002,3.333,9,11,67.2,68.9
2018-08-19,1.874875,2.667,7,14,66.8,68.4
2018-08-20,2.833375,4.0,14,16,68.0,69.6
2018-08-21,1.7915,2.667,7,16,67.8,69.4
2018-08-22,1.249875,2.333,5,12,66.9,68.4
2018-08-23,0.8334999999999999,1.667,4,15,69.5,71.1
2018-08-24,1.041625,2.667,4,29,72.4,74.0
2018-08-25,2.29175,4.333,12,32,71.6,73.1
2018-08-26,5.29175,7.333,67,28,71.1,72.6
2018-08-27,3.3751249999999997,5.667,25,13,69.6,71.0
2018-08-28,1.7918749999999999,3.667,8,11,69.8,71.2
2018-08-29,1.416625,2.333,5,0,70.5,71.8
2018-08-30,0.791625,1.667,3,0,68.3,69.6
2018-08-31,1.04175,2.333,4,0,67.5,68.8
2018-09-01,0.916625,2.0,4,0,68.3,69.5
2018-09-02,1.1665,2.0,4,0,67.7,68.9
2018-09-03,0.9165000000000001,1.333,4,0,68.1,69.3
2018-09-04,1.9168749999999999,3.0,8,0,67.5,68.6
2018-09-05,2.16675,3.333,10,0,67.5,68.6
2018-09-06,1.166625,2.0,4,0,67.4,68.4
2018-09-07,1.125,2.333,4,0,67.5,68.6
2018-09-08,0.875,2.333,4,16,68.7,69.7
2018-09-09,1.54175,2.667,6,14,68.4,69.4
2018-09-10,2.58325,5.0,20,12,69.0,69.9
2018-09-11,4.0417499999999995,6.0,35,16,69.4,70.3
2018-09-12,2.083375,4.0,9,14,69.7,70.6
2018-09-13,3.125,4.0,17,0,69.6,70.5
2018-09-14,2.75,4.333,14,0,69.0,69.8
2018-09-15,1.79175,2.667,7,0,68.5,69.2
2018-09-16,1.291625,2.333,5,0,69.1,69.8
2018-09-17,2.4585,3.333,11,13,67.8,68.5
2018-09-18,1.41675,2.333,5,0,68.1,68.8
2018-09-19,0.7498750000000001,2.333,3,0,67.9,68.5
2018-09-20,0.20825,0.667,1,0,66.6,67.2
2018-09-21,1.166625,4.333,7,0,66.9,67.4
2018-09-22,3.9167500000000004,4.667,27,0,67.9,68.4
2018-09-23,2.3332499999999996,3.333,10,0,68.4,68.9
2018-09-24,1.583375,2.333,6,0,68.6,69.0
2018-09-25,2.29175,3.0,10,0,67.6,68.0
2018-09-26,1.708375,2.667,7,0,69.0,69.3
2018-09-27,1.458375,2.333,6,0,67.1,67.4
2018-09-28,1.54175,3.0,7,0,69.1,69.4
2018-09-29,2.166625,3.333,9,0,68.7,68.9
2018-09-30,1.166625,2.333,5,15,68.3,68.5
2018-10-01,1.83325,3.667,8,17,70.1,70.3
2018-10-02,1.583375,3.667,7,14,67.0,67.1
2018-10-03,1.1251250000000002,2.333,4,12,68.4,68.4
2018-10-04,0.9165,1.667,4,11,67.2,67.2
2018-10-05,2.0001249999999997,3.0,8,0,68.7,68.7
2018-10-06,0.875,3.0,4,0,68.6,68.6
2018-10-07,2.916625,5.333,24,0,69.5,69.4
2018-10-08,3.208375,4.333,19,0,68.8,68.7
2018-10-09,3.0835,3.667,16,0,69.5,69.3
2018-10-10,2.708375,4.667,15,0,69.8,69.6
2018-10-11,2.1667499999999995,3.0,9,5,70.9,70.6
2018-10-12,1.291625,1.667,5,13,71.6,71.3
2018-10-13,2.2915,4.333,13,26,72.4,72.1
2018-10-14,1.375,2.0,5,23,71.5,71.1
2018-10-15,2.291875,3.0,10,17,70.0,69.6
2018-10-16,1.2085,2.0,5,0,69.7,69.3
2018-10-17,0.5,1.667,2,11,70.0,69.6
2018-10-18,0.08325,0.333,0,0,69.5,69.0
2018-10-19,0.29150000000000004,0.667,2,0,69.6,69.0
2018-10-20,0.12487500000000001,0.333,1,0,70.4,69.8
2018-10-21,1.041625,2.0,4,4,71.0,70.4
2018-10-22,1.2918749999999999,2.667,5,0,70.9,70.2
2018-10-23,0.58325,1.0,3,0,71.6,70.9
2018-10-24,0.708125,1.333,3,0,69.7,68.9
2018-10-25,1.416625,2.0,5,0,69.4,68.6
2018-10-26,1.541625,2.333,6,0,69.2,68.3
2018-10-27,0.7083750000000001,1.667,3,0,69.3,68.5
2018-10-28,0.66675,1.333,3,0,68.3,67.4
2018-10-29,0.1665,0.333,1,0,68.8,67.9
2018-10-30,0.833375,2.0,3,0,67.1,66.1
2018-10-31,0.875,1.667,3,0,68.1,67.1
2018-11-01,1.166625,2.0,4,0,66.8,65.8
2018-11-02,0.916625,2.667,4,0,67.6,66.5
2018-11-03,0.8331250000000001,2.0,3,0,67.4,66.3
2018-11-04,2.0835,5.333,16,0,66.6,65.5
2018-11-05,4.041625,5.667,32,0,68.3,67.2
2018-11-06,1.625,3.667,7,0,68.8,67.6
2018-11-07,2.08325,3.333,9,0,68.7,67.5
2018-11-08,2.166625,4.0,11,5,69.5,68.2
2018-11-09,2.041625,4.0,11,11,68.9,67.6
2018-11-10,2.541625,4.333,13,3,69.0,67.6
2018-11-11,1.708375,3.0,7,0,69.3,68.0
2018-11-12,2.166625,3.333,9,15,68.2,66.8
2018-11-13,0.666625,2.0,3,11,67.0,65.6
2018-11-14,0.666625,1.333,3,11,67.9,66.5
2018-11-15,0.25,0.667,1,13,68.4,66.9
2018-11-16,0.166625,1.0,1,15,71.1,69.5
2018-11-17,0.166625,0.667,1,15,73.3,71.7
2018-11-18,0.5,1.0,2,14,72.3,70.6
2018-11-19,1.08325,1.667,4,12,71.1,69.5
2018-11-20,1.208375,3.0,6,0,70.5,68.8
2018-11-21,1.0,2.667,4,0,68.8,67.1
2018-11-22,0.37487500000000007,1.0,2,0,69.2,67.5
2018-11-23,0.4583750000000001,1.0,2,0,69.2,67.5
2018-11-24,0.666625,1.667,3,9,70.0,68.2
2018-11-25,0.5835,1.0,3,11,69.6,67.8
2018-11-26,0.333375,0.667,2,3,68.6,66.8
2018-11-27,1.29175,2.333,5,0,68.4,66.6
2018-11-28,0.458375,1.0,2,0,67.5,65.7
2018-11-29,0.49987500000000007,2.0,2,0,67.8,66.0
2018-11-30,0.37487499999999996,1.333,2,0,67.9,66.1
2018-12-01,1.41675,3.0,6,0,69.4,67.4
2018-12-02,2.3751249999999997,3.667,11,0,69.0,67.0
2018-12-03,2.041625,3.0,8,0,68.4,66.4
2018-12-04,1.875,3.0,8,0,68.7,66.8
2018-12-05,1.125,2.0,4,17,70.9,68.8
2018-12-06,1.2085,2.0,5,21,69.7,67.7
2018-12-07,2.2498750000000003,3.333,9,18,70.1,68.1
2018-12-08,2.375,3.333,10,5,70.5,68.4
2018-12-09,1.916625,3.667,9,0,71.6,69.5
2018-12-10,2.2082499999999996,3.0,10,0,71.0,68.8
2018-12-11,1.833375,2.667,8,13,71.0,68.9
2018-12-12,0.9586249999999998,2.0,4,0,70.8,68.6
2018-12-13,0.291625,1.0,1,0,70.2,68.0
2018-12-14,0.291625,0.667,2,11,70.8,68.6
2018-12-15,0.208125,0.333,1,12,71.2,68.9
2018-12-16,0.37487500000000007,0.667,2,0,69.8,67.6
2018-12-17,1.25,2.333,5,0,70.1,67.9
2018-12-18,1.5835,2.667,6,0,70.4,68.1
2018-12-19,1.375,2.0,5,0,70.2,68.0
2018-12-20,2.3335,3.0,11,0,69.8,67.6
2018-12-21,1.083375,2.0,4,0,71.1,68.8
2018-12-22,0.375,1.0,2,0,71.0,68.7
2018-12-23,0.2915,0.667,2,0,70.2,68.0
2018-12-24,0.500125,1.333,2,0,69.5,67.2
2018-12-25,0.7917500000000001,1.667,3,0,69.6,67.3
2018-12-26,0.33325000000000005,1.0,2,0,68.7,66.5
2018-12-27,0.791625,2.333,3,0,68.5,66.2
2018-12-28,3.5832499999999996,4.333,22,0,69.3,67.0
2018-12-29,2.25,3.0,9,0,69.0,66.7
2018-12-30,2.25,3.0,9,0,69.4,67.1
2018-12-31,1.625,3.0,7,0,69.3,67.0
2019-01-01,1.208375,2.667,5,12,71.9,69.5
2019-01-02,0.08325,0.333,0,15,75.2,72.7
2019-01-03,0.24987499999999999,1.0,1,15,72.6,70.2
2019-01-04,1.916625,3.333,9,13,71.5,69.1
2019-01-05,2.83325,5.0,16,11,71.1,68.8
2019-01-06,2.2501249999999997,3.0,9,0,72.0,69.6
2019-01-07,1.5,2.333,6,0,71.5,69.1
2019-01-08,1.4165,2.333,6,0,71.3,69.0
2019-01-09,0.958375,1.667,4,0,71.5,69.2
2019-01-10,0.75,1.333,3,0,70.1,67.8
2019-01-11,1.3747500000000001,3.333,6,0,68.1,65.9
2019-01-12,0.416625,1.0,2,0,69.6,67.3
2019-01-13,0.54175,1.0,2,0,68.9,66.6
2019-01-14,1.7085,2.667,6,0,70.0,67.8
2019-01-15,1.16675,2.667,5,0,69.5,67.3
2019-01-16,1.25,2.667,5,0,69.7,67.5
2019-01-17,1.66675,2.667,6,0,68.6,66.4
2019-01-18,1.29175,2.0,5,0,68.8,66.6
2019-01-19,0.91675,2.667,4,0,69.7,67.4
2019-01-20,0.7918749999999999,1.667,3,0,69.2,67.0
2019-01-21,0.7082499999999999,1.667,3,10,69.9,67.7
2019-01-22,0.666625,2.0,3,16,70.7,68.5
2019-01-23,2.666625,4.0,12,19,71.5,69.3
2019-01-24,3.0,4.333,17,21,72.4,70.2
2019-01-25,2.625,3.333,12,22,75.0,72.7
2019-01-26,1.5835,3.0,7,26,76.6,74.3
2019-01-27,0.9998750000000001,2.0,4,19,75.1,72.8
2019-01-28,0.20825,0.667,1,16,75.8,73.5
2019-01-29,0.375,1.667,2,13,73.1,70.9
2019-01-30,0.25,1.0,1,11,73.5,71.4
2019-01-31,2.20825,5.333,14,0,72.1,70.0
2019-02-01,2.9998750000000003,3.667,15,0,72.1,70.0
2019-02-02,3.041625,4.0,16,0,70.9,68.8
2019-02-03,2.2498750000000003,3.333,10,0,71.1,69.1
2019-02-04,1.25,3.0,5,0,70.7,68.7
2019-02-05,0.9998750000000001,3.0,5,0,70.6,68.7
2019-02-06,2.041625,2.667,8,0,69.8,67.9
2019-02-07,1.0,2.0,4,0,70.2,68.3
2019-02-08,1.833375,3.667,8,0,70.0,68.1
2019-02-09,2.125,3.0,9,0,70.3,68.4
2019-02-10,1.20825,2.667,5,0,70.0,68.1
2019-02-11,1.875,3.0,8,0,69.9,68.0
2019-02-12,1.124875,2.333,4,0,70.2,68.4
2019-02-13,2.5835,3.667,13,12,70.4,68.6
2019-02-14,2.0416250000000002,3.333,9,0,71.4,69.7
2019-02-15,0.75,2.333,3,0,70.9,69.2
2019-02-16,0.75,2.0,3,0,70.7,69.0
2019-02-17,0.70825,2.333,3,0,70.1,68.4
2019-02-18,1.3331250000000001,3.0,6,0,69.9,68.3
2019-02-19,0.49987500000000007,1.0,2,0,70.2,68.6
2019-02-20,0.624875,1.667,3,0,71.0,69.4
2019-02-21,2.291875,3.667,10,11,70.8,69.2
2019-02-22,0.791625,2.0,3,0,71.2,69.7
2019-02-23,0.33325,1.0,2,0,70.7,69.2
2019-02-24,0.29175,1.0,1,0,70.5,69.0
2019-02-25,0.25,0.667,1,0,70.4,68.9
2019-02-26,0.41674999999999995,1.0,2,0,70.6,69.2
2019-02-27,2.0,4.0,11,0,70.7,69.4
2019-02-28,3.5832500000000005,4.667,23,0,70.1,68.8
2019-03-01,3.6667500000000004,4.333,23,0,69.9,68.7
2019-03-02,2.625,4.0,13,0,69.4,68.2
2019-03-03,1.375125,2.667,6,0,69.5,68.3
2019-03-04,1.5415,2.333,6,0,70.9,69.7
2019-03-05,1.083375,2.333,4,14,72.0,70.8
2019-03-06,1.66675,3.0,7,18,72.5,71.3
2019-03-07,1.416625,2.667,6,16,70.9,69.9
2019-03-08,1.04175,2.667,4,11,71.8,70.7
2019-03-09,1.08325,2.333,4,11,70.7,69.7
2019-03-10,0.7915000000000001,2.333,3,11,71.1,70.1
2019-03-11,0.458375,1.333,2,11,70.4,69.5
2019-03-12,1.541625,2.667,6,11,70.7,69.8
2019-03-13,0.83325,1.667,4,0,70.8,70.0
2019-03-14,1.583375,3.0,7,12,70.1,69.3
2019-03-15,1.625125,2.667,7,0,69.6,68.9
2019-03-16,2.333375,4.667,12,0,69.5,68.8
2019-03-17,2.500125,4.667,15,0,69.3,68.6
2019-03-18,0.458375,0.667,2,13,70.0,69.3
2019-03-19,1.5835000000000001,2.667,6,15,69.7,69.1
2019-03-20,1.250125,1.667,5,32,76.8,76.2
2019-03-21,0.2915,1.0,2,38,80.1,79.4
2019-03-22,0.166625,0.667,1,30,82.4,81.8
2019-03-23,0.166625,1.0,1,22,79.4,78.9
2019-03-24,0.291625,2.0,1,14,75.4,75.0
2019-03-25,1.124875,2.333,4,0,71.2,70.8
2019-03-26,1.0415,2.333,4,0,69.0,68.7
2019-03-27,1.6668749999999999,2.667,6,0,68.9,68.6
2019-03-28,2.166625,3.0,9,0,68.4,68.1
2019-03-29,1.75,2.0,6,0,68.8,68.6
2019-03-30,0.7081250000000001,2.0,3,0,69.4,69.2
2019-03-31,2.04175,3.667,9,13,69.5,69.4
2019-04-01,1.66675,2.667,6,14,69.3,69.2
2019-04-02,1.208375,3.333,6,17,70.8,70.8
2019-04-03,2.333375,3.333,10,19,70.6,70.6
2019-04-04,2.208375,3.667,10,11,70.3,70.3
2019-04-05,2.6251249999999997,3.333,12,5,71.7,71.8
2019-04-06,1.666625,3.0,7,0,73.6,73.7
2019-04-07,1.125,2.0,4,11,76.5,76.6
2019-04-08,2.541625,3.333,11,12,78.6,78.8
2019-04-09,2.20825,3.333,9,12,79.0,79.3
2019-04-10,2.625,4.0,14,13,78.1,78.4
2019-04-11,1.625125,2.667,6,12,78.5,78.9
2019-04-12,1.79175,3.0,7,13,77.3,77.7
2019-04-13,1.625,3.0,7,16,77.9,78.3
2019-04-14,0.9167500000000001,1.667,4,14,75.4,75.9
2019-04-15,1.7081250000000001,2.333,6,12,75.4,75.9
2019-04-16,1.416625,2.333,5,11,74.2,74.7
2019-04-17,0.6667500000000001,1.667,3,16,76.1,76.7
2019-04-18,0.37512500000000004,1.0,2,24,74.6,75.2
2019-04-19,0.999875,1.667,4,24,72.7,73.3
2019-04-20,0.8335,1.333,4,11,69.9,70.6
2019-04-21,0.708375,1.667,3,5,69.3,69.9
2019-04-22,0.6248750000000001,1.333,3,0,69.4,70.2
2019-04-23,1.499875,3.333,7,0,68.8,69.6
2019-04-24,1.541625,3.0,6,0,69.3,70.1
2019-04-25,1.16675,1.667,4,0,67.5,68.4
2019-04-26,0.833375,1.667,3,0,67.2,68.0
2019-04-27,1.416625,2.0,5,0,66.9,67.8
2019-04-28,1.041625,2.0,4,0,67.9,68.8
2019-04-29,1.083375,2.0,4,0,66.9,67.9
2019-04-30,1.04175,1.667,4,0,68.5,69.5
2019-05-01,2.125,4.0,11,0,67.6,68.7
2019-05-02,2.4165,3.333,11,0,69.2,70.3
2019-05-03,1.79175,2.667,7,0,69.8,70.9
2019-05-04,2.04175,2.667,8,12,72.3,73.5
2019-05-05,0.666625,1.333,3,12,73.5,74.7
2019-05-06,1.08325,1.667,4,16,76.0,77.3
2019-05-07,1.125,2.0,4,26,78.7,80.1
2019-05-08,0.33325,1.0,2,25,75.3,76.8
2019-05-09,1.5415,2.333,6,26,76.2,77.7
2019-05-10,1.625125,3.0,7,26,76.3,77.8
2019-05-11,3.666625,5.0,24,27,78.0,79.5
2019-05-12,0.916625,1.667,4,26,76.0,77.6
2019-05-13,1.375125,2.667,6,24,74.7,76.2
2019-05-14,3.666625,6.333,32,24,74.4,76.0
2019-05-15,1.2917500000000002,2.333,5,18,74.0,75.6
2019-05-16,1.625,3.0,7,13,73.6,75.3
2019-05-17,0.95825,2.333,4,13,72.1,73.8
2019-05-18,0.8750000000000001,2.0,4,12,70.6,72.2
2019-05-19,0.541625,1.667,2,0,68.0,69.6
2019-05-20,1.166625,3.333,5,0,68.7,70.4
2019-05-21,0.666625,1.667,3,0,68.0,69.7
2019-05-22,0.916625,1.667,4,0,67.3,69.0
2019-05-23,1.08325,1.667,4,0,66.5,68.2
2019-05-24,1.041625,1.667,4,0,66.4,68.1
2019-05-25,0.708125,1.667,3,0,67.0,68.7
2019-05-26,0.791625,3.0,4,0,68.0,69.8
2019-05-27,1.9165,3.333,8,0,67.5,69.3
2019-05-28,1.625,3.0,7,0,68.1,70.0
2019-05-29,2.7082500000000005,3.667,13,7,68.2,70.1
2019-05-30,1.874875,3.0,7,0,68.7,70.6
2019-05-31,0.83325,1.667,4,0,68.7,70.6
2019-06-01,0.583375,1.0,3,0,69.7,71.7
2019-06-02,0.6247500000000001,2.0,3,0,69.9,71.9
2019-06-03,0.749875,1.333,3,0,69.8,71.8
2019-06-04,1.6664999999999999,2.333,6,0,70.0,72.1
2019-06-05,0.833375,2.333,4,0,69.8,71.8
2019-06-06,0.3750000000000001,0.667,2,0,68.9,70.9
2019-06-07,0.83325,1.333,4,0,68.9,71.0
2019-06-08,2.6251250000000006,5.333,20,0,68.4,70.5
2019-06-09,1.416625,3.0,6,0,68.4,70.5
2019-06-10,0.458375,0.667,2,0,68.9,71.0
2019-06-11,0.4165000000000001,0.667,2,0,69.7,71.9
2019-06-12,0.666625,1.333,3,0,69.5,71.6
2019-06-13,2.0,4.0,9,0,67.5,69.6
2019-06-14,1.500125,2.333,6,0,68.0,70.1
2019-06-15,0.7499999999999999,1.333,3,0,66.7,68.8
2019-06-16,0.833375,1.333,4,0,65.9,68.0
2019-06-17,0.416625,1.0,2,0,66.3,68.5
2019-06-18,0.624875,1.333,3,0,67.0,69.2
2019-06-19,0.66675,1.0,3,0,68.0,70.2
2019-06-20,1.541625,2.333,6,0,67.7,69.9
2019-06-21,1.374875,2.333,5,0,66.5,68.6
2019-06-22,0.791625,1.667,3,0,66.4,68.6
2019-06-23,0.45825000000000005,1.333,2,0,67.2,69.5
2019-06-24,1.0835,1.667,4,11,67.9,70.2
2019-06-25,0.666625,1.333,3,12,67.9,70.2
2019-06-26,1.25,1.667,5,7,68.0,70.3
2019-06-27,0.75,1.333,3,0,67.0,69.3
2019-06-28,0.833375,2.0,4,0,68.1,70.4
2019-06-29,0.583375,1.0,3,5,67.6,69.9
2019-06-30,0.8331250000000001,2.333,4,0,67.4,69.7
2019-07-01,1.9165,3.0,8,5,68.2,70.5
2019-07-02,1.166625,2.0,4,0,67.3,69.5
2019-07-03,0.833125,1.333,3,0,66.9,69.1
2019-07-04,1.083125,2.333,4,0,67.6,69.9
2019-07-05,0.91675,1.667,4,0,66.8,69.0
2019-07-06,0.625,1.0,3,0,66.5,68.8
2019-07-07,1.0,1.667,4,9,67.3,69.6
2019-07-08,1.541625,3.667,8,5,66.5,68.7
2019-07-09,2.708375,5.0,15,0,67.5,69.7
2019-07-10,2.625,4.667,15,0,67.8,70.1
2019-07-11,1.41675,3.0,6,0,67.1,69.4
2019-07-12,1.16675,2.0,4,0,66.8,69.0
2019-07-13,1.375,2.333,5,0,66.0,68.2
2019-07-14,1.16675,2.333,5,0,67.2,69.4
2019-07-15,1.625,2.667,6,0,67.1,69.3
2019-07-16,1.166625,1.667,4,0,67.2,69.5
2019-07-17,1.33325,2.333,5,0,67.8,70.0
2019-07-18,0.666625,1.333,3,0,67.0,69.2
2019-07-19,0.66675,1.0,3,0,66.7,68.9
2019-07-20,0.375,0.667,2,0,67.0,69.1
2019-07-21,1.625125,3.667,8,0,67.7,69.8
2019-07-22,1.83325,2.333,7,8,67.3,69.5
2019-07-23,1.4168749999999999,2.0,5,0,67.4,69.6
2019-07-24,0.95825,1.333,4,0,67.8,70.0
2019-07-25,0.416625,1.0,2,0,68.2,70.3
2019-07-26,0.24975,0.333,2,0,67.6,69.8
2019-07-27,0.958125,2.333,4,0,66.7,68.7
2019-07-28,1.0,1.667,4,0,67.1,69.2
2019-07-29,0.9998750000000001,1.667,4,0,66.1,68.2
2019-07-30,1.666625,3.333,8,0,66.2,68.3
2019-07-31,1.708375,2.667,7,0,66.9,68.9
2019-08-01,1.5835,3.333,7,0,66.8,68.8
2019-08-02,0.708375,1.0,3,0,66.9,68.9
2019-08-03,0.333125,0.667,2,0,65.7,67.7
2019-08-04,0.70825,1.667,3,0,66.9,68.8
2019-08-05,3.958375,5.333,34,8,68.1,70.1
2019-08-06,2.29175,3.0,10,0,68.1,70.1
2019-08-07,1.416625,2.333,5,7,68.0,69.9
2019-08-08,1.458375,2.667,6,0,68.6,70.6
2019-08-09,1.41675,2.667,6,0,67.2,69.1
2019-08-10,1.625125,2.667,6,0,67.2,69.1
2019-08-11,1.291625,2.333,5,0,67.6,69.5
2019-08-12,1.166625,1.667,4,0,67.2,69.0
2019-08-13,1.583375,2.0,6,0,66.8,68.6
2019-08-14,0.83325,1.333,4,0,67.4,69.1
2019-08-15,0.750125,1.333,3,0,67.6,69.4
2019-08-16,1.0,2.0,4,0,67.5,69.2
2019-08-17,0.916625,2.0,4,0,68.0,69.7
2019-08-18,1.29175,2.667,5,0,67.5,69.2
2019-08-19,0.66675,1.0,3,0,67.7,69.3
2019-08-20,1.000125,1.667,4,0,67.3,68.9
2019-08-21,0.8748750000000001,1.333,4,0,66.8,68.4
2019-08-22,1.25,2.333,5,0,65.7,67.3
2019-08-23,0.833375,1.667,4,0,66.5,68.0
2019-08-24,0.8748750000000001,2.0,4,0,66.3,67.8
2019-08-25,0.70825,1.667,3,0,66.0,67.4
2019-08-26,1.2915,2.333,5,0,65.8,67.2
2019-08-27,2.333375,3.0,10,0,66.1,67.5
2019-08-28,1.04175,2.0,4,0,65.9,67.2
2019-08-29,0.666875,1.667,3,0,65.9,67.2
2019-08-30,1.958375,3.333,9,0,66.5,67.8
2019-08-31,4.5,5.667,38,0,66.4,67.7
2019-09-01,4.833375,5.333,44,14,67.1,68.3
2019-09-02,3.4167499999999995,5.0,22,14,68.8,70.0
2019-09-03,2.04175,3.0,8,5,68.6,69.8
2019-09-04,2.458375,3.0,10,0,68.6,69.8
2019-09-05,2.541625,4.0,12,0,68.3,69.4
2019-09-06,1.625125,3.333,7,0,68.9,70.0
2019-09-07,1.5415,2.333,6,0,73.9,75.0
2019-09-08,2.083375,2.667,8,0,67.5,68.5
2019-09-09,2.7498750000000003,3.333,13,0,68.8,69.8
2019-09-10,0.95825,2.0,4,0,70.0,70.9
2019-09-11,1.04175,2.0,4,0,68.1,69.0
2019-09-12,1.375,2.0,5,0,69.4,70.3
2019-09-13,1.750125,2.667,7,0,68.3,69.1
2019-09-14,1.3335,2.0,5,0,68.6,69.4
2019-09-15,1.875,3.0,8,0,67.7,68.4
2019-09-16,2.083375,4.0,10,0,68.7,69.4
2019-09-17,1.625,3.667,8,0,67.5,68.2
2019-09-18,1.875,3.0,8,0,66.3,66.9
2019-09-19,0.666625,1.333,3,0,67.1,67.7
2019-09-20,0.541625,1.0,3,0,67.2,67.7
2019-09-21,1.6665,2.333,6,0,67.7,68.2
2019-09-22,0.7498750000000001,2.333,3,0,68.3,68.8
2019-09-23,0.541625,1.333,2,0,66.1,66.6
2019-09-24,2.375,3.667,12,0,67.1,67.5
2019-09-25,0.8748750000000001,2.0,4,0,67.5,67.9
2019-09-26,0.6248750000000001,2.333,3,0,67.1,67.4
2019-09-27,2.8748750000000003,5.333,22,0,66.4,66.8
2019-09-28,3.6666250000000007,4.667,24,0,67.3,67.5
2019-09-29,2.5001249999999997,3.667,12,0,67.4,67.7
2019-09-30,2.5832499999999996,3.667,12,0,67.9,68.1
2019-10-01,2.041625,4.0,10,6,68.7,68.8
2019-10-02,1.5,3.0,6,6,68.3,68.4
2019-10-03,1.041625,1.667,4,0,68.2,68.3
2019-10-04,1.6668749999999999,2.667,6,0,68.1,68.1
2019-10-05,1.708375,3.0,7,0,67.8,67.8
2019-10-06,1.041625,2.0,4,0,67.4,67.3
2019-10-07,1.375,2.667,6,0,67.7,67.6
2019-10-08,1.125,1.667,4,0,67.1,67.0
2019-10-09,1.833375,3.667,8,0,68.1,67.9
2019-10-10,2.4165,4.333,13,0,67.5,67.3
2019-10-11,1.70825,3.0,7,0,68.5,68.3
2019-10-12,1.16675,2.0,4,0,68.3,68.0
2019-10-13,0.083375,0.667,0,0,67.2,66.9
2019-10-14,1.250125,2.0,5,0,66.2,65.8
2019-10-15,0.83325,2.333,3,0,67.2,66.9
2019-10-16,1.375,2.0,5,0,66.3,65.9
2019-10-17,1.25,1.667,5,0,66.1,65.6
2019-10-18,1.333375,2.0,5,0,66.1,65.6
2019-10-19,1.0835,1.667,4,0,66.0,65.5
2019-10-20,1.083375,2.333,4,0,65.0,64.4
2019-10-21,1.04175,2.667,4,0,64.0,63.4
2019-10-22,0.58325,1.333,2,0,65.6,64.9
2019-10-23,0.25,0.667,1,0,64.5,63.9
2019-10-24,2.7915,4.333,18,0,65.0,64.3
2019-10-25,3.666499999999999,5.333,25,0,68.6,67.9
2019-10-26,3.708375,4.667,24,0,68.6,67.8
2019-10-27,2.833375,4.0,15,0,68.8,68.0
2019-10-28,2.375,3.333,10,0,69.4,68.5
2019-10-29,1.66675,3.0,7,0,69.2,68.2
2019-10-30,1.7081250000000001,2.333,7,0,69.7,68.8
2019-10-31,1.291625,3.667,6,0,71.2,70.2
2019-11-01,0.666625,2.333,3,7,70.7,69.6
2019-11-02,0.166625,1.0,1,0,70.7,69.6
2019-11-03,0.25,1.0,1,0,69.4,68.3
2019-11-04,0.91675,2.0,4,4,70.8,69.6
2019-11-05,1.333375,2.0,5,0,70.4,69.2
2019-11-06,1.41675,2.667,6,0,69.3,68.1
2019-11-07,0.875,2.0,4,0,69.8,68.5
2019-11-08,0.625125,1.0,3,0,70.2,68.9
2019-11-09,0.958375,2.333,4,0,69.6,68.3
2019-11-10,0.5415,1.333,2,0,70.8,69.4
2019-11-11,1.875125,2.667,8,0,69.5,68.1
2019-11-12,0.791625,2.333,3,0,70.8,69.3
2019-11-13,0.25,1.333,1,3,71.1,69.6
2019-11-14,0.58325,2.0,2,0,69.9,68.4
2019-11-15,0.45824999999999994,1.333,2,0,70.0,68.5
2019-11-16,1.5001250000000002,2.333,6,0,69.7,68.2
2019-11-17,0.95825,2.667,4,0,70.1,68.5
2019-11-18,0.041625,0.333,0,0,70.4,68.8
2019-11-19,0.45825,1.333,2,0,69.2,67.6
2019-11-20,0.25,1.0,1,0,70.2,68.5
2019-11-21,2.2085,3.667,10,0,70.8,69.1
2019-11-22,2.666625,4.0,13,0,69.6,67.9
2019-11-23,2.2917500000000004,3.0,10,0,70.2,68.5
2019-11-24,2.416625,3.333,11,0,70.6,68.8
2019-11-25,1.0835,2.0,4,0,69.5,67.7
2019-11-26,0.58325,2.0,2,0,70.4,68.6
2019-11-27,1.083375,2.0,4,0,71.5,69.6
2019-11-28,0.708125,1.667,3,0,70.2,68.3
2019-11-29,1.0001250000000002,2.667,4,0,69.8,67.9
2019-11-30,0.791625,1.333,3,0,70.4,68.5
2019-12-01,0.833375,1.667,3,0,71.2,69.2
2019-12-02,0.25,1.0,1,0,70.4,68.4
2019-12-03,0.208125,0.333,1,0,69.9,67.9
2019-12-04,0.708375,1.667,3,0,69.6,67.6
2019-12-05,0.29175000000000006,0.667,1,0,70.7,68.6
2019-12-06,0.54175,1.0,2,0,70.3,68.3
2019-12-07,0.375,0.667,2,0,70.2,68.2
2019-12-08,0.5415,1.333,2,0,71.6,69.4
2019-12-09,0.833375,2.667,4,0,70.7,68.6
2019-12-10,0.875,2.0,4,0,70.6,68.4
2019-12-11,1.3335,2.667,5,0,70.7,68.6
2019-12-12,0.7498750000000001,1.667,3,0,70.5,68.3
2019-12-13,0.7498750000000001,2.0,3,0,68.9,66.8
2019-12-14,0.37487499999999996,1.333,2,0,70.3,68.1
2019-12-15,1.124875,2.333,4,0,71.0,68.8
2019-12-16,0.375,1.0,2,0,70.0,67.7
2019-12-17,0.29175,1.0,1,0,70.5,68.2
2019-12-18,2.3332499999999996,4.0,12,0,70.2,68.0
2019-12-19,2.3332499999999996,3.667,11,0,69.9,67.7
2019-12-20,1.375,2.333,5,0,70.0,67.7
2019-12-21,1.041625,2.333,4,0,70.6,68.4
2019-12-22,0.75,1.667,3,0,71.0,68.7
2019-12-23,0.624875,1.333,3,0,72.6,70.2
2019-12-24,0.2915,1.333,1,16,72.7,70.3
2019-12-25,0.79175,1.667,3,23,72.1,69.8
2019-12-26,0.875,2.333,4,8,72.1,69.7
2019-12-27,0.41675000000000006,1.0,2,0,72.4,70.1
2019-12-28,0.20825,0.667,1,0,72.2,69.8
2019-12-29,0.125,0.667,1,0,72.0,69.6
2019-12-30,0.291625,0.667,2,0,70.9,68.6
2019-12-31,0.66675,1.333,3,0,70.5,68.2
2020-01-01,0.583375,1.333,2,6,71.8,69.4
2020-01-02,0.45825000000000005,1.0,2,12,71.9,69.5
2020-01-03,1.208375,2.667,5,13,71.2,68.9
2020-01-04,1.3751250000000002,2.333,5,12,72.2,69.8
2020-01-05,1.958375,3.333,8,14,71.8,69.4
2020-01-06,1.75,3.333,8,7,70.5,68.1
2020-01-07,1.125,2.0,4,4,71.6,69.3
2020-01-08,1.375,2.667,6,4,73.7,71.2
2020-01-09,2.458375,3.667,11,15,74.4,71.9
2020-01-10,1.458375,2.333,6,4,72.8,70.4
2020-01-11,1.2915,2.333,5,0,73.5,71.0
2020-01-12,0.541625,1.667,2,0,71.9,69.5
2020-01-13,0.416625,0.667,2,0,71.5,69.1
2020-01-14,0.29150000000000004,0.667,2,0,71.9,69.5
2020-01-15,0.79175,2.0,3,0,71.2,68.9
2020-01-16,1.0,2.333,4,0,71.8,69.4
2020-01-17,0.5415,1.333,2,0,70.1,67.9
2020-01-18,0.5833750000000001,1.667,2,0,71.3,69.0
2020-01-19,0.125,0.667,1,0,71.8,69.5
2020-01-20,0.08325,0.333,0,0,71.2,69.0
2020-01-21,1.291625,2.667,5,0,70.5,68.3
2020-01-22,1.45825,3.0,6,0,71.9,69.6
2020-01-23,0.8748750000000001,2.333,4,0,70.8,68.6
2020-01-24,0.2915,1.0,2,8,71.0,68.8
2020-01-25,0.49987500000000007,2.333,2,12,72.7,70.4
2020-01-26,0.66675,1.667,3,19,74.7,72.4
2020-01-27,0.33325000000000005,1.0,2,14,72.9,70.7
2020-01-28,0.95825,3.0,4,12,74.2,72.0
2020-01-29,1.875,3.333,8,12,74.3,72.0
2020-01-30,2.541625,3.333,12,12,74.1,71.9
2020-01-31,1.583375,3.667,7,12,73.9,71.7
2020-02-01,1.375,2.333,5,6,72.5,70.4
2020-02-02,1.374875,2.333,5,0,72.2,70.2
2020-02-03,0.8747500000000001,2.0,4,0,72.1,70.0
2020-02-04,1.41675,2.667,6,0,70.3,68.3
2020-02-05,1.125,2.0,4,0,70.6,68.6
2020-02-06,2.791625,4.0,15,0,71.3,69.3
2020-02-07,2.75,3.333,13,0,70.8,68.9
2020-02-08,1.458375,2.667,6,0,72.0,70.0
2020-02-09,1.5418749999999999,2.667,6,0,70.6,68.8
2020-02-10,1.16675,2.0,4,0,70.2,68.3
2020-02-11,1.208375,3.0,5,0,71.1,69.3
2020-02-12,1.125,2.0,4,0,71.6,69.8
2020-02-13,0.4165,1.333,2,0,71.2,69.4
2020-02-14,0.458375,1.667,2,0,71.3,69.5
2020-02-15,1.000125,2.667,4,0,70.6,68.8
2020-02-16,0.541625,2.333,2,0,70.5,68.8
2020-02-17,1.4998749999999998,3.0,7,0,70.7,69.0
2020-02-18,2.583375,3.667,13,0,71.0,69.4
2020-02-19,2.3748750000000003,4.0,12,0,71.0,69.4
2020-02-20,1.833375,2.667,7,0,70.8,69.2
2020-02-21,2.6667499999999995,3.667,13,0,71.2,69.6
2020-02-22,1.9585,2.667,8,0,72.3,70.7
2020-02-23,1.0415,2.333,4,0,70.2,68.8
2020-02-24,0.875,2.0,4,0,70.1,68.7
2020-02-25,0.4165,1.333,2,0,70.6,69.1
2020-02-26,0.70825,2.333,3,0,70.1,68.7
2020-02-27,0.625,2.0,3,0,70.9,69.6
2020-02-28,1.458375,2.333,6,0,70.6,69.3
2020-02-29,2.208375,3.667,10,0,70.1,68.8
2020-03-01,1.375,3.333,6,0,69.3,68.1
2020-03-02,1.0,2.0,4,0,69.3,68.1
2020-03-03,1.41675,2.0,5,0,70.0,68.8
2020-03-04,1.416625,3.0,6,0,69.8,68.7
2020-03-05,0.7918749999999999,1.667,3,0,69.5,68.3
2020-03-06,0.91675,2.0,4,0,70.0,68.9
2020-03-07,0.8748750000000001,2.0,4,2,69.9,68.8
2020-03-08,1.29175,1.667,5,16,70.2,69.2
2020-03-09,1.250125,2.0,5,11,70.8,69.8
2020-03-10,0.833375,2.0,3,0,70.8,69.8
2020-03-11,0.541625,1.667,2,0,70.5,69.6
2020-03-12,1.41675,2.667,6,0,69.9,69.1
2020-03-13,1.708375,2.667,7,0,68.8,67.9
2020-03-14,0.458375,1.0,2,0,68.1,67.4
2020-03-15,1.0,1.667,4,0,70.2,69.5
2020-03-16,1.083375,2.0,4,0,69.8,69.1
2020-03-17,1.375,1.667,5,0,71.6,70.9
2020-03-18,1.333375,3.0,6,3,72.0,71.4
2020-03-19,2.1666250000000002,4.333,10,0,72.1,71.5
2020-03-20,1.583375,2.667,6,0,71.7,71.1
2020-03-21,1.916625,3.0,8,0,70.8,70.3
2020-03-22,1.666625,2.333,6,0,70.2,69.8
2020-03-23,2.458125,3.333,11,0,70.4,69.9
2020-03-24,0.7498750000000001,2.667,4,0,71.2,70.8
2020-03-25,0.708375,1.667,3,0,71.2,70.9
2020-03-26,1.08325,3.0,5,0,70.2,69.9
2020-03-27,1.333375,2.0,5,0,69.4,69.2
2020-03-28,1.166625,2.333,4,0,69.2,69.0
2020-03-29,1.625,3.333,7,0,68.8,68.6
2020-03-30,2.24975,4.0,11,3,69.3,69.1
2020-03-31,2.791625,4.0,14,11,69.9,69.8
2020-04-01,1.33325,2.333,5,13,69.2,69.2
2020-04-02,1.583375,2.667,6,13,69.8,69.7
2020-04-03,1.75,3.667,8,13,69.9,70.0
2020-04-04,1.0,2.0,4,13,70.1,70.2
2020-04-05,1.0,1.667,4,0,71.2,71.3
2020-04-06,0.45825000000000005,1.0,2,0,69.9,70.1
2020-04-07,0.58325,2.0,2,0,69.9,70.1
2020-04-08,2.6251249999999997,3.667,13,0,70.4,70.7
2020-04-09,1.0001250000000002,1.667,4,0,70.3,70.6
2020-04-10,0.95825,2.333,4,0,69.2,69.5
2020-04-11,1.625,3.333,7,0,70.6,70.9
2020-04-12,1.583375,2.667,6,0,70.8,71.1
2020-04-13,1.166625,1.667,4,0,70.3,70.7
2020-04-14,1.624875,3.333,7,0,68.9,69.4
2020-04-15,1.54175,3.0,7,0,68.4,68.9
2020-04-16,0.8748750000000001,2.0,4,0,68.5,69.0
2020-04-17,0.7915000000000001,1.333,3,0,67.9,68.4
2020-04-18,0.83325,1.667,3,0,69.8,70.4
2020-04-19,0.20825,0.667,1,0,68.6,69.2
2020-04-20,2.6248750000000003,4.667,16,0,68.2,68.9
2020-04-21,2.0,3.333,8,0,69.1,69.8
2020-04-22,1.666625,3.0,7,0,70.7,71.4
2020-04-23,0.70825,1.667,3,0,68.7,69.5
2020-04-24,1.583375,2.667,6,0,69.7,70.5
2020-04-25,1.0,2.333,4,6,68.9,69.8
2020-04-26,1.5418749999999999,2.667,6,13,69.2,70.1
2020-04-27,1.54175,2.667,6,26,69.0,69.9
2020-04-28,1.166625,2.667,5,15,69.0,69.9
2020-04-29,0.45825000000000005,1.0,2,24,69.9,71.0
2020-04-30,0.24987499999999999,1.0,1,20,69.8,70.9
2020-05-01,1.08325,2.0,4,4,70.2,71.3
2020-05-02,1.04175,1.667,4,0,69.2,70.3
2020-05-03,0.9582499999999999,2.667,4,0,68.7,69.8
2020-05-04,1.20825,2.0,5,0,69.3,70.5
2020-05-05,1.416625,2.0,5,0,69.3,70.5
2020-05-06,0.9998750000000001,3.333,5,0,69.8,71.1
2020-05-07,0.7081250000000001,1.333,3,0,68.7,70.0
2020-05-08,0.666625,1.333,3,0,67.9,69.2
2020-05-09,0.24987499999999999,0.667,1,0,71.0,72.4
2020-05-10,0.7498750000000001,2.333,3,0,67.9,69.3
2020-05-11,0.95825,1.667,4,0,66.2,67.5
2020-05-12,0.70825,2.333,3,0,68.9,70.3
2020-05-13,0.70825,1.333,3,0,68.8,70.2
2020-05-14,0.333,0.333,2,0,67.6,69.0
2020-05-15,0.5415000000000001,1.0,2,0,67.8,69.4
2020-05-16,0.5833750000000001,1.667,3,0,69.4,71.0
2020-05-17,0.416625,1.0,2,0,69.6,71.2
2020-05-18,0.708375,2.0,3,0,70.2,71.8
2020-05-19,1.166625,1.667,4,0,68.7,70.3
2020-05-20,0.5,1.0,2,0,69.6,71.3
2020-05-21,1.208375,2.0,5,0,70.2,71.9
2020-05-22,1.41675,2.333,5,0,70.8,72.6
2020-05-23,0.75,1.667,3,0,69.1,70.9
2020-05-24,1.0,2.333,4,0,68.8,70.6
2020-05-25,1.250125,2.0,5,0,70.3,72.1
2020-05-26,0.7083750000000001,1.667,3,0,69.7,71.6
2020-05-27,0.708125,1.333,3,0,68.0,69.9
2020-05-28,0.5,1.0,2,0,67.5,69.3
2020-05-29,0.58325,1.667,3,0,69.5,71.5
2020-05-30,2.9582499999999996,3.333,15,0,70.0,71.9
2020-05-31,0.7498750000000001,1.0,3,2,70.8,72.8
2020-06-01,1.208375,2.667,5,6,69.2,71.2
2020-06-02,1.625,3.0,6,0,70.4,72.4
2020-06-03,0.58325,1.0,3,9,70.0,72.0
2020-06-04,0.875,1.667,4,11,70.1,72.1
2020-06-05,0.6665,1.333,3,13,71.1,73.2
2020-06-06,0.45812500000000006,1.333,2,16,71.6,73.8
2020-06-07,1.58325,3.667,7,16,71.6,73.8
2020-06-08,1.000125,2.0,4,16,71.0,73.2
2020-06-09,1.000125,2.667,4,14,72.4,74.6
2020-06-10,1.624875,2.333,6,12,71.0,73.2
2020-06-11,0.6248750000000001,1.667,3,11,71.5,73.7
2020-06-12,0.583375,1.0,3,11,70.5,72.7
2020-06-13,0.5,1.333,2,11,69.4,71.6
2020-06-14,0.375,1.0,2,11,70.2,72.4
2020-06-15,0.625,1.333,3,8,70.4,72.7
2020-06-16,1.250125,2.333,5,0,69.3,71.5
2020-06-17,0.833375,1.667,3,0,68.8,71.0
2020-06-18,0.91675,1.667,4,0,67.9,70.2
2020-06-19,0.91675,1.667,4,0,68.8,71.1
2020-06-20,1.291625,2.333,5,0,67.8,70.0
2020-06-21,0.79175,1.333,3,0,67.6,69.9
2020-06-22,0.4165,1.0,2,0,67.6,69.9
2020-06-23,0.70825,1.333,3,0,67.1,69.3
2020-06-24,0.7501249999999999,1.0,3,0,66.9,69.1
2020-06-25,0.541625,1.0,3,0,68.9,71.2
2020-06-26,1.249875,2.667,5,6,67.8,70.0
2020-06-27,1.5415,2.667,6,4,68.9,71.2
2020-06-28,0.625,1.0,3,0,69.2,71.5
2020-06-29,0.416625,0.667,2,0,68.7,71.0
2020-06-30,0.9583750000000001,1.667,4,0,68.1,70.4
2020-07-01,1.041625,2.333,4,4,68.9,71.2
2020-07-02,0.708375,1.333,3,2,68.0,70.3
2020-07-03,0.708375,1.0,3,0,69.3,71.6
2020-07-04,1.624875,3.0,7,7,69.5,71.8
2020-07-05,2.16675,3.333,10,5,69.4,71.8
2020-07-06,1.0415,1.333,4,5,68.5,70.8
2020-07-07,0.6248750000000001,1.667,3,8,67.7,70.0
2020-07-08,0.333125,0.667,2,0,67.2,69.4
2020-07-09,0.625,1.0,3,0,68.7,71.0
2020-07-10,0.37475,1.333,2,0,68.8,71.1
2020-07-11,0.45825,1.0,2,0,68.7,71.0
2020-07-12,0.33325000000000005,0.667,2,0,67.6,69.8
2020-07-13,1.458375,2.667,6,0,68.2,70.5
2020-07-14,1.916625,3.667,10,0,68.9,71.2
2020-07-15,1.041625,2.0,4,2,68.4,70.6
2020-07-16,0.791625,1.667,3,0,68.7,70.9
2020-07-17,0.8748750000000001,1.333,4,0,69.0,71.3
2020-07-18,0.7498750000000001,1.333,3,0,67.8,70.0
2020-07-19,0.8334999999999999,1.667,3,0,68.9,71.1
2020-07-20,0.666625,1.0,3,0,69.3,71.6
2020-07-21,0.91675,1.667,4,6,69.8,72.1
2020-07-22,0.58325,1.333,3,11,70.0,72.2
2020-07-23,0.49987500000000007,1.0,2,11,70.3,72.5
2020-07-24,2.5001249999999997,3.667,12,11,69.5,71.7
2020-07-25,2.500125,4.0,12,11,70.4,72.6
2020-07-26,0.5415000000000001,1.0,3,11,71.4,73.6
2020-07-27,0.7085,1.0,3,11,71.4,73.7
2020-07-28,0.8334999999999999,2.0,4,20,71.8,74.1
2020-07-29,0.958375,2.0,4,21,72.6,74.9
2020-07-30,0.708375,1.667,3,21,73.3,75.6
2020-07-31,0.875,1.333,4,21,72.3,74.4
2020-08-01,0.583375,1.0,3,26,72.0,74.1
2020-08-02,2.0,3.333,10,15,72.7,74.9
2020-08-03,3.0415,3.333,15,11,72.7,74.8
2020-08-04,1.749875,3.333,7,11,73.0,75.1
2020-08-05,1.25,2.333,5,12,73.4,75.6
2020-08-06,1.083375,2.0,4,14,73.1,75.1
2020-08-07,0.70825,1.667,3,17,74.0,76.0
2020-08-08,1.166625,2.0,4,12,74.7,76.8
2020-08-09,0.37487500000000007,0.667,2,13,73.9,76.0
2020-08-10,0.37487500000000007,0.667,2,13,74.2,76.2
2020-08-11,0.37487500000000007,1.0,2,12,73.5,75.4
2020-08-12,0.75,1.333,3,17,73.1,75.1
2020-08-13,0.7915000000000001,1.667,3,10,72.3,74.2
2020-08-14,0.708375,1.667,3,5,70.8,72.6
2020-08-15,0.333125,1.0,2,0,70.6,72.4
2020-08-16,0.70825,1.0,3,0,70.9,72.6
2020-08-17,0.583375,1.0,3,0,70.8,72.5
2020-08-18,1.416625,3.0,6,13,71.3,73.1
2020-08-19,1.041625,2.667,5,16,70.5,72.2
2020-08-20,0.54175,1.0,2,12,69.9,71.6
2020-08-21,0.70825,1.667,3,3,70.9,72.6
2020-08-22,1.54175,2.333,6,0,70.0,71.6
2020-08-23,1.875,2.667,7,0,70.6,72.1
2020-08-24,0.41675000000000006,0.667,2,0,70.3,71.8
2020-08-25,0.625,1.0,3,0,70.6,72.1
2020-08-26,1.54175,2.333,6,0,70.4,71.9
2020-08-27,1.666625,3.333,7,0,70.0,71.4
2020-08-28,1.750125,4.667,10,0,70.1,71.5
2020-08-29,2.6248750000000003,3.333,12,0,70.2,71.6
2020-08-30,2.0,3.333,8,0,70.0,71.4
2020-08-31,3.7501250000000006,4.667,24,0,69.2,70.5
2020-09-01,3.1667500000000004,4.333,18,0,69.5,70.8
2020-09-02,2.250125,2.667,9,0,68.3,69.5
2020-09-03,0.708375,1.667,3,0,70.0,71.2
2020-09-04,1.70825,2.667,7,0,69.7,70.8
2020-09-05,1.333375,2.0,5,0,69.2,70.3
2020-09-06,1.0,2.0,4,0,69.5,70.5
2020-09-07,0.791625,1.333,3,0,70.2,71.3
2020-09-08,0.75,1.333,3,0,69.9,70.9
2020-09-09,0.125,0.667,1,0,69.7,70.7
2020-09-10,0.29150000000000004,1.0,2,0,69.3,70.2
2020-09-11,0.416625,1.0,2,0,68.7,69.6
2020-09-12,1.1665,2.0,4,0,69.3,70.2
2020-09-13,1.4165,3.0,6,0,69.8,70.6
2020-09-14,2.2916250000000002,3.333,11,2,68.9,69.7
2020-09-15,1.3331250000000001,2.333,5,0,68.8,69.6
2020-09-16,0.58325,1.0,2,0,69.5,70.2
2020-09-17,0.5415000000000001,1.333,2,0,69.7,70.4
2020-09-18,0.833375,1.667,3,0,69.9,70.6
2020-09-19,0.458375,1.0,2,0,70.6,71.2
2020-09-20,0.75,2.333,3,0,70.2,70.7
2020-09-21,0.37487499999999996,1.0,2,0,71.3,71.9
2020-09-22,1.2918749999999999,2.667,5,0,72.4,72.9
2020-09-23,2.2085,3.667,10,7,73.3,73.7
2020-09-24,2.9582499999999996,5.667,20,5,73.6,74.1
2020-09-25,2.9998750000000003,4.333,17,4,73.4,73.8
2020-09-26,3.6251249999999997,4.667,24,0,72.6,72.9
2020-09-27,3.0001249999999997,5.333,20,0,74.1,74.4
2020-09-28,4.250125000000001,5.0,32,0,73.9,74.1
2020-09-29,3.125,4.0,16,0,72.8,73.0
2020-09-30,2.958375,4.0,16,0,73.3,73.5
2020-10-01,2.3332500000000005,3.333,10,0,72.8,73.0
2020-10-02,1.95825,2.667,8,0,72.2,72.3
2020-10-03,1.16675,1.667,4,0,71.8,71.9
2020-10-04,0.8333750000000001,1.667,4,0,71.2,71.2
2020-10-05,1.9165,4.333,10,0,72.3,72.2
2020-10-06,1.25,3.667,6,0,71.7,71.6
2020-10-07,0.95825,2.333,4,0,70.7,70.6
2020-10-08,0.416625,0.667,2,6,71.6,71.5
2020-10-09,0.08325,0.333,0,20,73.1,72.9
2020-10-10,0.16675,0.667,1,18,73.6,73.3
2020-10-11,0.4165,1.333,2,20,72.9,72.6
2020-10-12,0.541625,1.333,2,14,73.8,73.4
2020-10-13,0.45825000000000005,1.0,2,0,72.3,72.0
2020-10-14,0.0,0.0,0,4,74.5,74.1
2020-10-15,0.25,1.0,1,13,73.8,73.4
2020-10-16,0.8334999999999999,1.333,4,13,75.3,74.8
2020-10-17,1.125,2.0,4,14,73.1,72.5
2020-10-18,0.4165,1.0,2,21,75.9,75.3
2020-10-19,1.54175,3.0,6,17,74.8,74.2
2020-10-20,0.875,2.333,4,14,74.7,74.0
2020-10-21,1.79175,3.667,8,14,73.7,73.0
2020-10-22,1.0831250000000001,3.333,5,12,74.9,74.2
2020-10-23,2.125,4.667,14,17,-1.0,-1.0
2020-10-24,3.0832499999999996,4.0,17,18,72.1,71.3
2020-10-25,2.7501249999999997,3.667,14,19,74.2,73.3
2020-10-26,2.875,3.667,14,22,75.0,74.1
2020-10-27,1.791625,3.333,8,41,82.4,81.4
2020-10-28,2.2917500000000004,3.333,10,35,87.6,86.4
2020-10-29,2.416625,4.0,12,42,84.6,83.5
2020-10-30,1.08325,2.0,4,34,79.6,78.4
2020-10-31,1.375,2.333,5,26,76.8,75.6
2020-11-01,1.79175,3.0,8,5,77.3,76.1
2020-11-02,0.333375,1.0,2,9,81.6,80.3
2020-11-03,0.41675000000000006,1.667,2,16,82.9,81.6
2020-11-04,0.333125,0.667,2,26,88.1,86.6
2020-11-05,0.666625,1.667,3,31,90.7,89.1
2020-11-06,1.75,2.667,7,41,93.8,92.1
2020-11-07,1.583375,3.0,7,38,90.6,88.9
2020-11-08,1.125,2.0,4,44,90.0,88.3
2020-11-09,0.0,0.0,0,29,90.0,88.3
2020-11-10,0.08325,0.333,0,29,86.8,85.1
2020-11-11,0.7498750000000001,2.0,3,29,88.1,86.3
2020-11-12,0.6665000000000001,1.333,3,32,85.1,83.3
2020-11-13,0.625,1.0,3,26,81.9,80.2
2020-11-14,0.583375,2.0,2,20,80.2,78.5
2020-11-15,0.6248750000000001,2.0,2,5,78.7,76.9
2020-11-16,0.08325,0.333,0,0,76.6,74.9
2020-11-17,0.333375,1.0,1,10,79.1,77.3
2020-11-18,0.58325,1.333,3,13,77.3,75.5
2020-11-19,0.4165,1.333,2,13,76.7,74.9
2020-11-20,1.625125,3.0,7,13,81.7,79.7
2020-11-21,2.16675,3.333,10,26,85.0,82.9
2020-11-22,3.7501249999999997,4.667,24,34,87.7,85.5
2020-11-23,1.91675,2.667,7,48,95.5,93.1
2020-11-24,0.75,1.667,3,44,100.4,97.9
2020-11-25,1.583375,2.667,6,53,103.7,101.0
2020-11-26,1.499875,2.333,6,58,105.8,103.0
2020-11-27,1.58325,2.667,6,75,106.3,103.5
2020-11-28,2.125,3.333,9,86,109.6,106.6
2020-11-29,0.8748750000000001,2.0,3,96,116.3,113.1
2020-11-30,1.58325,3.333,7,87,109.4,106.4
2020-12-01,0.291625,1.0,1,56,104.1,101.2
2020-12-02,0.7083749999999999,1.333,3,48,104.9,101.9
2020-12-03,0.45825000000000005,1.667,2,45,102.9,99.9
2020-12-04,0.041625,0.333,0,41,95.8,93.0
2020-12-05,0.91675,2.667,4,37,99.9,97.0
2020-12-06,1.45825,2.333,6,25,90.9,88.2
2020-12-07,0.29175,0.667,1,21,89.5,86.8
2020-12-08,0.875,1.667,4,14,82.4,80.0
2020-12-09,1.625,3.0,7,14,82.1,79.6
2020-12-10,1.499875,3.333,7,12,81.5,79.1
2020-12-11,1.5,2.667,6,12,83.3,80.8
2020-12-12,0.875,1.667,4,11,81.8,79.3
2020-12-13,1.041625,3.0,4,11,80.6,78.1
2020-12-14,0.625,1.667,3,13,83.0,80.4
2020-12-15,0.458375,1.333,2,20,82.9,80.3
2020-12-16,0.416625,1.0,2,14,81.9,79.3
2020-12-17,0.166625,0.667,1,13,-1.0,-1.0
2020-12-18,0.29150000000000004,0.667,2,7,-1.0,-1.0
2020-12-19,1.20825,2.0,5,0,81.7,79.1
2020-12-20,0.9998750000000001,1.333,4,0,83.8,81.1
2020-12-21,2.45825,4.333,12,12,79.6,77.0
2020-12-22,2.75,3.333,13,12,85.8,83.0
2020-12-23,2.333125,4.333,11,24,86.4,83.6
2020-12-24,1.91675,3.0,8,28,87.4,84.5
2020-12-25,1.041625,2.333,4,31,87.7,84.9
2020-12-26,0.9585,2.0,4,35,87.9,85.0
2020-12-27,1.375125,2.0,5,33,87.8,84.9
2020-12-28,1.791625,2.333,6,30,87.2,84.3
2020-12-29,1.458375,2.667,6,32,84.2,81.4
2020-12-30,1.875125,2.667,8,32,82.8,80.1
2020-12-31,0.6248750000000001,1.333,3,34,81.2,78.5
2021-01-01,0.5416249999999999,1.333,2,24,80.4,77.7
2021-01-02,0.08325,0.333,0,17,81.5,78.8
2021-01-03,0.12487500000000001,0.333,1,0,80.4,77.8
2021-01-04,0.33312500000000006,0.667,2,0,77.6,75.0
2021-01-05,1.9585000000000001,4.0,10,0,75.1,72.6
2021-01-06,2.2499999999999996,3.667,10,0,74.1,71.7
2021-01-07,1.124875,2.333,4,0,74.6,72.2
2021-01-08,0.24975,0.333,2,0,75.2,72.8
2021-01-09,0.33325000000000005,1.333,2,0,74.2,71.8
2021-01-10,0.583375,1.0,3,0,73.1,70.7
2021-01-11,2.2498750000000003,4.0,12,0,73.2,70.8
2021-01-12,1.875,3.667,9,0,72.8,70.4
2021-01-13,0.75,1.333,3,0,73.2,70.8
2021-01-14,0.1665,0.333,1,3,73.6,71.2
2021-01-15,0.5,1.667,2,14,73.4,71.0
2021-01-16,0.7084999999999999,1.0,3,12,77.7,75.2
2021-01-17,0.2915,1.333,1,14,77.2,74.8
2021-01-18,0.75,2.0,3,12,75.3,72.9
2021-01-19,1.29175,2.667,5,20,78.1,75.6
2021-01-20,1.333375,2.333,5,21,77.2,74.7
2021-01-21,0.249875,1.0,1,25,77.6,75.2
2021-01-22,0.5,1.0,2,35,78.2,75.8
2021-01-23,0.833375,2.0,3,32,77.9,75.5
2021-01-24,1.25,2.0,5,23,77.6,75.2
2021-01-25,2.75,4.667,15,27,77.1,74.8
2021-01-26,2.291625,4.0,11,17,75.7,73.4
2021-01-27,2.291625,3.333,10,20,76.3,74.0
2021-01-28,0.58325,3.0,3,7,75.6,73.4
2021-01-29,0.49987500000000007,1.0,2,0,75.5,73.2
2021-01-30,0.249875,0.667,1,0,73.7,71.6
2021-01-31,0.16675,0.667,1,0,73.4,71.2
2021-02-01,1.25,2.0,4,0,73.0,70.8
2021-02-02,2.8335,4.0,16,9,72.3,70.2
2021-02-03,2.458375,4.0,12,7,73.3,71.3
2021-02-04,1.666625,3.0,7,0,73.3,71.2
2021-02-05,1.2918749999999999,2.667,5,0,73.1,71.1
2021-02-06,1.374875,3.333,7,0,73.0,71.0
2021-02-07,3.000125,4.667,18,0,72.8,70.8
2021-02-08,1.375,3.0,6,2,73.3,71.3
2021-02-09,0.83325,2.0,3,2,72.9,71.0
2021-02-10,0.458375,1.0,2,0,72.9,71.0
2021-02-11,0.375,1.0,2,0,72.4,70.5
2021-02-12,1.124875,2.667,5,0,73.5,71.7
2021-02-13,2.4582500000000005,4.333,12,0,71.3,69.6
2021-02-14,0.91675,2.0,4,0,71.4,69.7
2021-02-15,1.0001250000000002,2.667,4,0,69.6,68.0
2021-02-16,2.375,4.0,12,0,70.7,69.1
2021-02-17,1.83325,2.333,7,0,71.6,70.0
2021-02-18,0.958375,2.0,4,10,72.2,70.6
2021-02-19,2.708375,4.0,15,9,71.6,69.9
2021-02-20,3.5,4.333,21,9,73.3,71.7
2021-02-21,3.333375,4.333,20,10,72.5,70.9
2021-02-22,3.166625,4.0,17,16,74.8,73.2
2021-02-23,2.5,3.667,12,36,75.8,74.2
2021-02-24,3.2917500000000004,4.333,19,38,79.2,77.6
2021-02-25,2.7085,4.0,14,34,78.7,77.1
2021-02-26,2.2498750000000003,3.0,9,18,79.6,78.1
2021-02-27,0.91675,1.667,4,17,77.9,76.4
2021-02-28,1.20825,2.667,5,13,77.2,75.7
2021-03-01,3.375,5.667,25,10,74.1,72.7
2021-03-02,3.1248750000000003,5.0,20,16,74.7,73.3
2021-03-03,3.208375,4.667,19,35,75.7,74.4
2021-03-04,2.0001249999999997,3.667,9,30,75.4,74.1
2021-03-05,1.25,2.0,5,13,75.1,73.9
2021-03-06,2.833125,4.333,15,7,75.6,74.4
2021-03-07,1.791875,3.667,8,21,77.5,76.4
2021-03-08,1.08325,3.0,5,14,79.9,78.7
2021-03-09,0.583375,1.333,3,15,76.5,75.4
2021-03-10,0.29150000000000004,1.333,1,17,76.3,75.3
2021-03-11,0.708375,2.667,3,22,75.6,74.6
2021-03-12,2.541625,3.333,11,14,75.6,74.7
2021-03-13,3.0001249999999997,4.333,16,11,75.9,75.0
2021-03-14,3.5832499999999996,5.0,23,23,75.1,74.2
2021-03-15,1.666625,2.667,7,24,73.9,73.1
2021-03-16,0.500125,1.0,2,19,73.7,72.9
2021-03-17,1.041625,2.667,4,13,72.8,72.1
2021-03-18,1.125,2.0,4,13,73.2,72.5
2021-03-19,1.291625,2.333,5,13,73.1,72.5
2021-03-20,3.7501250000000006,5.667,27,11,74.7,74.1
2021-03-21,3.3751250000000006,4.667,22,8,75.2,74.6
2021-03-22,1.70825,2.667,7,22,76.6,76.0
2021-03-23,2.33325,3.333,10,27,76.9,76.4
2021-03-24,2.125,3.333,9,30,75.8,75.3
2021-03-25,2.708375,5.0,17,27,75.2,74.8
2021-03-26,2.20825,3.333,10,25,75.1,74.7
2021-03-27,1.166625,4.0,7,19,75.1,74.7
2021-03-28,1.08325,3.333,5,12,73.9,73.6
2021-03-29,0.6666250000000001,1.667,3,12,73.4,73.2
2021-03-30,0.708375,2.0,3,9,74.6,74.5
2021-03-31,2.125,3.0,9,0,72.5,72.4
2021-04-01,1.70825,3.0,7,0,77.9,77.8
2021-04-02,1.208375,3.0,5,0,71.4,71.4
2021-04-03,0.875,1.333,4,4,72.2,72.2
2021-04-04,0.583375,1.0,3,12,72.0,72.0
2021-04-05,0.916625,2.333,4,11,71.7,71.8
2021-04-06,0.375,1.0,2,6,71.2,71.3
2021-04-07,2.833375,4.333,15,0,70.5,70.7
2021-04-08,0.8751249999999999,1.667,4,0,70.3,70.5
2021-04-09,0.58325,2.0,2,0,70.5,70.8
2021-04-10,0.91675,2.0,4,0,70.5,70.8
2021-04-11,1.4585,2.333,6,10,71.9,72.2
2021-04-12,1.083375,2.0,4,14,74.2,74.5
2021-04-13,1.20825,2.0,5,19,73.2,73.6
2021-04-14,1.375125,3.0,6,21,73.9,74.3
2021-04-15,2.291625,4.667,12,25,75.5,76.0
2021-04-16,3.1248750000000003,5.0,19,35,74.6,75.2
2021-04-17,4.000125000000001,4.667,28,15,75.3,75.9
2021-04-18,3.166625,3.667,17,18,75.8,76.4
2021-04-19,3.2082499999999996,3.667,17,36,80.4,81.1
2021-04-20,2.625,3.333,12,57,82.9,83.7
2021-04-21,1.54175,2.333,6,46,76.9,77.7
2021-04-22,1.1247500000000001,2.0,4,44,77.8,78.6
2021-04-23,2.5417499999999995,4.333,13,37,75.3,76.1
2021-04-24,1.91675,2.667,8,54,76.8,77.7
2021-04-25,3.0001249999999997,5.0,18,55,77.7,78.7
2021-04-26,2.125125,4.333,12,50,78.2,79.2
2021-04-27,1.374875,3.0,6,55,78.4,79.4
2021-04-28,0.416625,1.0,2,46,76.8,77.9
2021-04-29,1.0415,1.333,4,37,76.9,78.0
2021-04-30,1.166625,2.667,5,28,72.9,74.0
2021-05-01,1.1665,2.0,4,10,71.6,72.7
2021-05-02,1.958375,3.0,8,0,72.0,73.1
2021-05-03,1.208375,2.0,5,0,71.6,72.8
2021-05-04,0.791625,1.333,3,0,70.6,71.8
2021-05-05,0.249875,0.667,1,0,69.5,70.7
2021-05-06,0.666625,1.333,3,0,70.8,72.1
2021-05-07,0.541625,1.0,2,10,74.5,75.9
2021-05-08,0.6248750000000001,1.333,3,17,75.9,77.4
2021-05-09,0.583125,1.333,3,20,-1.0,-1.0
2021-05-10,1.624875,2.0,6,34,76.5,78.0
2021-05-11,0.5415000000000001,1.667,2,32,76.1,77.6
2021-05-12,3.625,7.0,42,33,74.7,76.3
2021-05-13,1.625,2.0,6,30,74.7,76.3
2021-05-14,0.791625,2.0,3,26,70.9,72.4
2021-05-15,1.58325,3.333,7,28,73.3,74.9
2021-05-16,0.8751249999999999,1.667,4,13,73.2,74.9
2021-05-17,1.375,2.0,5,14,74.8,76.5
2021-05-18,1.875125,3.667,9,28,76.4,78.2
2021-05-19,1.208375,2.333,5,27,75.9,77.7
2021-05-20,3.4998750000000003,5.333,24,20,72.3,74.0
2021-05-21,1.41675,2.333,5,14,73.7,75.5
2021-05-22,1.083375,2.0,4,19,75.6,77.5
2021-05-23,0.75,1.333,3,27,79.0,81.0
2021-05-24,0.4165000000000001,1.333,2,31,72.7,74.5
2021-05-25,0.5415000000000001,1.333,2,41,83.5,85.7
2021-05-26,2.1251249999999997,4.667,12,41,88.0,90.3
2021-05-27,2.7082499999999996,4.333,14,41,83.3,85.5
2021-05-28,0.33325000000000005,0.667,2,31,77.4,79.5
2021-05-29,1.291625,2.333,5,15,76.0,78.1
2021-05-30,1.208375,2.333,5,26,74.4,76.5
2021-05-31,0.41675000000000006,0.667,2,30,81.7,84.0
2021-06-01,0.166625,1.0,1,22,75.2,77.3
2021-06-02,1.0415,2.667,4,29,76.3,78.5
2021-06-03,1.333375,2.333,5,31,75.5,77.7
2021-06-04,0.9998750000000001,1.333,4,35,77.1,79.4
2021-06-05,0.833125,2.0,4,38,74.4,76.6
2021-06-06,0.83325,2.0,3,38,77.4,79.7
2021-06-07,2.375,3.667,11,49,80.8,83.2
2021-06-08,1.1668749999999999,2.0,4,34,79.9,82.3
2021-06-09,0.6665,1.333,3,25,78.6,81.0
2021-06-10,0.999875,2.0,4,27,73.3,75.6
2021-06-11,2.041625,2.667,8,19,77.3,79.7
2021-06-12,2.124875,3.667,9,8,77.6,80.0
2021-06-13,1.041625,3.0,5,15,68.9,71.1
2021-06-14,0.833375,1.667,4,12,76.8,79.3
2021-06-15,2.7501249999999997,5.0,17,11,75.5,77.9
2021-06-16,2.7082499999999996,4.0,13,11,-1.0,-1.0
2021-06-17,1.375,2.333,5,12,85.0,87.7
2021-06-18,1.625,2.333,6,21,77.0,79.5
2021-06-19,0.75,1.333,3,15,77.1,79.6
2021-06-20,0.83325,2.667,4,14,76.4,78.9
2021-06-21,0.75,1.333,3,13,79.1,81.7
2021-06-22,1.4165,2.333,5,16,80.8,83.5
2021-06-23,0.75,2.333,3,12,79.7,82.3
2021-06-24,1.041625,2.333,4,11,80.6,83.3
2021-06-25,1.33325,3.0,6,23,83.4,86.1
2021-06-26,0.7081250000000001,1.333,3,19,82.4,85.1
2021-06-27,0.6666249999999999,1.0,3,33,87.0,89.9
2021-06-28,0.625,1.0,3,46,88.6,91.6
2021-06-29,1.125,2.333,4,56,92.5,95.6
2021-06-30,2.5,4.0,13,54,94.1,97.3
2021-07-01,1.16675,3.0,5,57,94.1,97.2
2021-07-02,1.125,1.667,4,62,94.9,98.1
2021-07-03,0.833375,2.0,3,60,93.7,96.8
2021-07-04,0.5415000000000001,1.333,3,50,91.1,94.1
2021-07-05,1.791625,2.667,7,45,89.4,92.4
2021-07-06,1.625,2.667,6,49,83.2,86.0
2021-07-07,1.25,2.0,5,20,76.0,78.6
2021-07-08,0.875,1.667,4,16,73.4,75.9
2021-07-09,1.0,1.667,4,11,73.8,76.2
2021-07-10,1.374875,2.667,6,15,74.0,76.5
2021-07-11,0.708125,1.333,3,21,73.6,76.0
2021-07-12,1.541625,2.667,6,23,71.6,74.0
2021-07-13,1.0,2.333,4,21,72.0,74.3
2021-07-14,2.375,4.333,14,30,72.1,74.5
2021-07-15,2.166625,2.667,8,22,73.5,75.9
2021-07-16,0.833375,1.667,4,35,75.0,77.5
2021-07-17,0.791625,1.667,3,49,77.4,80.0
2021-07-18,0.833125,2.0,4,48,80.4,83.0
2021-07-19,1.750125,2.667,7,48,82.6,85.3
2021-07-20,2.2498750000000003,3.333,10,46,87.0,89.8
2021-07-21,1.416625,2.333,5,72,93.5,96.5
2021-07-22,1.791625,3.333,8,76,89.0,91.8
2021-07-23,0.5833750000000001,1.333,3,57,87.4,90.2
2021-07-24,0.666625,1.333,3,32,83.9,86.5
2021-07-25,0.458125,1.0,2,36,81.6,84.2
2021-07-26,0.7083750000000001,1.0,3,31,80.8,83.4
2021-07-27,1.0,2.667,4,18,79.6,82.1
2021-07-28,2.6251249999999997,3.667,13,6,78.8,81.2
2021-07-29,1.9165,3.0,8,3,75.8,78.1
2021-07-30,1.54175,2.333,6,0,75.5,77.8
2021-07-31,1.45825,2.333,6,3,75.9,78.2
2021-08-01,0.75,1.333,3,8,74.9,77.2
2021-08-02,2.333375,4.667,15,13,74.6,76.8
2021-08-03,1.95825,3.667,8,17,75.9,78.1
2021-08-04,1.0415,2.0,4,17,70.8,72.8
2021-08-05,0.291625,1.0,1,22,74.3,76.5
2021-08-06,1.625,2.667,6,8,74.4,76.5
2021-08-07,2.375,2.667,10,0,73.7,75.8
2021-08-08,0.9998750000000001,2.333,4,0,73.5,75.5
2021-08-09,0.875,1.667,4,7,73.0,75.0
2021-08-10,1.58325,2.333,6,0,73.3,75.3
2021-08-11,1.2081250000000001,2.333,5,18,73.8,75.8
2021-08-12,0.833375,1.667,3,7,73.6,75.6
2021-08-13,1.20825,2.333,5,9,72.9,74.8
2021-08-14,0.7083750000000001,1.333,3,19,72.6,74.5
2021-08-15,2.041625,3.333,8,21,74.6,76.5
2021-08-16,1.75,3.0,7,20,74.4,76.3
2021-08-17,1.166625,2.333,4,15,73.1,75.0
2021-08-18,1.374875,2.667,6,13,75.3,77.1
2021-08-19,0.87475,1.333,4,22,74.9,76.7
2021-08-20,1.416625,2.667,6,12,77.7,79.5
2021-08-21,0.749875,1.333,3,16,77.1,78.9
2021-08-22,0.458375,0.667,2,19,77.1,78.8
2021-08-23,0.37475,1.0,2,16,78.1,79.8
2021-08-24,0.95825,2.333,4,20,80.9,82.6
2021-08-25,1.7915,3.333,8,36,83.6,85.4
2021-08-26,1.250125,2.0,5,48,88.6,90.5
2021-08-27,3.25,4.333,21,71,89.5,91.3
2021-08-28,2.4164999999999996,5.0,14,75,89.9,91.7
2021-08-29,1.7085,3.667,8,51,88.7,90.5
2021-08-30,1.666625,2.667,7,43,90.6,92.4
2021-08-31,1.45825,2.667,6,39,84.4,86.0
2021-09-01,1.125,1.667,4,38,84.2,85.7
2021-09-02,0.791625,1.333,3,33,85.8,87.3
2021-09-03,1.7081250000000001,2.333,6,26,83.8,85.3
2021-09-04,1.1252499999999999,2.0,4,71,86.5,88.0
2021-09-05,1.45825,2.333,6,74,93.3,94.9
2021-09-06,1.458375,2.667,6,83,99.5,101.1
2021-09-07,1.7918749999999999,3.667,8,84,101.2,102.8
2021-09-08,2.666625,4.0,14,97,100.4,101.9
2021-09-09,1.0418749999999999,1.667,4,101,99.7,101.1
2021-09-10,1.708375,3.333,8,96,96.3,97.6
2021-09-11,1.5,3.333,6,72,91.8,93.0
2021-09-12,1.416625,2.0,5,49,87.7,88.8
2021-09-13,1.91675,3.0,8,33,83.3,84.3
2021-09-14,1.375,2.333,5,23,78.1,79.0
2021-09-15,1.29175,2.0,5,10,75.2,76.1
2021-09-16,0.666625,1.333,3,0,73.2,74.0
2021-09-17,3.25,5.333,23,0,73.4,74.1
2021-09-18,1.791625,3.333,8,0,73.7,74.4
2021-09-19,0.33325000000000005,1.333,2,13,75.0,75.7
2021-09-20,0.5831250000000001,1.333,3,43,80.0,80.7
2021-09-21,1.45825,3.0,6,65,84.9,85.5
2021-09-22,2.29175,4.0,12,81,88.5,89.2
2021-09-23,1.958375,3.667,9,70,89.7,90.2
2021-09-24,1.66675,3.333,7,60,88.4,88.9
2021-09-25,1.54175,2.333,6,45,88.4,88.9
2021-09-26,0.20825000000000002,0.667,1,50,86.3,86.7
2021-09-27,1.58325,2.333,6,50,85.3,85.6
2021-09-28,2.20825,3.0,9,57,88.9,89.3
2021-09-29,1.041625,2.0,4,70,101.6,102.0
2021-09-30,1.5,4.0,8,45,94.6,94.8
2021-10-01,2.4582500000000005,3.667,12,38,90.5,90.7
2021-10-02,1.375,4.0,7,34,87.0,87.1
2021-10-03,1.333375,2.0,5,27,86.0,86.1
2021-10-04,1.04175,2.667,4,35,83.5,83.5
2021-10-05,0.9998750000000001,2.667,4,30,81.7,81.7
2021-10-06,1.958375,3.0,8,26,84.8,84.7
2021-10-07,0.625,1.333,3,16,85.7,85.6
2021-10-08,0.7498750000000001,2.0,3,19,92.4,92.2
2021-10-09,1.000125,1.667,4,23,81.0,80.8
2021-10-10,2.041625,4.667,11,38,84.5,84.2
2021-10-11,2.791625,3.667,14,30,88.5,88.2
2021-10-12,4.70825,6.333,46,17,83.5,83.1
2021-10-13,1.04175,3.333,5,20,83.5,83.1
2021-10-14,1.749875,2.333,6,20,84.0,83.6
2021-10-15,1.08325,2.333,4,12,81.7,81.2
2021-10-16,1.20825,3.0,5,11,80.4,79.8
2021-10-17,2.08325,4.0,10,0,77.6,77.1
2021-10-18,2.0835,3.333,9,17,76.8,76.2
2021-10-19,2.416625,4.0,12,13,78.8,78.2
2021-10-20,1.375,2.333,5,12,77.9,77.2
2021-10-21,1.375125,2.0,5,17,82.4,81.6
2021-10-22,0.666625,1.667,3,36,85.7,84.8
2021-10-23,0.5415000000000001,1.667,2,48,90.1,89.1
2021-10-24,0.8335,1.667,4,40,93.8,92.8
2021-10-25,1.0,2.333,4,66,101.8,100.6
2021-10-26,1.04175,2.333,4,90,110.8,109.4
2021-10-27,0.416625,1.0,2,103,112.2,110.8
2021-10-28,0.20825,1.333,1,97,112.7,111.3
2021-10-29,0.291625,1.333,1,82,108.0,106.5
2021-10-30,1.9168749999999999,3.667,8,76,110.4,108.9
2021-10-31,2.6665,4.0,14,65,101.7,100.2
2021-11-01,1.875125,3.333,8,51,97.6,96.1
2021-11-02,3.083375,4.667,17,43,96.0,94.5
2021-11-03,2.208375,6.333,19,33,92.4,90.9
2021-11-04,4.958500000000001,7.667,72,28,92.4,90.8
2021-11-05,2.333375,3.667,11,37,91.2,89.6
2021-11-06,3.083375,4.0,17,34,87.0,85.4
2021-11-07,0.8331250000000001,4.0,5,30,89.9,88.2
2021-11-08,1.0,3.0,4,40,90.8,89.1
2021-11-09,1.4585,2.667,6,44,91.4,89.6
2021-11-10,1.4165,3.0,6,41,96.9,95.0
2021-11-11,0.83325,2.0,3,43,84.2,82.5
2021-11-12,0.54175,1.667,2,36,84.1,82.3
2021-11-13,0.249875,0.667,1,27,83.6,81.9
2021-11-14,0.583375,1.0,3,20,79.1,77.4
2021-11-15,1.416625,4.0,8,24,80.9,79.1
2021-11-16,2.5416250000000002,4.0,12,32,80.8,79.0
2021-11-17,2.541625,3.333,12,29,80.4,78.5
2021-11-18,1.1665,2.333,5,23,78.9,77.1
2021-11-19,1.125,1.667,4,22,78.9,77.0
2021-11-20,2.1665,3.333,9,22,81.6,79.7
2021-11-21,2.6667500000000004,3.333,12,23,79.8,77.9
2021-11-22,1.874875,3.0,8,23,79.5,77.5
2021-11-23,2.125,3.0,9,33,80.9,78.9
2021-11-24,1.04175,1.667,4,43,86.6,84.4
2021-11-25,1.04175,2.333,4,26,84.9,82.7
2021-11-26,0.49987500000000007,1.333,2,44,93.6,91.1
2021-11-27,0.75,3.0,4,41,92.4,90.0
2021-11-28,1.958375,3.333,9,48,93.5,91.0
2021-11-29,1.5835,3.667,8,44,92.4,89.8
2021-11-30,1.249875,5.333,10,59,90.0,87.5
2021-12-01,3.208375,4.0,18,43,86.4,84.0
2021-12-02,2.16675,3.0,9,38,86.6,84.2
2021-12-03,1.791625,3.333,8,29,85.3,82.9
2021-12-04,1.583375,3.0,7,19,88.1,85.6
2021-12-05,1.749875,3.0,7,24,82.7,80.3
2021-12-06,1.6668749999999999,2.667,6,13,80.0,77.6
2021-12-07,0.8331250000000001,2.333,4,12,78.9,76.6
2021-12-08,0.875,1.667,4,6,76.9,74.6
2021-12-09,0.29175,0.667,1,0,76.7,74.4
2021-12-10,0.5832499999999999,1.667,3,0,75.7,73.4
2021-12-11,0.8748750000000001,3.333,4,0,76.2,73.9
2021-12-12,0.6248750000000001,1.333,2,13,79.9,77.4
2021-12-13,0.916625,2.667,4,24,80.6,78.2
2021-12-14,1.08325,1.333,4,46,88.9,86.2
2021-12-15,2.083375,3.333,9,78,102.5,99.3
2021-12-16,1.875,3.0,7,107,117.9,114.2
2021-12-17,0.58325,1.667,3,111,120.9,117.0
2021-12-18,0.666625,1.667,3,109,121.3,117.4
2021-12-19,1.958375,5.0,14,118,115.3,111.6
2021-12-20,2.791625,3.667,13,121,122.7,118.8
2021-12-21,2.0001249999999997,3.667,9,132,136.6,132.2
2021-12-22,2.3332499999999996,3.0,10,150,140.4,135.8
2021-12-23,0.83325,2.333,4,145,129.8,125.6
2021-12-24,1.16675,2.333,5,118,126.2,122.1
2021-12-25,1.625125,2.667,6,114,130.7,126.5
2021-12-26,0.625,1.667,3,95,125.4,121.2
2021-12-27,2.125,4.0,10,107,123.9,119.9
2021-12-28,1.79175,2.667,7,103,120.5,116.5
2021-12-29,1.45825,2.333,6,87,111.4,107.8
2021-12-30,1.8331250000000001,3.0,8,69,102.4,99.0
2021-12-31,0.8332499999999999,2.0,3,60,101.5,98.2
2022-01-01,2.416625,4.0,12,48,93.9,90.8
2022-01-02,2.0415,3.333,9,27,89.0,86.0
2022-01-03,2.4166250000000002,4.0,12,10,84.0,81.3
2022-01-04,1.08325,3.0,5,10,85.5,82.7
2022-01-05,0.625,2.333,2,23,83.7,81.0
2022-01-06,0.041625,0.333,0,34,93.7,90.6
2022-01-07,0.0,0.0,0,44,107.3,103.8
2022-01-08,1.708375,5.0,13,44,102.4,99.1
2022-01-09,2.0,3.0,8,54,102.1,98.7
2022-01-10,1.499875,2.333,6,54,102.2,98.8
2022-01-11,0.958375,2.0,4,51,100.0,96.7
2022-01-12,0.666625,1.333,3,76,103.2,99.8
2022-01-13,0.49987499999999996,1.0,2,85,105.5,102.1
2022-01-14,1.958375,5.667,15,98,110.2,106.6
2022-01-15,3.2917500000000004,4.667,20,95,115.6,111.8
2022-01-16,3.041625,4.333,16,102,119.4,115.6
2022-01-17,2.083375,3.0,9,80,113.5,109.9
2022-01-18,3.041625,5.0,17,66,114.5,110.8
2022-01-19,3.33325,5.333,23,58,105.3,101.9
2022-01-20,0.7915000000000001,3.333,4,57,99.3,96.1
2022-01-21,1.625,3.333,8,23,97.3,94.3
2022-01-22,2.20825,3.0,9,24,95.2,92.2
2022-01-23,1.58325,3.0,7,20,93.5,90.6
2022-01-24,0.791625,2.0,3,33,95.2,92.2
2022-01-25,2.833375,3.333,14,52,100.9,97.8
2022-01-26,2.333375,3.0,10,69,101.8,98.7
2022-01-27,1.500125,3.0,6,81,107.1,103.9
2022-01-28,1.625125,3.667,7,72,113.4,110.0
2022-01-29,2.5001250000000006,4.0,14,66,125.3,121.6
2022-01-30,2.375125,3.0,10,83,129.6,125.8
2022-01-31,2.16675,3.0,9,75,129.5,125.7
2022-02-01,1.29175,3.333,6,77,128.6,124.9
2022-02-02,2.0001249999999997,4.0,10,72,128.2,124.5
2022-02-03,3.666625,5.333,26,80,126.5,122.9
2022-02-04,4.208375,5.333,32,100,129.6,126.0
2022-02-05,2.500125,3.0,11,91,125.9,122.4
2022-02-06,2.791875,3.667,14,78,123.6,120.2
2022-02-07,1.624875,2.333,6,76,127.2,123.7
2022-02-08,1.041625,2.0,4,75,123.1,119.8
2022-02-09,0.374875,2.0,2,68,125.9,122.5
2022-02-10,3.2501249999999997,5.0,21,72,118.0,114.9
2022-02-11,3.166625,4.333,19,75,113.1,110.2
2022-02-12,2.75,3.333,13,54,110.5,107.7
2022-02-13,2.916625,3.667,14,46,105.4,102.8
2022-02-14,1.708375,2.667,7,63,106.5,103.9
2022-02-15,0.91675,2.0,4,81,114.3,111.5
2022-02-16,2.083375,3.0,9,87,102.9,100.4
2022-02-17,1.124875,2.333,4,80,96.7,94.4
2022-02-18,1.333375,2.667,5,49,93.3,91.1
2022-02-19,1.999875,2.667,8,42,95.7,93.5
2022-02-20,2.4167500000000004,4.667,13,48,93.3,91.2
2022-02-21,2.2501249999999997,4.0,11,48,97.8,95.6
2022-02-22,2.666625,4.667,16,38,95.3,93.3
2022-02-23,1.583375,2.333,6,36,95.5,93.5
2022-02-24,1.249875,3.0,6,32,92.3,90.5
2022-02-25,1.7915,3.333,8,23,96.2,94.2
2022-02-26,0.125,0.667,1,25,96.5,94.7
2022-02-27,2.3333749999999998,3.667,11,32,96.9,95.1
2022-02-28,1.791625,2.333,6,56,99.0,97.1
2022-03-01,2.0416250000000002,2.333,8,72,99.3,97.5
2022-03-02,0.791875,1.667,3,78,109.5,107.6
2022-03-03,1.0415,2.333,4,88,110.9,109.0
2022-03-04,2.33325,3.333,10,87,113.1,111.2
2022-03-05,3.6251249999999997,5.333,27,85,120.1,118.2
2022-03-06,2.958375,4.667,18,79,115.7,113.9
2022-03-07,1.9165,3.0,8,89,118.3,116.5
2022-03-08,1.25,2.667,5,91,115.3,113.6
2022-03-09,1.0835,2.667,5,89,114.8,113.1
2022-03-10,1.83325,3.667,8,94,127.1,125.4
2022-03-11,3.3748750000000003,4.333,20,91,126.5,124.9
2022-03-12,1.999875,4.667,12,91,124.7,123.1
2022-03-13,3.666625,6.333,40,85,122.9,121.4
2022-03-14,2.12525,5.667,14,84,114.9,113.6
2022-03-15,1.416625,3.0,6,75,110.4,109.2
2022-03-16,1.375,2.333,5,62,106.6,105.5
2022-03-17,1.2085,2.0,5,50,102.8,101.8
2022-03-18,0.54175,2.0,2,35,97.8,96.8
2022-03-19,1.125,2.0,4,36,94.4,93.5
2022-03-20,1.79175,3.333,8,52,94.9,94.1
2022-03-21,0.708375,2.0,3,51,97.7,97.0
2022-03-22,1.916625,3.333,8,47,105.9,105.2
2022-03-23,1.500125,2.0,6,49,105.6,104.9
2022-03-24,2.2498750000000003,3.333,10,51,111.6,110.9
2022-03-25,1.875125,3.0,8,51,112.4,111.8
2022-03-26,1.45825,3.0,6,61,118.7,118.1
2022-03-27,2.875,4.0,15,96,130.3,129.7
2022-03-28,1.66675,4.0,9,137,156.0,155.4
2022-03-29,1.875,2.667,7,142,149.2,148.7
2022-03-30,1.3333750000000002,3.333,6,115,151.3,151.0
2022-03-31,3.7917499999999995,4.667,26,124,239.5,239.0
2022-04-01,2.916625,4.0,15,130,146.6,146.4
2022-04-02,3.2501249999999997,4.667,20,121,143.3,143.2
2022-04-03,1.791625,3.0,8,118,140.2,140.2
2022-04-04,2.2917499999999995,3.667,11,82,128.0,128.0
2022-04-05,1.499875,2.0,6,86,122.4,122.5
2022-04-06,1.416625,2.667,6,74,117.0,117.1
2022-04-07,2.4167500000000004,3.667,11,57,111.1,111.3
2022-04-08,1.75,3.333,7,53,108.9,109.2
2022-04-09,3.0002500000000003,3.667,17,38,107.1,107.5
2022-04-10,3.375,6.667,29,21,101.1,101.4
2022-04-11,2.29175,3.667,11,11,98.7,99.2
2022-04-12,2.208375,3.667,11,14,96.2,96.7
2022-04-13,1.708375,3.333,8,33,98.7,99.2
2022-04-14,4.45825,6.0,39,41,103.4,104.0
2022-04-15,3.541625,5.0,23,46,110.3,111.0
2022-04-16,1.791625,2.667,7,64,122.4,123.3
2022-04-17,2.3335,3.0,10,86,134.9,135.9
2022-04-18,2.0415,3.333,8,100,140.5,141.6
2022-04-19,1.499875,3.0,6,95,160.1,161.5
2022-04-20,1.8331250000000001,3.333,8,99,165.5,167.0
2022-04-21,2.1668749999999997,3.0,9,113,164.4,166.0
2022-04-22,1.58325,2.333,6,111,162.5,164.2
2022-04-23,2.4582499999999996,3.333,11,126,159.8,161.6
2022-04-24,1.208375,2.0,4,129,158.5,160.3
2022-04-25,0.91675,1.667,4,119,156.6,158.5
2022-04-26,0.45825000000000005,1.0,2,132,148.9,150.8
2022-04-27,2.666625,5.0,17,133,141.5,143.4
2022-04-28,2.833375,3.667,14,134,132.2,134.1
2022-04-29,2.583375,3.667,12,105,123.5,125.3
2022-04-30,2.7916250000000002,4.333,15,50,119.7,121.5
2022-05-01,1.958375,3.0,8,36,109.0,110.6
2022-05-02,1.04175,2.667,4,32,111.9,113.7
2022-05-03,1.500125,2.333,6,76,113.8,115.6
2022-05-04,1.458375,2.0,5,77,130.1,132.3
2022-05-05,0.791625,1.333,3,78,119.9,122.0
2022-05-06,0.83325,1.667,3,76,119.2,121.3
2022-05-07,0.291625,1.0,1,64,118.1,120.2
2022-05-08,1.41675,2.0,5,80,119.2,121.4
2022-05-09,1.5415,3.0,6,71,117.0,119.3
2022-05-10,0.5415,1.333,2,57,115.8,118.1
2022-05-11,1.291625,2.0,5,80,132.9,135.6
2022-05-12,1.833375,2.667,8,112,133.0,135.7
2022-05-13,1.583375,2.667,6,125,149.5,152.6
2022-05-14,1.583375,2.667,6,131,152.7,155.9
2022-05-15,2.1666250000000002,3.333,10,145,153.6,156.9
2022-05-16,2.083375,3.0,9,149,161.7,165.3
2022-05-17,2.333375,3.333,10,146,170.8,174.7
2022-05-18,1.375,3.0,6,131,179.9,184.0
2022-05-19,2.125,2.667,8,144,173.2,177.3
2022-05-20,2.375,3.667,11,132,165.5,169.5
2022-05-21,2.250125,3.667,10,154,166.7,170.8
2022-05-22,2.208375,3.667,10,162,164.7,168.8
2022-05-23,0.9165000000000001,2.333,4,144,158.2,162.2
2022-05-24,0.75,1.667,3,132,146.9,150.6
2022-05-25,1.5,2.333,6,106,136.5,140.1
2022-05-26,0.91675,1.333,4,81,122.7,126.0
2022-05-27,2.6248750000000003,5.0,18,59,113.6,116.7
2022-05-28,3.0417500000000004,5.0,22,42,101.8,104.5
2022-05-29,3.041625,3.667,16,43,98.4,101.1
2022-05-30,1.95825,3.0,8,58,100.6,103.4
2022-05-31,2.083375,3.333,8,69,98.0,100.7
2022-06-01,1.20825,2.0,5,62,104.2,107.1
2022-06-02,0.9165,1.667,4,59,100.9,103.8
2022-06-03,0.8334999999999999,1.333,4,56,100.7,103.6
2022-06-04,0.541625,1.0,3,66,100.9,103.9
2022-06-05,0.8751249999999999,1.667,4,49,98.7,101.6
2022-06-06,2.125,3.0,9,32,96.4,99.3
2022-06-07,1.7081250000000001,2.333,6,7,98.4,101.3
2022-06-08,1.0,2.0,4,3,99.9,102.9
2022-06-09,1.124875,1.333,4,21,106.4,109.6
2022-06-10,0.916625,2.0,4,46,110.5,113.9
2022-06-11,1.75,3.0,7,39,112.1,115.6
2022-06-12,2.125,3.0,9,53,121.3,125.1
2022-06-13,2.5835,4.667,14,94,131.5,135.6
2022-06-14,1.7501250000000002,2.333,6,123,145.5,150.1
2022-06-15,2.958375,4.333,17,148,140.0,144.5
2022-06-16,2.3748750000000003,3.667,10,150,146.7,151.4
2022-06-17,2.708125,3.333,12,152,148.9,153.7
2022-06-18,2.458375,4.333,13,147,140.2,144.7
2022-06-19,2.1666250000000002,3.333,10,118,143.6,148.2
2022-06-20,2.208125,3.333,10,96,136.5,141.0
2022-06-21,1.750125,2.667,7,96,138.7,143.2
2022-06-22,2.208375,3.0,9,89,128.7,132.9
2022-06-23,2.25,3.0,10,70,121.4,125.5
2022-06-24,1.374875,3.0,6,61,115.4,119.2
2022-06-25,2.6667500000000004,4.667,15,47,108.1,111.7
2022-06-26,3.458375,4.667,22,33,102.0,105.4
2022-06-27,1.875,4.0,10,52,98.2,101.4
2022-06-28,1.7081250000000001,3.333,7,62,96.1,99.3
2022-06-29,1.16675,1.667,4,37,96.2,99.4
2022-06-30,0.7084999999999999,1.0,3,42,95.7,98.9
2022-07-01,1.208375,3.333,6,58,98.0,101.3
2022-07-02,2.8751250000000006,4.667,17,64,100.2,103.6
2022-07-03,1.624875,3.0,7,56,102.2,105.7
2022-07-04,3.3335,4.0,19,59,104.4,107.9
2022-07-05,0.541625,1.0,3,78,109.4,113.1
2022-07-06,0.875125,1.667,4,82,114.6,118.4
2022-07-07,2.7498750000000003,5.333,19,97,121.3,125.3
2022-07-08,3.0835,5.0,19,87,129.6,133.9
2022-07-09,1.333375,2.667,5,93,136.9,141.5
2022-07-10,1.374875,2.333,5,107,153.0,158.2
2022-07-11,2.041625,4.0,10,125,161.0,166.4
2022-07-12,3.0832499999999996,4.333,16,114,164.9,170.4
2022-07-13,0.958375,1.667,4,116,164.8,170.3
2022-07-14,0.8748750000000001,1.333,4,123,169.0,174.6
2022-07-15,1.75,2.667,7,135,171.4,177.0
2022-07-16,1.4585,3.0,6,151,176.2,182.0
2022-07-17,0.833625,1.667,4,138,161.2,166.5
2022-07-18,1.83325,3.0,8,124,149.4,154.3
2022-07-19,3.9167500000000004,4.667,27,111,144.1,148.8
2022-07-20,1.4165,2.333,5,133,132.2,136.5
2022-07-21,2.8751249999999997,5.333,20,110,121.7,125.6
2022-07-22,2.2915,3.333,10,98,114.7,118.4
2022-07-23,2.708375,5.333,17,97,110.5,114.1
2022-07-24,2.0,2.667,8,80,107.1,110.5
2022-07-25,1.16675,2.333,5,86,102.3,105.5
2022-07-26,1.625,3.333,7,91,98.8,101.9
2022-07-27,2.166625,2.667,8,60,98.0,101.1
2022-07-28,1.70825,2.333,6,42,93.4,96.3
2022-07-29,0.83325,1.667,4,43,93.0,95.9
2022-07-30,1.5415,2.333,6,42,90.8,93.6
2022-07-31,2.29175,4.0,11,34,94.3,97.1
2022-08-01,1.875125,2.667,7,27,95.4,98.2
2022-08-02,2.1665,2.333,8,33,97.8,100.7
2022-08-03,1.958375,2.667,7,36,99.9,102.8
2022-08-04,1.5,2.0,6,42,108.8,111.9
2022-08-05,1.291625,3.0,6,71,112.2,115.4
2022-08-06,0.583375,1.0,3,72,116.3,119.7
2022-08-07,3.291625,5.667,23,85,116.1,119.4
2022-08-08,3.833500000000001,5.0,26,80,113.0,116.2
2022-08-09,3.3332499999999996,4.0,19,61,109.4,112.4
2022-08-10,2.541625,3.667,12,63,107.6,110.5
2022-08-11,3.0415,4.333,17,71,114.8,117.9
2022-08-12,1.5,2.667,6,102,119.5,122.7
2022-08-13,2.0,2.667,8,109,124.2,127.5
2022-08-14,1.249875,2.667,5,110,125.5,128.8
2022-08-15,1.166625,2.333,5,110,130.6,134.0
2022-08-16,0.8751249999999999,1.667,4,123,128.5,131.7
2022-08-17,3.375,6.667,32,111,122.7,125.7
2022-08-18,3.7917500000000004,5.0,28,87,116.5,119.4
2022-08-19,3.166625,5.0,20,83,105.4,107.9
2022-08-20,2.20825,4.0,12,74,101.5,103.9
2022-08-21,2.708375,4.333,14,58,97.0,99.2
2022-08-22,1.5,3.0,6,71,102.6,104.9
2022-08-23,0.58325,2.0,3,50,100.9,103.2
2022-08-24,0.5,1.0,2,60,107.8,110.2
2022-08-25,0.666625,1.333,3,93,117.8,120.3
2022-08-26,0.791625,1.333,3,94,118.6,121.2
2022-08-27,2.25,3.667,11,94,127.5,130.2
2022-08-28,1.66675,3.0,7,83,251.9,257.0
2022-08-29,2.5001249999999997,3.667,12,70,130.6,133.1
2022-08-30,2.625,4.0,12,48,125.6,128.1
2022-08-31,2.6248750000000003,4.333,13,43,113.3,115.5
2022-09-01,1.9581250000000001,3.333,8,62,116.3,118.4
2022-09-02,1.75,3.667,8,63,129.8,132.1
2022-09-03,3.5415,5.0,22,68,123.4,125.6
2022-09-04,5.41675,6.333,62,72,128.3,130.4
2022-09-05,4.5,5.0,36,83,130.2,132.4
2022-09-06,3.375,4.0,19,75,126.2,128.2
2022-09-07,2.666625,3.667,13,96,126.1,128.1
2022-09-08,3.25,4.333,19,97,126.6,128.5
2022-09-09,2.416875,3.667,12,103,126.2,128.0
2022-09-10,2.625,3.333,12,117,135.9,137.7
2022-09-11,1.916625,3.333,8,128,151.5,153.5
2022-09-12,1.66675,2.667,7,141,150.4,152.3
2022-09-13,0.54175,1.333,2,118,154.1,155.9
2022-09-14,1.791875,4.0,8,91,144.3,146.0
2022-09-15,1.250125,3.667,6,101,139.7,141.3
2022-09-16,0.9582499999999999,1.667,4,92,131.1,132.5
2022-09-17,1.0,2.0,4,86,131.5,132.8
2022-09-18,2.29175,3.333,10,73,136.1,137.4
2022-09-19,2.29175,3.667,11,70,127.9,129.1
2022-09-20,1.83325,2.667,7,68,137.2,138.4
2022-09-21,1.083375,2.0,4,84,136.9,138.0
2022-09-22,1.208375,3.0,5,105,136.7,137.7
2022-09-23,2.458125,3.333,11,131,146.3,147.3
2022-09-24,2.666625,3.333,12,147,146.5,147.4
2022-09-25,1.333375,1.667,5,135,134.7,135.5
2022-09-26,0.9165000000000001,3.333,4,132,135.1,135.8
2022-09-27,3.3332499999999996,5.333,22,108,134.5,135.1
2022-09-28,0.83325,1.333,3,85,134.8,135.3
2022-09-29,1.541625,2.667,6,72,137.2,137.7
2022-09-30,2.41675,4.0,13,76,137.1,137.5
2022-10-01,0.45824999999999994,1.333,2,110,147.9,148.3
2022-10-02,2.3748750000000003,4.667,12,128,153.9,154.1
2022-10-03,3.458375,5.667,24,165,155.1,155.3
2022-10-04,2.9165,4.333,17,167,152.4,152.5
2022-10-05,2.7498750000000003,3.333,13,164,161.0,161.0
2022-10-06,3.0415,4.0,16,162,155.7,155.6
2022-10-07,2.625125,4.0,14,163,159.7,159.5
2022-10-08,2.375125,3.333,11,154,157.2,156.9
2022-10-09,3.7085,4.333,23,129,160.5,160.1
2022-10-10,2.083125,3.333,9,120,163.2,162.7
2022-10-11,1.4165,3.0,6,106,150.3,149.8
2022-10-12,1.125,2.333,4,103,140.6,140.0
2022-10-13,0.83325,1.333,4,83,130.0,129.4
2022-10-14,2.916625,4.333,16,82,120.5,119.9
2022-10-15,2.79175,4.667,16,46,115.1,114.4
2022-10-16,2.916625,4.0,15,75,119.2,118.4
2022-10-17,0.833375,3.0,4,73,125.6,124.8
2022-10-18,1.33325,2.333,5,50,113.9,113.1
2022-10-19,0.875,1.333,4,49,113.2,112.3
2022-10-20,1.41675,3.0,6,36,115.8,114.8
2022-10-21,0.9165000000000001,1.333,4,57,109.4,108.4
2022-10-22,3.41675,5.333,24,70,105.0,103.9
2022-10-23,2.66675,4.333,15,52,108.4,107.3
2022-10-24,1.583375,2.667,6,54,114.8,113.6
2022-10-25,0.7498750000000001,2.0,3,78,116.3,115.0
2022-10-26,0.875,2.667,4,83,122.4,120.9
2022-10-27,2.250125,3.0,9,86,129.7,128.1
2022-10-28,2.833125,4.333,15,89,129.3,127.7
2022-10-29,3.75,4.667,25,87,133.9,132.1
2022-10-30,2.45825,3.0,10,75,130.5,128.7
2022-10-31,2.458375,3.333,11,63,127.9,126.0
2022-11-01,1.66675,3.333,7,85,128.1,126.1
2022-11-02,2.75,4.0,13,98,129.7,127.7
2022-11-03,3.708375,5.0,26,78,125.3,123.3
2022-11-04,2.875,3.667,14,103,117.7,115.7
2022-11-05,2.0001249999999997,3.333,9,115,131.1,128.8
2022-11-06,0.5417500000000001,0.667,3,96,130.8,128.5
2022-11-07,2.8751250000000006,5.0,19,100,134.6,132.1
2022-11-08,2.375,3.333,11,103,132.3,129.8
2022-11-09,1.166625,3.0,5,98,137.6,135.0
2022-11-10,0.041625,0.333,0,85,138.7,136.0
2022-11-11,1.79175,2.667,7,74,137.6,134.9
2022-11-12,1.083375,2.333,4,88,138.2,135.4
2022-11-13,1.666625,2.667,6,111,137.0,134.1
2022-11-14,0.75,1.667,3,96,141.5,138.5
2022-11-15,0.41637500000000005,1.0,2,86,134.2,131.3
2022-11-16,0.458125,1.333,2,90,132.9,130.0
2022-11-17,0.25012500000000004,0.667,1,59,119.2,116.5
2022-11-18,1.416625,3.0,6,57,116.0,113.4
2022-11-19,0.95825,2.333,4,75,115.1,112.4
2022-11-20,1.208375,2.667,5,87,119.1,116.3
2022-11-21,2.0416250000000002,3.333,9,77,117.0,114.2
2022-11-22,0.45825000000000005,1.0,2,73,115.7,112.9
2022-11-23,0.416625,1.0,2,71,113.3,110.5
2022-11-24,1.333375,2.333,5,76,109.7,106.9
2022-11-25,3.25,4.0,18,72,108.5,105.7
2022-11-26,2.958375,3.667,15,78,107.1,104.3
2022-11-27,2.7501249999999997,3.667,13,72,107.2,104.4
2022-11-28,3.2082500000000005,5.333,22,56,107.0,104.1
2022-11-29,3.3748749999999994,4.0,20,28,107.9,105.0
2022-11-30,3.5832499999999996,5.333,24,28,111.0,108.0
2022-12-01,3.7502500000000003,4.667,24,51,118.7,115.4
2022-12-02,3.0,3.333,15,71,124.0,120.6
2022-12-03,2.2916250000000002,3.333,10,75,133.8,130.0
2022-12-04,2.791625,4.333,16,93,143.7,139.6
2022-12-05,1.58325,2.667,6,103,149.8,145.4
2022-12-06,0.75,1.667,3,119,144.2,140.0
2022-12-07,2.5417500000000004,4.667,16,127,148.0,143.6
2022-12-08,1.958375,4.0,9,128,143.0,138.8
2022-12-09,2.208375,4.333,10,111,149.1,144.6
2022-12-10,1.9168749999999999,3.0,8,122,141.7,137.4
2022-12-11,2.125,2.667,9,140,147.7,143.2
2022-12-12,1.291625,2.667,5,157,150.8,146.2
2022-12-13,0.625,2.0,3,159,153.0,148.3
2022-12-14,1.0,2.0,4,148,164.7,159.6
2022-12-15,1.333375,2.0,5,141,165.9,160.7
2022-12-16,1.0,2.667,4,131,163.1,158.0
2022-12-17,0.45825000000000005,1.667,2,131,154.6,149.7
2022-12-18,0.791625,2.0,3,127,155.6,150.7
2022-12-19,2.083375,3.667,9,113,152.4,147.5
2022-12-20,1.1665,2.333,5,112,146.4,141.7
2022-12-21,2.041875,3.333,8,100,138.7,134.2
2022-12-22,2.083375,3.667,10,98,131.3,127.0
2022-12-23,3.3751250000000006,4.667,21,85,127.7,123.6
2022-12-24,3.583125,4.333,22,93,133.3,129.0
2022-12-25,2.0001249999999997,3.0,8,105,144.0,139.3
2022-12-26,3.1667500000000004,5.667,23,115,150.5,145.5
2022-12-27,3.6665,4.333,24,94,159.0,153.8
2022-12-28,1.125125,2.333,4,103,160.4,155.1
2022-12-29,2.0,3.667,10,123,162.8,157.4
2022-12-30,4.041625,4.667,29,124,178.3,172.4
2022-12-31,2.9167499999999995,4.0,15,98,164.9,159.5
2023-01-01,2.7501249999999997,4.0,14,108,152.6,147.5
2023-01-02,1.791625,3.0,7,109,146.4,141.5
2023-01-03,1.33325,2.667,6,108,148.5,143.6
2023-01-04,3.0,4.667,19,96,151.0,146.0
2023-01-05,1.79175,3.0,8,112,154.3,149.2
2023-01-06,0.7915000000000001,1.333,3,131,172.4,166.7
2023-01-07,1.2915,2.667,6,133,178.9,173.0
2023-01-08,1.75,3.0,7,135,183.8,177.8
2023-01-09,1.125,2.0,4,148,190.9,184.7
2023-01-10,1.416875,3.0,6,179,193.0,186.6
2023-01-11,1.91675,2.667,7,168,195.1,188.7
2023-01-12,2.16675,3.0,9,171,211.6,204.7
2023-01-13,2.45825,4.0,11,178,208.5,201.7
2023-01-14,2.04175,3.333,9,189,227.8,220.4
2023-01-15,4.00025,5.0,28,199,234.3,226.7
2023-01-16,2.583375,4.0,14,190,228.1,220.7
2023-01-17,1.125,3.333,5,188,221.7,214.6
2023-01-18,2.6667500000000004,4.0,14,195,220.3,213.2
2023-01-19,1.375,2.667,6,205,226.1,218.9
2023-01-20,1.291625,2.667,5,206,217.5,210.6
2023-01-21,2.916625,4.0,15,195,208.7,202.1
2023-01-22,2.1248750000000003,3.333,8,166,198.6,192.3
2023-01-23,1.541625,3.0,6,162,189.1,183.2
2023-01-24,0.83325,1.333,4,151,180.2,174.6
2023-01-25,1.33325,3.0,6,137,171.8,166.5
2023-01-26,2.2085,2.667,10,110,150.6,146.0
2023-01-27,1.875,3.333,8,86,144.9,140.5
2023-01-28,2.2083749999999998,3.0,10,85,137.6,133.4
2023-01-29,1.083375,2.0,4,79,137.0,132.9
2023-01-30,1.000125,2.667,4,76,135.9,131.9
2023-01-31,1.875,3.333,8,80,137.0,132.9
2023-02-01,1.20825,2.667,5,72,133.5,129.6
2023-02-02,0.916625,3.333,4,58,134.9,131.0
2023-02-03,1.66675,3.0,7,64,134.5,130.7
2023-02-04,1.125125,2.667,5,71,139.0,135.1
2023-02-05,1.124875,2.0,4,74,144.0,140.0
2023-02-06,3.083375,3.667,16,111,156.7,152.4
2023-02-07,3.2917500000000004,4.0,18,107,184.7,179.7
2023-02-08,3.2082499999999996,4.0,17,125,197.6,192.3
2023-02-09,3.2498749999999994,4.333,18,129,214.9,209.1
2023-02-10,2.958375,4.0,15,163,207.8,202.3
2023-02-11,1.9165,3.333,8,166,209.5,204.1
2023-02-12,1.875125,2.333,7,159,199.7,194.6
2023-02-13,0.9167500000000001,2.0,4,177,189.2,184.4
2023-02-14,1.499875,2.333,6,159,179.7,175.3
2023-02-15,3.8748749999999994,5.333,27,121,173.7,169.5
2023-02-16,3.291499999999999,5.0,23,91,163.2,159.2
2023-02-17,1.375,3.0,6,86,343.1,335.0
2023-02-18,1.5,2.333,6,104,167.4,163.6
2023-02-19,1.45825,2.667,6,107,169.0,165.2
2023-02-20,1.708375,3.0,7,112,159.8,156.3
2023-02-21,2.666625,4.0,14,104,160.9,157.4
2023-02-22,1.624875,2.333,6,86,151.9,148.6
2023-02-23,3.4167500000000004,4.333,20,90,148.2,145.1
2023-02-24,1.166625,2.333,4,117,164.1,160.7
2023-02-25,2.041625,3.333,10,127,279.3,273.7
2023-02-26,3.416625,5.667,24,119,159.0,155.9
2023-02-27,6.208375,6.667,91,126,161.2,158.1
2023-02-28,3.458375,5.667,26,91,160.9,157.9
2023-03-01,1.75,3.0,7,93,162.0,159.0
2023-03-02,1.91675,3.667,8,100,168.8,165.8
2023-03-03,3.416625,4.0,20,119,190.9,187.5
2023-03-04,3.0832499999999996,4.0,16,127,181.6,178.6
2023-03-05,3.541625,4.333,21,151,179.8,176.8
2023-03-06,2.916875,3.667,15,185,188.0,185.0
2023-03-07,1.958375,3.0,9,186,180.3,177.5
2023-03-08,1.70825,3.0,7,166,181.9,179.2
2023-03-09,2.8332499999999996,4.0,14,156,178.8,176.2
2023-03-10,2.0,3.333,9,148,171.2,168.8
2023-03-11,1.458375,2.667,6,149,157.4,155.3
2023-03-12,1.583375,3.0,7,136,150.0,148.1
2023-03-13,0.49987500000000007,1.333,2,104,143.3,141.5
2023-03-14,3.291625,4.333,18,115,138.5,136.9
2023-03-15,3.7501249999999997,5.667,30,107,135.7,134.2
2023-03-16,1.125,3.667,6,94,135.4,133.9
2023-03-17,1.374875,2.333,5,72,134.2,132.9
2023-03-18,2.0415,2.667,8,44,140.3,139.0
2023-03-19,2.083375,3.333,9,73,142.7,141.4
2023-03-20,2.1248750000000003,4.0,11,83,156.1,154.8
2023-03-21,1.70825,2.333,6,96,151.6,150.4
2023-03-22,2.8332499999999996,3.667,15,104,158.9,157.7
2023-03-23,4.3335,7.0,55,112,151.0,150.0
2023-03-24,5.0832500000000005,8.0,73,149,157.5,156.6
2023-03-25,2.7917499999999995,3.667,14,153,160.3,159.4
2023-03-26,1.7086249999999998,2.667,7,154,159.4,158.6
2023-03-27,0.5415,1.0,3,158,158.2,157.5
2023-03-28,0.875,1.667,4,148,158.7,158.1
2023-03-29,1.250125,2.0,5,158,147.8,147.3
2023-03-30,3.083375,5.0,18,108,140.3,140.0
2023-03-31,3.333125,4.333,19,75,129.3,129.0
2023-04-01,2.6667500000000004,3.667,14,47,125.3,125.1
2023-04-02,2.708375,3.667,14,44,126.9,126.7
2023-04-03,2.5,3.667,12,61,133.6,133.5
2023-04-04,2.625,3.667,13,65,135.7,135.7
2023-04-05,2.458375,3.333,11,53,136.6,136.7
2023-04-06,1.749875,3.0,7,49,137.1,137.2
2023-04-07,1.875125,3.0,8,48,136.3,136.6
2023-04-08,1.25,2.0,5,48,135.9,136.2
2023-04-09,1.416625,3.0,6,60,140.3,140.7
2023-04-10,2.541625,3.333,12,90,139.8,140.3
2023-04-11,1.08325,2.333,4,109,143.4,144.0
2023-04-12,0.6248750000000001,1.333,3,130,154.0,154.7
2023-04-13,1.375,2.333,5,150,159.5,160.4
2023-04-14,1.45825,2.333,5,163,171.3,172.3
2023-04-15,1.83325,2.333,7,177,175.8,176.9
2023-04-16,0.9167500000000001,1.667,4,183,177.8,179.1
2023-04-17,1.1665,1.667,4,149,166.6,167.8
2023-04-18,2.0833749999999998,4.667,13,135,153.2,154.4
2023-04-19,1.958375,3.667,10,103,147.0,148.3
2023-04-20,1.083375,2.333,4,103,147.0,148.4
2023-04-21,2.041625,3.333,9,104,151.2,152.7
2023-04-22,1.4997500000000001,2.333,6,97,141.2,142.7
2023-04-23,4.2915,8.333,65,83,135.2,136.7
2023-04-24,4.91675,8.0,72,73,133.9,135.5
2023-04-25,1.7498749999999998,3.333,8,73,130.7,132.3
2023-04-26,2.8748750000000003,3.333,14,97,136.5,138.2
2023-04-27,3.5,4.333,21,109,140.8,142.6
2023-04-28,3.291625,4.0,18,111,149.8,151.8
2023-04-29,3.4165,4.0,20,111,155.8,158.0
2023-04-30,1.958375,3.0,9,102,153.5,155.8
2023-05-01,2.1248750000000003,3.333,9,104,147.9,150.1
2023-05-02,1.8335,3.333,8,123,156.8,159.2
2023-05-03,0.666625,2.0,3,124,156.2,158.7
2023-05-04,1.375,2.333,5,138,162.0,164.7
2023-05-05,0.7085,1.667,3,115,161.9,164.7
2023-05-06,3.791625,6.0,29,116,151.8,154.5
2023-05-07,2.125,4.0,10,133,157.2,160.0
2023-05-08,2.666625,4.333,15,128,171.9,175.1
2023-05-09,2.375,4.333,12,176,194.7,198.4
2023-05-10,3.5417500000000004,5.333,24,165,170.1,173.4
2023-05-11,2.04175,2.667,8,157,163.4,166.7
2023-05-12,3.0415,5.333,18,145,149.1,152.2
2023-05-13,2.291625,4.0,11,133,143.8,146.8
2023-05-14,1.791625,3.333,8,131,139.7,142.7
2023-05-15,1.08325,2.667,5,113,134.5,137.4
2023-05-16,1.70825,2.667,7,106,134.3,137.3
2023-05-17,0.6251249999999999,1.0,3,110,137.9,141.0
2023-05-18,0.2915,0.667,2,120,150.6,154.1
2023-05-19,1.416625,4.0,8,142,164.6,168.5
2023-05-20,4.0417499999999995,5.667,32,144,169.6,173.7
2023-05-21,3.208375,5.667,26,146,163.4,167.3
2023-05-22,3.375,4.667,20,136,161.5,165.5
2023-05-23,2.3751249999999997,3.667,12,127,154.9,158.8
2023-05-24,2.291625,3.0,10,151,164.1,168.2
2023-05-25,2.4167500000000004,3.0,11,150,152.1,156.0
2023-05-26,1.333375,1.667,5,145,149.0,152.9
2023-05-27,0.8333750000000001,2.0,4,137,156.9,161.1
2023-05-28,2.16675,3.0,9,144,151.3,155.4
2023-05-29,0.75,1.333,3,158,154.4,158.6
2023-05-30,0.958375,2.0,4,166,162.0,166.5
2023-05-31,2.2498750000000003,3.0,9,177,161.4,165.9
2023-06-01,2.666625,3.667,12,153,163.9,168.5
2023-06-02,1.16675,2.0,4,145,162.3,166.9
2023-06-03,0.750125,1.667,3,143,164.6,169.3
2023-06-04,1.999875,4.0,9,144,168.3,173.2
2023-06-05,0.958375,1.667,4,158,169.2,174.1
2023-06-06,1.333375,2.667,5,185,171.8,176.9
2023-06-07,0.75,2.0,3,198,167.2,172.1
2023-06-08,1.166625,1.667,4,181,168.5,173.6
2023-06-09,0.708375,1.667,3,167,164.3,169.3
2023-06-10,0.9165,1.333,4,148,161.2,166.1
2023-06-11,2.08325,3.0,8,146,153.8,158.6
2023-06-12,1.4997500000000001,2.333,6,114,146.1,150.7
2023-06-13,1.2915,2.333,5,93,146.3,150.9
2023-06-14,0.75,2.667,4,117,143.5,148.0
2023-06-15,3.208125,5.333,26,122,153.1,157.9
2023-06-16,4.000125,6.0,32,131,157.2,162.2
2023-06-17,2.0,2.333,7,130,158.1,163.2
2023-06-18,2.125,3.0,9,160,164.1,169.4
2023-06-19,2.3748750000000003,3.333,11,182,168.8,174.3
2023-06-20,2.0001249999999997,2.667,8,206,180.1,186.0
2023-06-21,1.458375,2.667,6,217,176.4,182.2
2023-06-22,2.1251249999999997,2.667,9,240,173.2,178.8
2023-06-23,2.1248750000000003,2.667,8,228,169.7,175.2
2023-06-24,2.916625,4.333,16,223,160.8,166.1
2023-06-25,2.7082500000000005,5.0,16,204,154.8,159.9
2023-06-26,2.416625,3.0,10,171,157.7,162.9
2023-06-27,2.0,2.333,7,156,151.2,156.2
2023-06-28,1.9165,2.333,7,136,154.9,160.1
2023-06-29,3.0417499999999995,3.667,16,111,162.2,167.6
2023-06-30,1.54175,3.0,6,106,158.6,163.9
2023-07-01,1.125125,2.0,4,136,165.5,171.0
2023-07-02,1.0,1.667,4,148,170.2,175.9
2023-07-03,0.958375,1.333,4,154,173.2,179.0
2023-07-04,0.791875,1.0,3,140,167.2,172.8
2023-07-05,1.33325,2.667,6,135,154.6,159.8
2023-07-06,2.333375,3.333,10,145,157.6,162.9
2023-07-07,3.2085,4.0,18,159,161.4,166.8
2023-07-08,1.2915,3.333,6,177,160.5,165.9
2023-07-09,0.7082499999999999,1.333,3,180,179.2,185.2
2023-07-10,0.95825,1.333,4,191,190.6,196.9
2023-07-11,1.7085,2.667,6,210,213.5,220.6
2023-07-12,1.5415,2.333,6,196,193.3,199.7
2023-07-13,1.625,3.0,7,152,202.9,209.7
2023-07-14,3.333375,4.667,20,152,180.6,186.6
2023-07-15,1.5835,2.667,7,127,178.5,184.5
2023-07-16,1.333375,4.0,8,166,184.3,190.4
2023-07-17,3.2917499999999995,4.667,21,159,180.0,185.9
2023-07-18,2.583375,4.333,14,168,218.5,225.7
2023-07-19,0.958375,1.333,4,165,188.9,195.1
2023-07-20,1.7917500000000002,4.333,10,177,184.3,190.3
2023-07-21,2.2915,4.333,11,150,172.8,178.5
2023-07-22,1.833375,3.0,8,140,174.4,180.0
2023-07-23,1.45825,2.333,6,144,172.5,178.0
2023-07-24,1.5,2.333,6,140,165.1,170.3
2023-07-25,1.7917500000000002,4.333,9,138,169.0,174.4
2023-07-26,3.291625,4.667,19,153,167.4,172.6
2023-07-27,1.583375,2.0,6,146,165.3,170.5
2023-07-28,1.2497500000000001,2.333,5,165,168.2,173.4
2023-07-29,1.95825,3.0,8,178,178.6,184.1
2023-07-30,1.91675,2.667,8,181,174.4,179.7
2023-07-31,1.416625,2.333,5,187,177.1,182.4
2023-08-01,1.958375,3.0,8,180,174.7,179.9
2023-08-02,2.333375,4.0,12,163,172.9,178.1
2023-08-03,1.249875,2.0,5,145,162.9,167.7
2023-08-04,2.25,4.0,13,132,170.8,175.8
2023-08-05,3.458375,6.333,33,131,175.8,180.8
2023-08-06,0.33325000000000005,1.0,2,122,173.5,178.5
2023-08-07,2.041625,4.0,10,126,169.7,174.5
2023-08-08,1.5,4.0,7,123,158.9,163.4
2023-08-09,1.583375,2.333,6,102,153.4,157.7
2023-08-10,1.625,2.667,6,109,155.7,160.0
2023-08-11,0.833375,1.333,4,105,152.8,157.0
2023-08-12,1.666625,2.333,6,80,148.3,152.2
2023-08-13,1.000125,2.0,4,101,150.4,154.4
2023-08-14,0.9581250000000001,1.333,4,118,154.0,158.1
2023-08-15,0.6248750000000001,1.0,3,122,158.1,162.1
2023-08-16,1.583375,3.0,7,148,160.1,164.2
2023-08-17,1.5,2.333,6,145,151.9,155.7
2023-08-18,2.3748750000000003,3.0,10,124,150.6,154.4
2023-08-19,1.7081250000000001,3.0,7,130,150.6,154.3
2023-08-20,1.95825,3.333,8,101,146.3,149.8
2023-08-21,2.0,2.667,8,110,148.7,152.2
2023-08-22,1.541625,3.333,7,114,150.9,154.4
2023-08-23,0.666625,1.667,3,105,147.0,150.3
2023-08-24,1.5418749999999999,3.0,7,92,144.1,147.3
2023-08-25,0.875,2.0,4,90,138.9,141.9
2023-08-26,1.625,2.0,6,91,139.3,142.2
2023-08-27,2.1665,3.333,10,84,141.5,144.5
2023-08-28,1.54175,2.0,6,82,141.7,144.5
2023-08-29,0.95825,2.0,4,90,142.2,145.0
2023-08-30,1.249875,2.0,5,104,138.6,141.2
2023-08-31,1.41675,2.0,5,89,139.9,142.5
2023-09-01,2.6251249999999997,3.333,12,86,135.8,138.3
2023-09-02,4.499874999999999,5.333,37,82,131.2,133.6
2023-09-03,3.4165,5.333,23,91,130.5,132.8
2023-09-04,1.541625,2.667,6,102,136.0,138.4
2023-09-05,1.7085,4.0,9,115,142.9,145.2
2023-09-06,1.458375,3.333,6,120,147.1,149.4
2023-09-07,1.3335,2.0,5,132,160.8,163.3
2023-09-08,1.249875,2.667,5,117,160.9,163.4
2023-09-09,1.75,2.667,8,133,161.4,163.7
2023-09-10,0.541625,1.333,2,173,163.9,166.2
2023-09-11,1.375,2.0,5,190,176.4,178.8
2023-09-12,2.875,5.333,23,145,153.5,155.5
2023-09-13,2.9167500000000004,4.667,16,131,142.6,144.4
2023-09-14,2.9165,4.333,17,134,145.2,146.9
2023-09-15,1.583375,3.0,6,109,139.1,140.6
2023-09-16,1.291625,3.0,6,88,140.4,141.9
2023-09-17,2.916625,3.333,14,89,144.6,146.1
2023-09-18,4.0,5.0,30,127,154.5,156.0
2023-09-19,4.666625,6.333,47,149,166.1,167.6
2023-09-20,2.916625,3.667,15,170,155.5,156.8
2023-09-21,2.16675,2.667,8,194,168.1,169.4
2023-09-22,2.04175,3.333,8,200,175.7,177.0
2023-09-23,2.083375,2.667,8,196,173.0,174.1
2023-09-24,2.54175,5.667,21,176,173.7,174.8
2023-09-25,3.4582499999999996,5.333,23,169,170.2,171.1
2023-09-26,3.916625,5.0,28,140,164.9,165.7
2023-09-27,2.708375,3.667,14,133,156.0,156.7
2023-09-28,1.083375,3.0,5,116,147.8,148.4
2023-09-29,2.2085000000000004,4.0,11,103,155.0,155.5
2023-09-30,2.12475,2.333,8,117,159.1,159.5
2023-10-01,1.8335,3.667,8,151,161.1,161.5
2023-10-02,1.83325,3.0,8,168,157.4,157.7
2023-10-03,1.666625,2.333,6,144,153.7,153.8
2023-10-04,2.29175,3.333,10,154,155.0,155.1
2023-10-05,2.4167500000000004,5.0,15,159,156.1,156.1
2023-10-06,1.749875,3.0,7,158,155.3,155.3
2023-10-07,0.95825,1.667,4,134,157.2,157.0
2023-10-08,1.58325,2.333,6,144,157.1,156.8
2023-10-09,1.874875,3.0,7,153,165.5,165.2
2023-10-10,0.708375,2.0,3,132,164.4,163.9
2023-10-11,0.5833750000000001,1.0,3,145,158.0,157.5
2023-10-12,0.458375,1.0,2,137,157.1,156.4
2023-10-13,2.5835,3.667,13,113,149.0,148.4
2023-10-14,1.4165,3.0,6,111,148.2,147.4
2023-10-15,0.583375,1.667,2,104,144.6,143.8
2023-10-16,0.49987500000000007,2.0,2,97,144.0,143.1
2023-10-17,0.249875,0.667,1,74,137.3,136.4
2023-10-18,2.0,3.0,8,66,135.3,134.3
2023-10-19,1.95825,3.333,8,57,128.7,127.7
2023-10-20,1.708375,2.667,6,67,125.7,124.6
2023-10-21,3.083375,5.0,21,68,122.6,121.4
2023-10-22,1.79175,3.0,7,55,118.8,117.6
2023-10-23,0.249875,0.667,1,34,122.1,120.8
2023-10-24,0.6251249999999999,1.0,3,39,121.1,119.8
2023-10-25,0.66675,1.667,3,33,125.8,124.4
2023-10-26,3.375,4.667,21,54,126.4,124.9
2023-10-27,2.208375,4.0,10,58,127.5,125.9
2023-10-28,3.0001249999999997,4.0,17,49,128.0,126.3
2023-10-29,3.916625,4.667,26,58,135.2,133.3
2023-10-30,2.4165,4.0,12,73,139.7,137.7
2023-10-31,1.875,2.667,7,107,147.3,145.1
2023-11-01,1.958375,2.667,8,115,158.6,156.2
2023-11-02,1.5,2.333,6,122,158.4,155.9
2023-11-03,0.5417500000000001,1.0,2,121,156.1,153.6
2023-11-04,1.9585,4.667,12,92,155.3,152.7
2023-11-05,4.625125000000001,7.333,61,91,154.8,152.2
2023-11-06,4.333375,5.667,36,77,146.2,143.6
2023-11-07,3.125,5.0,18,78,145.1,142.5
2023-11-08,2.8748750000000003,4.0,15,113,145.7,143.1
2023-11-09,2.4167500000000004,3.0,10,99,138.7,136.1
2023-11-10,1.958375,3.333,8,94,143.9,141.1
2023-11-11,0.958375,1.667,4,81,141.5,138.7
2023-11-12,1.875,4.0,9,82,137.2,134.4
2023-11-13,2.416875,5.0,14,73,132.7,130.0
2023-11-14,1.3335,3.0,6,60,123.8,121.2
2023-11-15,2.625,3.333,12,33,118.9,116.4
2023-11-16,1.583375,2.0,6,30,117.9,115.3
2023-11-17,0.583375,2.0,2,26,119.6,116.9
2023-11-18,0.291625,1.333,1,32,127.1,124.2
2023-11-19,0.666625,1.0,3,68,140.1,136.8
2023-11-20,1.125,1.667,4,96,156.5,152.8
2023-11-21,3.1248750000000003,4.333,18,153,171.5,167.3
2023-11-22,3.9998750000000003,5.333,30,160,189.5,184.8
2023-11-23,1.374875,3.0,6,186,194.2,189.3
2023-11-24,1.91675,2.667,7,167,178.0,173.5
2023-11-25,4.29175,6.333,37,177,176.4,171.9
2023-11-26,1.833375,4.0,9,171,180.2,175.5
2023-11-27,1.70825,2.333,6,158,187.3,182.3
2023-11-28,1.666625,2.0,6,150,254.6,247.8
2023-11-29,1.0418749999999999,1.667,4,161,170.6,166.0
2023-11-30,1.124875,2.333,4,148,166.5,162.0
2023-12-01,4.958375,6.667,52,123,162.0,157.6
2023-12-02,1.916625,5.333,13,100,148.2,144.0
2023-12-03,2.375125,3.0,10,104,139.2,135.2
2023-12-04,2.0835,2.667,9,113,137.8,133.9
2023-12-05,2.8748749999999994,3.333,14,107,141.6,137.5
2023-12-06,2.375,3.0,10,134,129.9,126.1
2023-12-07,1.16675,2.0,4,125,134.6,130.6
2023-12-08,1.083375,2.0,4,113,132.6,128.6
2023-12-09,0.25,0.667,1,127,127.9,124.1
2023-12-10,0.7085,1.333,3,123,126.6,122.8
2023-12-11,0.20825,1.0,1,92,125.9,122.1
2023-12-12,1.541625,3.333,7,96,126.2,122.3
2023-12-13,1.70825,2.667,7,110,134.8,130.7
2023-12-14,2.75,4.333,15,117,155.1,150.3
2023-12-15,2.166625,3.333,11,114,144.3,139.8
2023-12-16,2.5835,4.0,13,124,149.0,144.3
2023-12-17,4.166499999999999,5.333,33,112,154.6,149.7
2023-12-18,3.5415,5.333,23,138,161.4,156.3
2023-12-19,2.3751249999999997,3.667,11,150,179.3,173.5
2023-12-20,2.208375,4.0,10,149,195.3,189.1
2023-12-21,0.95825,2.667,4,152,193.6,187.4
2023-12-22,0.4997500000000001,1.333,2,148,186.7,180.7
2023-12-23,1.208375,2.667,5,138,174.2,168.6
2023-12-24,2.000125,3.0,9,117,183.4,177.4
2023-12-25,0.6248750000000001,1.333,3,113,166.7,161.3
2023-12-26,1.208375,1.667,5,110,154.2,149.1
2023-12-27,1.0,2.0,4,76,149.4,144.5
2023-12-28,0.416625,1.667,2,95,146.7,141.8
2023-12-29,1.5,2.333,6,83,142.9,138.2
2023-12-30,0.95825,2.333,4,65,139.7,135.1
2023-12-31,0.58325,1.333,3,52,146.2,141.4
2024-01-01,1.916625,4.0,10,55,135.7,131.2
2024-01-02,1.91675,2.667,8,68,142.1,137.4
2024-01-03,2.3335,3.333,11,59,140.2,135.5
2024-01-04,1.250125,2.667,5,100,125.8,121.6
2024-01-05,1.08325,2.0,4,119,152.7,147.6
2024-01-06,0.375,1.0,2,148,159.4,154.1
2024-01-07,0.12487500000000001,0.333,1,172,167.1,161.6
2024-01-08,0.666625,2.0,3,162,176.2,170.4
2024-01-09,1.20825,2.333,5,158,175.9,170.1
2024-01-10,1.75,2.333,6,178,186.0,179.9
2024-01-11,1.333375,2.0,5,186,192.5,186.2
2024-01-12,0.874875,1.333,4,182,186.4,180.3
2024-01-13,0.458375,0.667,2,181,185.4,179.4
2024-01-14,1.66675,2.0,6,161,187.9,181.7
2024-01-15,1.333375,2.333,5,140,182.5,176.6
2024-01-16,1.125125,2.667,5,134,179.6,173.8
2024-01-17,0.7501249999999999,1.333,3,147,174.1,168.5
2024-01-18,1.499875,2.333,6,130,162.3,157.1
2024-01-19,1.75,2.667,7,143,157.4,152.4
2024-01-20,1.58325,2.333,6,134,166.3,161.0
2024-01-21,1.125,2.0,4,155,178.5,172.9
2024-01-22,1.666625,3.333,8,166,196.1,189.9
2024-01-23,1.583375,2.667,6,148,180.3,174.7
2024-01-24,1.6665,3.333,8,124,172.0,166.6
2024-01-25,1.25,2.333,5,92,160.5,155.6
2024-01-26,1.166625,2.0,4,83,156.7,151.9
2024-01-27,1.04175,2.333,4,64,148.1,143.6
2024-01-28,1.708375,3.0,7,68,141.1,136.8
2024-01-29,1.875,2.667,7,74,140.3,136.1
2024-01-30,1.75,2.333,6,74,135.0,131.0
2024-01-31,1.6665,2.333,6,100,136.2,132.2
2024-02-01,1.416625,2.0,5,117,136.9,132.9
2024-02-02,0.5,1.0,2,122,142.6,138.5
2024-02-03,0.291625,0.667,2,124,156.4,152.0
2024-02-04,1.375,3.0,6,135,170.4,165.6
2024-02-05,1.416625,2.667,6,158,173.4,168.6
2024-02-06,1.750125,3.0,7,159,190.3,185.1
2024-02-07,0.7916249999999999,1.333,3,148,188.4,183.3
2024-02-08,1.125125,1.667,4,161,185.0,180.0
2024-02-09,1.08325,3.0,5,127,183.4,178.6
2024-02-10,1.04175,2.333,4,151,193.8,188.7
2024-02-11,2.6666250000000007,4.333,14,162,180.4,175.7
2024-02-12,0.9581250000000001,2.333,4,156,208.3,203.0
2024-02-13,2.083375,3.667,9,136,194.8,189.9
2024-02-14,1.208375,3.0,5,141,184.1,179.5
2024-02-15,0.7501249999999999,1.333,3,150,178.3,173.9
2024-02-16,0.875,2.0,3,139,168.8,164.8
2024-02-17,1.041625,2.0,4,113,169.9,165.9
2024-02-18,1.124875,3.333,5,100,156.5,152.9
2024-02-19,0.12487500000000001,0.333,1,73,152.1,148.6
2024-02-20,1.416625,2.333,5,54,152.6,149.2
2024-02-21,0.7083750000000001,1.333,3,49,169.9,166.2
2024-02-22,1.333375,1.667,5,56,173.3,169.6
2024-02-23,0.541625,1.333,2,104,172.9,169.2
2024-02-24,1.416625,2.333,6,108,179.2,175.5
2024-02-25,2.4167500000000004,3.0,10,115,180.8,177.1
2024-02-26,2.2498750000000003,3.0,10,132,171.7,168.3
2024-02-27,2.208375,4.333,12,120,168.3,165.1
2024-02-28,1.16675,2.0,4,130,179.1,175.7
2024-02-29,0.791625,1.667,3,126,164.1,161.1
2024-03-01,1.708375,2.667,7,117,152.8,150.1
2024-03-02,1.0,2.333,4,96,152.3,149.7
2024-03-03,3.5,6.333,34,102,145.5,143.1
2024-03-04,1.9165,4.0,9,109,139.9,137.6
2024-03-05,1.458375,2.667,6,110,141.5,139.2
2024-03-06,1.208375,3.0,5,100,136.0,133.9
2024-03-07,2.5,3.667,11,96,136.6,134.5
2024-03-08,2.00025,3.667,9,102,129.0,127.2
2024-03-09,2.333375,4.0,11,96,134.5,132.6
2024-03-10,1.708375,2.333,6,77,127.0,125.3
2024-03-11,0.958375,2.0,4,74,126.7,125.1
2024-03-12,1.0415,2.333,4,83,130.5,128.9
2024-03-13,1.83325,3.333,8,81,128.3,126.8
2024-03-14,1.66675,3.0,7,68,127.1,125.7
2024-03-15,1.4581250000000001,3.333,6,52,129.0,127.7
2024-03-16,0.291625,0.667,2,62,144.1,142.6
2024-03-17,0.041625,0.333,0,73,151.3,149.8
2024-03-18,0.79175,2.667,3,120,177.4,175.8
2024-03-19,1.70825,2.667,6,132,168.9,167.5
2024-03-20,0.9165,2.333,4,123,175.5,174.1
2024-03-21,3.4582499999999996,4.667,22,159,196.9,195.5
2024-03-22,1.95825,3.333,10,163,197.6,196.2
2024-03-23,4.083500000000001,5.667,31,154,210.7,209.3
2024-03-24,4.9582500000000005,8.333,68,161,195.1,194.0
2024-03-25,3.5832500000000005,5.0,25,163,190.1,189.1
2024-03-26,2.3335,3.0,10,138,178.2,177.4
2024-03-27,1.45825,3.0,6,113,174.6,173.9
2024-03-28,1.875,2.667,7,98,172.7,172.1
2024-03-29,1.1250000000000002,1.667,4,79,167.3,166.8
2024-03-30,0.833375,1.667,3,51,139.6,139.3
2024-03-31,1.874875,3.667,8,63,133.6,133.4
2024-04-01,2.2083749999999998,3.667,10,31,120.4,120.3
2024-04-02,1.66675,2.667,6,36,112.8,112.7
2024-04-03,1.41675,2.667,6,37,111.7,111.7
2024-04-04,2.16675,3.333,10,49,113.7,113.8
2024-04-05,2.4582499999999996,3.333,10,78,120.5,120.6
2024-04-06,2.16675,3.0,9,80,122.9,123.1
2024-04-07,1.58325,2.333,6,83,124.6,124.9
2024-04-08,1.4581250000000001,3.333,7,78,124.8,125.2
2024-04-09,2.041625,3.333,9,56,124.4,124.8
2024-04-10,1.833375,2.667,7,56,131.2,131.8
2024-04-11,1.16675,2.667,5,91,143.7,144.4
2024-04-12,1.20825,2.333,5,87,151.5,152.3
2024-04-13,1.25,2.0,5,121,161.0,161.9
2024-04-14,1.249875,1.667,5,150,178.4,179.5
2024-04-15,1.499875,2.667,6,171,191.9,193.2
2024-04-16,4.124875,5.333,31,185,198.7,200.2
2024-04-17,1.458375,3.0,6,211,216.5,218.2
2024-04-18,0.75,1.667,3,224,226.9,228.8
2024-04-19,4.3335,7.0,45,242,213.4,215.4
2024-04-20,2.3335,2.667,10,232,209.5,211.6
2024-04-21,3.25,4.0,18,233,217.1,219.4
2024-04-22,1.874875,2.333,7,266,226.8,229.2
2024-04-23,1.66675,2.667,6,268,219.1,221.6
2024-04-24,0.583375,1.0,3,251,199.1,201.4
2024-04-25,0.37512500000000004,0.667,2,211,166.7,168.8
2024-04-26,2.875,5.0,17,142,152.6,154.6
2024-04-27,2.541625,3.333,12,138,152.6,154.6
2024-04-28,1.250125,3.667,6,117,140.1,142.0
2024-04-29,1.541625,2.667,6,99,137.6,139.5
2024-04-30,2.25,4.333,13,86,130.2,132.1
2024-05-01,1.583375,3.667,7,119,134.8,136.9
2024-05-02,4.0,6.667,42,144,141.9,144.1
2024-05-03,1.708375,4.0,8,160,156.0,158.6
2024-05-04,1.04175,3.0,5,186,166.6,169.5
2024-05-05,2.041625,4.333,10,185,176.9,180.0
2024-05-06,2.708125,5.333,16,205,171.2,174.3
2024-05-07,1.5415,2.667,6,192,203.6,207.4
2024-05-08,1.4168749999999999,2.0,5,171,227.1,231.4
2024-05-09,1.291625,2.333,5,181,233.2,237.7
2024-05-10,4.791875,8.667,105,172,223.4,227.9
2024-05-11,8.375,9.0,271,173,213.7,218.0
2024-05-12,4.58325,7.0,53,199,221.8,226.4
2024-05-13,3.4998749999999994,6.0,27,244,215.4,220.0
2024-05-14,1.6248749999999998,2.333,6,203,219.8,224.6
2024-05-15,2.20825,3.0,9,208,216.0,220.8
2024-05-16,3.416625,6.0,27,213,207.2,211.9
2024-05-17,3.3748750000000003,6.0,30,203,204.1,208.7
2024-05-18,2.374875,4.0,12,180,194.3,198.8
2024-05-19,1.91675,2.667,8,181,200.7,205.5
2024-05-20,1.41675,2.333,6,155,199.7,204.5
2024-05-21,1.7085000000000001,2.667,7,177,190.8,195.4
2024-05-22,0.7498750000000001,1.667,3,165,195.7,200.6
2024-05-23,1.874875,3.333,8,143,176.2,180.7
2024-05-24,1.95825,3.0,9,142,162.8,167.0
2024-05-25,1.3748749999999998,2.333,5,112,152.4,156.4
2024-05-26,1.958375,2.667,8,130,155.6,159.7
2024-05-27,1.7081250000000001,3.0,7,144,170.0,174.6
2024-05-28,1.0418749999999999,2.0,4,164,166.4,170.9
2024-05-29,1.375125,2.333,5,169,170.5,175.2
2024-05-30,1.625,3.333,7,159,172.9,177.7
2024-05-31,2.041625,4.333,10,156,179.4,184.5
2024-06-01,1.0,2.667,4,178,226.9,233.3
2024-06-02,0.95825,2.333,4,205,179.8,185.0
2024-06-03,1.875,4.333,9,213,186.0,191.4
2024-06-04,1.416625,2.667,6,213,192.3,198.0
2024-06-05,1.666625,2.333,6,181,195.3,201.1
2024-06-06,1.208375,2.0,5,158,190.9,196.7
2024-06-07,3.416625,6.333,29,163,184.4,190.0
2024-06-08,2.666875,4.667,14,173,190.4,196.2
2024-06-09,1.208375,2.0,5,154,180.9,186.4
2024-06-10,1.708375,4.0,9,124,177.8,183.3
2024-06-11,1.95825,4.333,10,106,164.9,170.1
2024-06-12,0.9167500000000001,1.333,4,124,164.9,170.0
2024-06-13,0.5415,1.0,2,151,170.1,175.5
2024-06-14,1.29175,2.333,5,158,169.0,174.3
2024-06-15,3.041625,4.667,17,148,170.7,176.1
2024-06-16,2.625125,4.0,14,151,167.3,172.6
2024-06-17,2.45825,3.333,11,140,179.9,185.7
2024-06-18,2.3335,3.333,10,133,192.7,199.0
2024-06-19,2.25,3.333,10,151,196.0,202.3
2024-06-20,1.6665,2.333,6,165,203.3,210.0
2024-06-21,0.7498750000000001,1.333,3,150,196.9,203.3
2024-06-22,0.6666249999999999,1.333,3,159,195.7,202.1
2024-06-23,2.2917500000000004,3.333,10,163,195.8,202.2
2024-06-24,0.791625,1.667,3,153,198.7,205.3
2024-06-25,1.708375,2.667,6,146,193.7,200.1
2024-06-26,2.041625,2.667,8,179,181.4,187.4
2024-06-27,1.83325,3.333,8,174,182.5,188.6
2024-06-28,5.000125000000001,7.667,60,179,180.7,186.7
2024-06-29,2.666625,4.0,13,219,186.4,192.7
2024-06-30,2.4582500000000005,3.667,11,212,173.8,179.6
2024-07-01,1.291625,1.667,5,198,170.6,176.3
2024-07-02,1.0,1.333,4,197,163.8,169.3
2024-07-03,1.08325,1.333,4,178,167.4,173.1
2024-07-04,2.083375,3.0,9,138,173.0,178.8
2024-07-05,1.75,3.0,7,138,165.6,171.2
2024-07-06,0.49987500000000007,1.0,2,128,166.0,171.6
2024-07-07,1.583375,2.667,6,121,171.3,177.1
2024-07-08,2.291625,3.333,10,111,168.5,174.1
2024-07-09,1.5001250000000002,2.333,6,143,178.2,184.2
2024-07-10,1.166625,1.667,4,183,213.6,220.8
2024-07-11,1.5,2.0,6,172,205.0,211.9
2024-07-12,1.250125,2.0,5,162,209.7,216.7
2024-07-13,0.7498750000000001,1.333,3,176,238.3,246.3
2024-07-14,1.124875,1.333,4,211,233.9,241.7
2024-07-15,1.375,3.0,6,242,233.2,240.9
2024-07-16,2.083375,3.333,8,286,241.9,249.9
2024-07-17,1.25,2.333,5,284,223.8,231.1
2024-07-18,0.8748750000000001,1.333,4,290,208.7,215.5
2024-07-19,0.875,1.333,4,274,201.6,208.2
2024-07-20,1.625125,2.667,6,228,207.4,214.1
2024-07-21,0.999875,1.667,4,219,197.9,204.2
2024-07-22,1.916625,3.0,8,172,185.0,191.0
2024-07-23,1.0,2.667,4,173,175.5,181.0
2024-07-24,1.208375,1.667,5,173,174.8,180.4
2024-07-25,1.833375,3.333,8,180,167.2,172.4
2024-07-26,3.625,5.0,24,198,176.3,181.8
2024-07-27,2.166625,4.0,10,210,203.6,210.0
2024-07-28,1.70825,2.667,7,202,214.4,221.1
2024-07-29,1.54175,2.0,6,213,223.1,230.0
2024-07-30,3.3332499999999996,5.333,22,231,400.7,412.9
2024-07-31,2.458375,4.667,15,270,235.1,242.2
2024-08-01,3.1247499999999997,5.333,19,259,234.4,241.4
2024-08-02,1.875125,2.667,8,241,247.1,254.5
2024-08-03,2.0,2.667,8,231,244.6,251.8
2024-08-04,4.583375,7.0,49,231,240.8,247.9
2024-08-05,2.125125,3.0,8,214,247.3,254.4
2024-08-06,1.20825,1.667,5,240,270.0,277.7
2024-08-07,1.541625,2.333,6,275,303.2,311.7
2024-08-08,1.45825,2.667,6,285,336.0,345.4
2024-08-09,1.458375,2.0,5,264,305.5,313.9
2024-08-10,1.541625,2.333,6,250,291.1,299.0
2024-08-11,3.833375,5.0,28,245,281.5,289.0
2024-08-12,6.833500000000001,8.0,127,230,272.4,279.6
2024-08-13,2.375,4.333,14,209,259.9,266.7
2024-08-14,2.1248750000000003,3.667,10,178,248.2,254.6
2024-08-15,1.08325,2.0,4,157,227.4,233.2
2024-08-16,1.708375,2.667,7,199,224.9,230.5
2024-08-17,3.0415,6.333,30,198,229.5,235.2
2024-08-18,2.541625,3.667,11,202,231.0,236.6
2024-08-19,1.958375,3.0,9,225,239.1,244.8
2024-08-20,2.04175,3.333,8,217,238.2,243.8
2024-08-21,1.916625,3.333,8,210,239.0,244.5
2024-08-22,2.208375,3.0,9,213,230.6,235.8
2024-08-23,1.499875,2.333,6,214,241.7,247.1
2024-08-24,2.041875,3.0,8,223,232.3,237.3
2024-08-25,1.291625,2.333,5,204,232.6,237.6
2024-08-26,0.8748750000000001,1.667,4,220,-1.0,-1.0
2024-08-27,2.04175,3.333,9,182,221.3,225.8
2024-08-28,3.25,5.667,24,189,211.9,216.1
2024-08-29,1.16675,2.0,4,153,204.0,207.9
2024-08-30,3.3751249999999997,4.667,24,158,214.2,218.3
2024-08-31,3.708375,4.667,25,181,231.6,235.9
2024-09-01,2.916625,3.667,15,170,225.5,229.5
2024-09-02,1.83325,2.667,7,182,237.6,241.8
2024-09-03,1.374875,2.0,5,171,242.1,246.3
2024-09-04,2.20825,4.333,13,169,261.8,266.2
2024-09-05,1.04175,1.667,4,170,240.7,244.6
2024-09-06,1.416625,3.0,6,177,248.9,252.8
2024-09-07,1.75,2.333,6,168,221.7,225.0
2024-09-08,1.791625,2.333,6,156,227.6,231.0
2024-09-09,1.999875,2.667,8,152,214.8,217.8
2024-09-10,1.5415,2.333,6,141,205.2,207.9
2024-09-11,1.875125,3.667,9,147,207.0,209.6
2024-09-12,5.291875,7.0,71,132,201.2,203.7
2024-09-13,4.249875,6.0,35,109,185.8,188.1
2024-09-14,3.1667500000000004,4.333,18,107,172.4,174.4
2024-09-15,3.083375,4.0,17,95,172.8,174.6
2024-09-16,3.2917500000000004,4.0,19,132,169.2,170.9
2024-09-17,5.37475,7.333,71,132,165.4,167.0
2024-09-18,2.3335,3.667,11,102,163.3,164.8
2024-09-19,3.041625,4.333,18,105,161.2,162.6
2024-09-20,1.041625,3.333,5,117,153.8,155.0
2024-09-21,1.375,2.0,5,122,158.0,159.2
2024-09-22,1.208375,2.0,5,129,162.8,164.0
2024-09-23,2.16675,4.333,12,123,167.4,168.5
2024-09-24,2.7915,4.333,14,134,172.4,173.4
2024-09-25,4.125125000000001,4.667,29,129,174.2,175.2
2024-09-26,2.166875,4.0,10,136,181.1,182.0
2024-09-27,1.3331250000000001,2.333,5,154,186.0,186.7
2024-09-28,1.458375,3.0,6,154,194.5,195.2
2024-09-29,2.875,3.667,14,149,197.2,197.8
2024-09-30,1.999875,4.0,9,169,214.2,214.7
2024-10-01,1.33325,2.0,5,213,244.6,245.1
2024-10-02,1.458375,2.0,5,211,274.4,274.8
2024-10-03,1.791625,3.0,7,207,311.9,312.1
2024-10-04,1.875,3.0,8,210,291.0,291.1
2024-10-05,1.41675,2.333,5,182,277.3,277.1
2024-10-06,2.33325,4.667,13,170,264.5,264.2
2024-10-07,5.083375,6.333,54,163,277.0,276.5
2024-10-08,4.833375,7.0,54,140,224.7,224.2
2024-10-09,3.166625,4.333,18,142,220.3,219.7
2024-10-10,4.625125,8.667,97,141,216.3,215.6
2024-10-11,6.0,8.333,116,136,213.9,213.1
2024-10-12,3.083375,4.667,18,125,213.6,212.6
2024-10-13,0.916625,1.667,4,137,194.9,193.9
2024-10-14,1.3335,3.667,6,136,181.9,180.9
2024-10-15,2.5415,3.333,11,109,172.0,170.9
2024-10-16,2.7085,3.0,13,119,167.7,166.6
2024-10-17,1.75,3.0,7,143,173.5,172.2
2024-10-18,2.416625,3.667,12,138,165.2,163.9
2024-10-19,3.6667500000000004,5.0,25,132,162.3,160.9
2024-10-20,1.29175,3.0,6,134,161.7,160.3
2024-10-21,1.20825,2.0,5,162,163.9,162.4
2024-10-22,1.958375,3.0,8,117,176.1,174.3
2024-10-23,1.9585,3.0,8,120,185.7,183.7
2024-10-24,2.25,4.333,11,135,196.6,194.4
2024-10-25,0.4165,1.0,2,180,209.3,206.8
2024-10-26,2.04175,4.0,12,217,238.4,235.5
2024-10-27,2.25025,2.667,10,241,246.2,243.0
2024-10-28,2.875,4.667,16,244,255.5,252.1
2024-10-29,2.458375,4.0,11,221,265.6,261.9
2024-10-30,2.791625,4.0,15,205,269.8,265.9
2024-10-31,1.833375,3.667,8,209,269.9,265.9
2024-11-01,1.416625,2.667,6,223,256.2,252.2
2024-11-02,2.20825,4.0,12,211,250.6,246.6
2024-11-03,1.791625,4.0,10,207,240.6,236.7
2024-11-04,2.5417500000000004,4.333,13,191,242.3,238.3
2024-11-05,2.4585,2.667,11,207,245.6,241.4
2024-11-06,2.3332500000000005,3.333,10,207,260.5,255.9
2024-11-07,2.0,3.0,8,210,239.2,234.8
2024-11-08,2.20825,3.667,10,189,231.0,226.7
2024-11-09,4.208375,5.0,31,164,220.9,216.7
2024-11-10,3.5001249999999997,5.667,25,160,230.6,226.0
2024-11-11,2.125125,3.0,9,151,182.2,178.6
2024-11-12,1.125,1.667,4,117,171.7,168.1
2024-11-13,1.54175,2.667,6,111,150.3,147.1
2024-11-14,2.2498750000000003,3.667,11,91,146.8,143.7
2024-11-15,2.625,3.333,12,71,148.9,145.6
2024-11-16,1.416625,3.333,6,73,139.9,136.8
2024-11-17,1.583375,2.667,6,96,146.3,142.9
2024-11-18,0.91675,2.0,4,115,165.0,161.2
2024-11-19,1.79175,2.667,7,124,157.2,153.5
2024-11-20,1.750125,2.667,7,123,162.6,158.7
2024-11-21,1.750125,3.0,7,118,166.2,162.1
2024-11-22,2.29175,3.333,10,146,179.1,174.7
2024-11-23,1.91675,2.667,7,152,199.9,194.9
2024-11-24,1.541625,4.0,7,172,202.7,197.6
2024-11-25,2.4166250000000002,3.333,10,171,220.4,214.7
2024-11-26,1.29175,3.0,6,159,222.3,216.4
2024-11-27,1.0001250000000002,2.333,4,205,225.0,219.0
2024-11-28,0.666625,1.667,3,172,213.9,208.1
2024-11-29,1.79175,2.667,7,163,219.8,213.8
2024-11-30,1.91675,4.333,10,124,204.0,198.3
2024-12-01,1.5,2.667,6,124,186.3,181.1
2024-12-02,1.29175,2.333,5,133,185.3,180.0
2024-12-03,2.5,3.333,11,122,174.2,169.3
2024-12-04,1.625,2.0,6,123,174.7,169.7
2024-12-05,1.0835,2.333,4,120,174.6,169.5
2024-12-06,1.08325,2.333,4,105,177.5,172.3
2024-12-07,1.29175,1.667,5,133,182.5,177.1
2024-12-08,1.374875,2.333,5,140,177.7,172.4
2024-12-09,3.0832499999999996,4.333,16,115,172.5,167.3
2024-12-10,1.70825,2.333,6,135,171.9,166.7
2024-12-11,1.333375,2.0,5,108,160.5,155.6
2024-12-12,1.125,2.333,4,106,160.9,155.9
2024-12-13,0.79175,1.667,3,112,163.7,158.6
2024-12-14,1.875,3.333,8,99,170.5,165.1
2024-12-15,2.458375,3.0,11,103,172.0,166.6
2024-12-16,2.5835,3.667,12,99,166.7,161.4
2024-12-17,3.8332499999999996,5.333,28,90,170.0,164.6
2024-12-18,2.75,3.667,14,113,173.5,168.0
2024-12-19,2.25,3.667,10,128,175.0,169.4
2024-12-20,2.541625,3.667,13,149,184.0,178.1
2024-12-21,2.916625,3.333,14,164,201.2,194.7
2024-12-22,2.6248750000000003,3.333,12,183,223.3,216.1
2024-12-23,2.458375,3.667,12,224,238.3,230.6
2024-12-24,2.166625,3.333,9,223,258.5,250.1
2024-12-25,1.29175,2.0,5,241,252.7,244.5
2024-12-26,0.208125,0.333,1,255,255.8,247.4
2024-12-27,0.5415,1.333,2,257,258.5,250.0
2024-12-28,0.70825,1.333,3,254,260.3,251.8
2024-12-29,1.041625,1.667,4,233,254.7,246.3
2024-12-30,1.58325,2.333,6,218,223.5,216.1
2024-12-31,2.166625,4.0,13,183,217.6,210.4
2025-01-01,5.666625,8.0,81,198,219.2,211.9
2025-01-02,3.4582499999999996,4.667,21,187,212.4,205.4
2025-01-03,2.0416250000000002,3.333,10,199,199.9,193.3
2025-01-04,3.9998749999999994,5.333,31,211,209.3,202.4
2025-01-05,3.1665,4.333,18,194,168.6,163.0
2025-01-06,2.8333749999999993,3.667,14,169,171.9,166.2
2025-01-07,2.45825,3.333,10,133,167.7,162.2
2025-01-08,1.583375,3.667,7,120,160.2,154.9
2025-01-09,2.0001249999999997,3.667,9,158,162.2,156.8
2025-01-10,2.45825,4.0,12,129,156.9,151.7
2025-01-11,1.541625,3.0,6,108,156.0,150.8
2025-01-12,1.625,2.333,6,112,158.4,153.2
2025-01-13,2.2915,4.0,10,90,159.7,154.4
2025-01-14,2.458375,3.0,10,78,166.4,161.0
2025-01-15,3.0001250000000006,3.667,16,84,173.5,167.8
2025-01-16,2.7917500000000004,3.667,14,127,208.2,201.5
2025-01-17,3.541625,4.0,21,150,226.8,219.5
2025-01-18,2.08325,2.333,8,141,222.4,215.3
2025-01-19,2.833375,3.667,15,150,235.8,228.3
2025-01-20,3.333375,4.333,19,185,232.1,224.7
2025-01-21,2.25,3.0,10,166,236.4,229.0
2025-01-22,2.125,3.0,9,147,214.2,207.5
2025-01-23,2.208375,3.667,11,172,215.4,208.7
2025-01-24,1.5831250000000001,2.333,6,138,204.5,198.2
2025-01-25,0.416625,1.0,2,120,181.7,176.2
2025-01-26,0.2915,0.667,2,108,170.5,165.4
2025-01-27,1.375,2.667,5,56,162.5,157.6
2025-01-28,2.2501249999999997,3.667,10,78,171.5,166.3
2025-01-29,1.541625,2.0,6,84,173.7,168.6
2025-01-30,1.1251250000000002,2.667,5,108,183.7,178.3
2025-01-31,1.666875,2.667,6,147,206.5,200.5
2025-02-01,3.7501249999999997,4.333,24,159,187.9,182.4
2025-02-02,3.291625,4.333,19,183,215.7,209.5
2025-02-03,0.625,1.0,3,189,220.5,214.2
2025-02-04,1.000125,1.667,4,177,212.6,206.6
2025-02-05,1.416875,2.667,6,165,191.3,186.0
2025-02-06,1.75,2.667,7,186,187.8,182.6
2025-02-07,0.49987500000000007,1.0,2,164,181.6,176.7
2025-02-08,1.916625,3.333,9,135,173.4,168.7
2025-02-09,2.7917499999999995,4.667,17,130,163.0,158.7
2025-02-10,3.708500000000001,4.667,24,115,159.2,155.1
2025-02-11,3.083375,3.667,16,95,153.4,149.5
2025-02-12,3.083375,4.333,16,101,-1.0,-1.0
2025-02-13,3.5417500000000004,4.333,21,114,173.4,169.0
2025-02-14,3.625,4.667,23,161,178.6,174.2
2025-02-15,3.958375,5.0,28,170,184.0,179.5
2025-02-16,3.375,4.0,20,205,185.0,180.6
2025-02-17,2.8332500000000005,3.667,14,203,-1.0,-1.0
2025-02-18,2.458375,4.333,13,173,178.6,174.5
2025-02-19,3.2082500000000005,5.0,20,135,177.9,173.9
2025-02-20,1.20825,3.333,6,144,184.0,180.0
2025-02-21,1.000125,2.667,4,167,197.1,192.8
2025-02-22,1.291625,2.667,5,182,199.0,194.8
2025-02-23,1.3335,3.0,6,189,239.9,234.9
2025-02-24,2.583375,4.667,14,169,202.9,198.8
2025-02-25,1.791625,3.0,7,169,190.1,186.3
2025-02-26,2.8748750000000003,3.333,14,126,180.2,176.7
2025-02-27,4.08325,5.667,30,135,163.9,160.8
2025-02-28,4.16675,5.0,31,119,157.2,154.4
2025-03-01,3.1667500000000004,4.0,18,116,152.2,149.5
2025-03-02,1.2081250000000001,2.333,5,146,151.2,148.5
2025-03-03,1.0,1.333,4,123,163.2,160.4
2025-03-04,2.041625,4.333,10,153,160.5,157.9
2025-03-05,2.333375,3.333,10,143,156.5,154.0
2025-03-06,1.5415,2.333,6,129,150.0,147.7
2025-03-07,2.125125,3.0,10,106,146.5,144.3
2025-03-08,3.333375,5.0,22,90,147.5,145.4
2025-03-09,4.0,5.667,31,101,147.6,145.5
2025-03-10,2.1248750000000003,2.667,8,107,149.4,147.4
2025-03-11,2.16675,2.667,9,142,161.4,159.3
2025-03-12,4.08325,5.0,30,157,160.3,158.3
2025-03-13,4.458375,5.0,36,173,175.9,173.8
2025-03-14,3.416625,5.333,21,182,180.1,178.1
2025-03-15,2.833375,4.0,16,183,177.9,176.0
2025-03-16,2.125,3.333,9,206,185.8,183.9
2025-03-17,2.833375,3.333,14,205,203.5,201.5
2025-03-18,2.5416250000000002,3.333,11,196,184.0,182.3
2025-03-19,3.375,4.667,20,165,179.5,177.9
2025-03-20,1.3335000000000001,2.333,5,163,170.2,168.8
2025-03-21,3.333375,5.333,24,151,165.3,164.1
2025-03-22,4.0417499999999995,5.667,32,173,177.9,176.7
2025-03-23,2.0833749999999998,4.0,9,126,168.1,167.0
2025-03-24,3.208500000000001,4.333,18,78,156.0,155.1
2025-03-25,2.875,4.0,14,79,156.1,155.3
2025-03-26,4.4582500000000005,5.667,40,46,152.3,151.6
2025-03-27,4.166875000000001,4.667,30,82,152.6,152.0
2025-03-28,2.875,4.0,14,78,160.4,159.8
2025-03-29,1.58325,3.333,7,91,156.6,156.1
2025-03-30,1.291625,2.333,5,128,171.1,170.7
2025-03-31,1.333375,2.0,5,141,171.9,171.6
2025-04-01,1.166625,2.333,5,160,181.9,181.7
2025-04-02,3.125,3.667,17,150,179.9,179.8
2025-04-03,3.4582500000000005,4.667,21,164,178.4,178.4
2025-04-04,4.29175,4.667,32,191,180.4,180.5
2025-04-05,4.625,5.667,40,187,184.4,184.6
2025-04-06,3.4582499999999996,5.0,21,180,167.0,167.2
2025-04-07,2.583375,4.0,13,162,162.3,162.6
2025-04-08,3.583375,4.333,22,147,158.6,159.0
2025-04-09,3.4167500000000004,4.667,20,141,166.8,167.3
2025-04-10,2.875,4.0,16,139,152.6,153.2
2025-04-11,2.916625,4.0,15,131,170.1,170.8
2025-04-12,3.0415,4.333,16,122,165.3,166.2
2025-04-13,2.708375,3.667,13,106,163.7,164.6
2025-04-14,3.125,4.667,18,88,152.7,153.6
2025-04-15,3.2498750000000003,6.333,30,75,153.6,154.6
2025-04-16,5.33325,7.667,75,92,148.4,149.5
2025-04-17,2.000125,3.667,9,110,150.7,151.9
2025-04-18,2.6251249999999997,4.333,13,118,155.7,157.1
2025-04-19,3.2498750000000003,4.667,19,117,157.4,158.8
2025-04-20,2.291625,5.0,13,134,156.3,157.8
2025-04-21,4.291499999999999,5.333,34,142,163.0,164.6
2025-04-22,2.7085,3.667,13,185,163.4,165.1
2025-04-23,1.500125,2.667,6,166,167.7,169.6
2025-04-24,2.625,3.667,13,202,169.6,171.6
2025-04-25,1.125125,2.0,4,203,164.0,166.0
2025-04-26,1.499875,2.0,6,173,155.7,157.7
2025-04-27,1.625,2.667,6,135,155.7,157.8
2025-04-28,0.791625,2.333,4,123,153.6,155.7
2025-04-29,1.374875,2.0,5,111,149.2,151.3
2025-04-30,2.208375,3.333,10,88,148.0,150.2
2025-05-01,3.9167500000000004,4.667,27,62,152.3,154.7
2025-05-02,4.541625,5.0,38,42,152.3,154.7
2025-05-03,3.875,5.333,27,57,152.1,154.6
2025-05-04,3.875,4.667,27,75,159.0,161.6
2025-05-05,4.124875,4.667,30,93,158.6,161.4
2025-05-06,2.791625,3.667,13,88,156.0,158.7
2025-05-07,1.833375,2.667,7,75,154.2,157.0
2025-05-08,2.25,3.667,10,81,148.5,151.3
2025-05-09,2.833375,4.667,16,72,136.2,138.9
2025-05-10,2.2498750000000003,4.667,12,70,134.1,136.8
2025-05-11,2.75,4.667,15,66,125.8,128.3
2025-05-12,1.5,2.0,6,60,115.5,117.9
2025-05-13,1.9581250000000001,3.667,9,59,116.7,119.2
2025-05-14,2.8751250000000006,3.667,15,46,121.8,124.4
2025-05-15,2.666625,3.667,13,40,118.8,121.4
2025-05-16,2.3335,3.667,10,59,117.3,120.0
2025-05-17,4.374874999999999,6.333,39,52,117.2,119.9
2025-05-18,3.4585,4.667,21,56,118.2,121.0
2025-05-19,1.999875,3.333,9,65,116.8,119.6
2025-05-20,2.6667500000000004,3.333,12,75,118.7,121.6
2025-05-21,2.5,4.0,12,90,119.4,122.3
2025-05-22,1.541625,2.333,6,97,120.0,123.0
2025-05-23,1.916625,3.333,8,117,121.6,124.7
2025-05-24,0.958375,1.333,4,98,129.7,133.0
2025-05-25,1.54175,2.0,6,95,133.3,136.8
2025-05-26,1.75,3.0,7,108,132.9,136.4
2025-05-27,2.7082499999999996,4.333,14,102,137.1,140.8
2025-05-28,3.125,4.333,17,107,144.3,148.2
2025-05-29,5.45825,6.333,62,98,144.8,148.7
2025-05-30,4.0832500000000005,4.667,29,115,156.9,161.2
2025-05-31,3.0,4.0,16,114,164.2,168.8
2025-06-01,6.04175,7.667,98,124,150.3,154.6
2025-06-02,5.583375,7.0,69,106,139.9,143.9
2025-06-03,4.958375,7.0,60,93,134.8,138.7
2025-06-04,3.5832500000000005,5.333,27,94,130.6,134.4
2025-06-05,2.6251249999999997,3.667,12,87,127.8,131.6
2025-06-06,1.83325,2.333,7,97,124.5,128.2
2025-06-07,3.1248750000000003,4.333,18,86,120.9,124.5
2025-06-08,2.75,4.0,14,60,115.0,118.5
2025-06-09,2.875,4.0,14,89,120.3,124.0
2025-06-10,1.9585,2.667,8,113,129.6,133.6
2025-06-11,2.9582500000000005,4.667,18,145,141.8,146.1
2025-06-12,4.083374999999999,5.333,32,142,141.5,145.9
2025-06-13,5.625,6.667,69,152,143.0,147.5
2025-06-14,3.3751250000000006,5.333,22,154,150.8,155.6
2025-06-15,2.125,3.0,8,151,160.5,165.6
2025-06-16,2.2085,3.667,9,127,147.9,152.6
2025-06-17,1.999875,2.333,8,117,139.2,143.7
2025-06-18,2.7082499999999996,3.333,12,133,137.0,141.4
2025-06-19,2.08325,4.333,10,131,136.2,140.7
2025-06-20,2.08325,3.0,9,113,129.7,133.9
2025-06-21,2.166625,3.333,10,95,120.3,124.2
2025-06-22,2.2915,3.333,9,99,124.8,128.9
2025-06-23,1.4585,2.667,6,94,121.8,125.8
2025-06-24,1.833375,2.667,7,85,119.9,123.8
2025-06-25,2.3748750000000003,4.333,14,95,116.9,120.7
2025-06-26,4.0415,5.333,29,104,117.3,121.2
2025-06-27,3.25,5.0,20,116,118.3,122.2
2025-06-28,2.08325,3.333,8,136,121.8,125.9
2025-06-29,1.833375,2.333,7,151,128.3,132.6
2025-06-30,2.458375,3.0,11,150,128.2,132.5
2025-07-01,1.291625,3.333,6,147,125.8,130.0
2025-07-02,1.624875,2.333,6,137,129.8,134.1
2025-07-03,2.916625,4.0,15,116,125.1,129.3
2025-07-04,2.04175,3.667,10,100,119.1,123.1
2025-07-05,3.125,4.0,17,76,116.8,120.7
2025-07-06,3.458375,5.0,23,87,118.2,122.2
2025-07-07,3.3335,5.0,20,93,118.2,122.2
2025-07-08,2.5417500000000004,3.333,11,84,115.9,119.7
2025-07-09,1.70825,2.667,7,81,120.2,124.3
2025-07-10,0.625125,1.0,3,75,129.5,133.8
2025-07-11,3.0833749999999993,4.333,17,93,132.4,136.8
2025-07-12,2.625,3.0,12,113,138.7,143.3
2025-07-13,3.541625,4.333,21,126,128.2,132.4
2025-07-14,2.6665,4.333,14,135,128.2,132.4
2025-07-15,3.125,4.667,20,173,139.6,144.2
2025-07-16,2.9167500000000004,4.667,16,191,152.1,157.1
2025-07-17,3.2917499999999995,4.0,19,183,156.1,161.3
2025-07-18,2.208375,4.0,11,165,155.7,160.8
2025-07-19,1.625,2.667,6,153,152.6,157.5
2025-07-20,1.208375,1.667,5,145,150.3,155.1
2025-07-21,0.7081250000000001,1.333,3,137,142.9,147.5
2025-07-22,2.29175,4.667,13,107,145.0,149.6
2025-07-23,3.916875,4.667,27,110,150.1,154.9
2025-07-24,2.9585,3.667,15,114,156.2,161.1
2025-07-25,2.083375,2.667,8,148,148.0,152.7
2025-07-26,2.25,3.667,10,144,143.2,147.7
2025-07-27,0.833375,1.333,4,129,145.0,149.5
2025-07-28,1.374875,2.333,5,131,144.6,149.1
2025-07-29,1.625125,2.667,6,123,151.5,156.1
2025-07-30,1.791625,3.0,7,141,149.0,153.6
2025-07-31,2.166625,3.0,8,146,144.8,149.2
2025-08-01,2.4998750000000003,3.333,11,133,145.6,150.0
2025-08-02,2.041625,3.0,8,129,146.3,150.6
2025-08-03,1.9168749999999999,4.0,9,129,146.3,150.6
2025-08-04,1.8331250000000001,2.333,7,107,142.7,146.8
2025-08-05,2.125,3.0,9,116,156.6,161.1
2025-08-06,1.5,2.667,6,140,158.2,162.7
2025-08-07,0.70825,1.0,3,154,151.6,155.9
2025-08-08,2.8332499999999996,5.0,20,181,147.7,151.8
2025-08-09,4.708375,5.667,43,155,139.7,143.5
2025-08-10,3.4998750000000003,4.333,21,167,153.3,157.5
2025-08-11,3.083125,4.333,17,166,145.7,149.6
2025-08-12,2.75,4.0,13,162,152.5,156.6
2025-08-13,2.708375,3.333,12,167,140.0,143.7
2025-08-14,2.20825,3.333,10,165,130.4,133.8
2025-08-15,1.6665,2.333,6,138,122.8,125.9
2025-08-16,1.125,1.667,4,120,122.1,125.2
2025-08-17,0.958375,1.667,4,74,117.4,120.3
2025-08-18,1.45825,3.0,6,64,113.8,116.6
2025-08-19,3.208375,4.667,19,36,116.0,118.8
2025-08-20,2.58325,4.0,12,60,119.7,122.5
2025-08-21,1.66675,2.667,6,67,121.0,123.8
2025-08-22,1.7918749999999999,3.0,7,56,135.7,138.8
2025-08-23,1.29175,2.0,5,72,142.5,145.6
2025-08-24,1.2501250000000002,1.667,5,100,151.5,154.8
2025-08-25,1.625125,3.0,7,137,174.9,178.6
2025-08-26,1.708375,2.667,7,183,202.3,206.5
2025-08-27,1.66675,2.667,6,198,225.7,230.3
2025-08-28,1.66675,2.0,6,204,231.6,236.2
2025-08-29,1.54175,2.0,6,197,221.7,226.0
2025-08-30,1.708375,2.333,6,181,316.5,322.5
2025-08-31,1.708375,2.333,6,187,217.0,221.1
2025-09-01,2.0,5.667,14,176,201.9,205.5
2025-09-02,4.1665,5.333,31,162,187.4,190.7
2025-09-03,2.208125,4.333,11,146,179.6,182.7
2025-09-04,2.041625,3.0,8,157,172.0,174.9
2025-09-05,1.5,3.0,6,138,149.0,151.4
2025-09-06,3.625,5.0,24,111,146.4,148.7
2025-09-07,0.58325,2.0,2,92,132.5,134.5
2025-09-08,2.666625,3.667,13,113,124.6,126.4
2025-09-09,2.875,5.333,17,101,121.7,123.4
2025-09-10,2.125,4.0,11,86,119.0,120.6
2025-09-11,1.874875,3.333,8,83,115.2,116.7
2025-09-12,1.625125,2.667,6,65,114.1,115.5
2025-09-13,1.29175,2.667,5,53,117.6,119.0
2025-09-14,2.208625,4.667,11,69,122.1,123.5
2025-09-15,4.791875,6.667,48,79,129.9,131.3
2025-09-16,3.1667500000000004,4.333,17,117,134.7,136.2
2025-09-17,2.291625,3.0,10,126,147.2,148.6
2025-09-18,1.625125,2.333,6,127,150.4,151.8
2025-09-19,0.2915,1.0,2,138,159.9,161.3
2025-09-20,0.958375,1.667,4,153,166.4,167.8
2025-09-21,1.16675,1.667,4,164,176.0,177.3
2025-09-22,2.7915,3.333,13,161,172.4,173.7
2025-09-23,2.8751250000000006,3.667,14,186,171.3,172.5
2025-09-24,1.70825,2.333,6,144,184.7,185.8
2025-09-25,1.583375,2.333,6,152,170.4,171.4
2025-09-26,1.41675,2.333,5,142,165.1,165.9
2025-09-27,1.16675,2.333,5,138,163.5,164.2
2025-09-28,2.12525,3.0,9,155,170.5,171.2
2025-09-29,3.7498749999999994,5.333,28,178,186.4,187.0
2025-09-30,5.75,7.0,74,179,187.1,187.6
2025-10-01,4.875,6.333,47,167,184.0,184.4
2025-10-02,4.625,6.667,45,169,167.8,168.1
2025-10-03,3.9167500000000004,5.0,28,175,169.6,169.8
2025-10-04,3.333375,4.0,19,153,157.6,157.7
2025-10-05,1.7915,3.333,8,147,147.7,147.7
2025-10-06,1.04175,2.0,4,147,133.1,133.0
2025-10-07,2.666625,4.0,13,123,130.5,130.3
2025-10-08,2.0832499999999996,3.667,9,78,119.6,119.4
2025-10-09,1.041625,2.0,4,61,121.6,121.3
2025-10-10,1.916625,3.333,8,79,120.7,120.3
2025-10-11,2.958375,4.333,16,105,131.2,130.7
2025-10-12,4.25,5.0,32,129,142.5,141.9
2025-10-13,3.458375,4.667,21,128,141.4,140.7
2025-10-14,1.874875,2.333,7,125,154.4,153.6
2025-10-15,2.16675,3.667,10,123,162.1,161.1
2025-10-16,0.8331250000000001,1.333,4,132,160.6,159.6
2025-10-17,2.2083749999999998,3.667,10,120,164.3,163.2
2025-10-18,4.416625,6.333,38,114,157.1,155.9
2025-10-19,3.0832499999999996,5.0,18,107,148.5,147.3
2025-10-20,1.833375,2.667,7,112,140.4,139.1
2025-10-21,1.875,3.0,8,124,132.9,131.7
2025-10-22,0.875,1.333,4,110,132.9,131.6
2025-10-23,1.33325,2.333,5,100,129.9,128.6
2025-10-24,2.249875,3.0,9,101,133.6,132.2
2025-10-25,1.791625,3.667,8,102,127.0,125.6
2025-10-26,0.66675,1.333,3,103,123.4,121.9
2025-10-27,1.2502499999999999,3.0,5,99,121.4,119.9
2025-10-28,3.2498750000000003,4.0,18,113,122.3,120.7
2025-10-29,3.291625,4.333,19,100,118.4,116.8
2025-10-30,4.45825,5.333,37,70,120.3,118.6
2025-10-31,3.583375,4.667,23,44,125.3,123.4
2025-11-01,2.75,3.333,13,21,115.3,113.6
2025-11-02,2.9998750000000003,4.333,16,42,123.0,121.1
2025-11-03,3.416625,4.333,20,74,133.0,130.8
2025-11-04,2.16675,3.0,9,84,159.2,156.6
2025-11-05,3.333375,5.667,23,79,147.5,144.9
2025-11-06,4.333500000000001,6.667,43,109,163.7,160.8
2025-11-07,3.9998750000000003,5.333,31,130,165.8,162.7
2025-11-08,3.8748749999999994,6.0,33,142,171.9,168.7
2025-11-09,1.666625,3.0,7,154,175.6,172.3
2025-11-10,2.666625,4.333,14,151,180.3,176.8
2025-11-11,1.45825,2.667,6,149,168.0,164.7
2025-11-12,6.4167499999999995,8.667,137,137,163.3,160.0
2025-11-13,4.458500000000001,7.333,57,127,155.9,152.7
2025-11-14,0.7083750000000001,1.333,3,103,145.3,142.2
2025-11-15,1.958375,3.333,8,100,132.3,129.4
2025-11-16,3.1667499999999995,3.667,17,67,132.3,129.3
2025-11-17,2.1251249999999997,3.667,10,57,122.3,119.5
2025-11-18,0.916625,2.333,4,62,120.1,117.4
2025-11-19,0.4165,1.0,2,54,122.5,119.6
2025-11-20,1.5,3.0,6,59,121.4,118.5
2025-11-21,1.79175,2.667,7,66,121.2,118.3
2025-11-22,1.208375,2.333,5,61,119.3,116.4
2025-11-23,2.5001249999999997,3.667,11,81,119.6,116.7
2025-11-24,3.4582499999999996,4.667,20,102,116.2,113.2
2025-11-25,4.04175,4.667,29,99,116.9,113.9
2025-11-26,3.6248749999999994,4.333,23,82,120.8,117.7
2025-11-27,3.8332499999999996,4.333,25,91,120.9,117.7
2025-11-28,3.4167500000000004,4.0,20,83,138.2,134.5
2025-11-29,3.33325,4.0,19,83,170.7,166.0
2025-11-30,2.791625,4.0,14,103,180.4,175.4
2025-12-01,2.0001249999999997,3.667,9,156,196.7,191.2
2025-12-02,1.8335,2.667,7,180,200.9,195.2
2025-12-03,3.458375,6.667,31,185,209.5,203.6
2025-12-04,4.208375,5.0,32,184,219.9,213.6
2025-12-05,2.8748750000000003,3.333,14,175,206.1,200.2
2025-12-06,2.833375,4.0,14,167,199.9,194.0
2025-12-07,1.5415,3.333,7,161,194.4,188.6
2025-12-08,0.20825,1.0,1,166,186.2,180.7
2025-12-09,0.8750000000000001,1.333,4,155,183.7,178.1
2025-12-10,2.7915,6.0,19,132,168.5,163.4
2025-12-11,3.5417500000000004,6.0,27,120,146.9,142.4
2025-12-12,3.875,5.0,27,98,134.5,130.4
2025-12-13,2.708125,4.667,14,87,122.1,118.3
2025-12-14,1.41675,2.667,6,72,118.8,115.1
2025-12-15,1.1665,3.0,5,77,118.3,114.6
2025-12-16,2.416625,3.0,10,77,116.7,113.0
2025-12-17,3.0417500000000004,4.667,17,82,118.5,114.7
2025-12-18,3.083375,4.333,17,71,115.9,112.2
2025-12-19,1.583375,2.333,6,50,118.2,114.4
2025-12-20,1.500125,2.0,6,58,119.5,115.7
2025-12-21,3.7501249999999997,4.667,25,69,123.9,120.0
2025-12-22,3.666625,4.667,23,82,133.3,129.0
2025-12-23,3.4998750000000003,4.0,20,114,141.6,137.0
2025-12-24,3.375,4.333,20,131,134.2,129.8
2025-12-25,2.33325,3.0,10,127,162.5,157.2
2025-12-26,1.874875,3.333,8,127,166.4,160.9
2025-12-27,1.625125,2.667,6,147,177.7,171.8
2025-12-28,1.79175,2.667,7,161,187.7,181.6
2025-12-29,1.95825,3.0,8,147,195.8,189.4
2025-12-30,1.833375,3.0,8,146,182.1,176.1
2025-12-31,1.70825,3.333,7,145,170.5,164.8
